"lot_title_en";"lot_description_en";"category_level_1_name_en";"lot_url_en";"lot_images_image_1";"lot_images_image_2";"lot_images_image_3";"lot_id";"lot_last_bid_euro";"lot_close_time_cet"
"Ancient Egyptian Necklace made of Crystal and Faience Mummy beads with Stone and Carnelian Poppy amulets and Jasper - 46 cm (No Reserve Price)";"IMPORTANT!<br>Due to new custom regulations we can no longer ship outside the E.U. Please make sure you have an EU shipping address before bidding.<br><br>- Strung on modern wire with Gold Filled Silver Lobster Lock (925).<br><br>- Total length: 46 cm. Hanger: 3.5 cm. Average bead size: 3-4 mm.<br><br>Registered shipping.<br><br>Provenance/Known History:<br><br>Ancient Egyptian Crystal and Faience Mummy beads: Ex William Ohly 1883-1955, Abbey Museum, New Barnet, by descent. After that A&O Gallery, UK.<br><br>Ancient Egyptian Poppy and Date amulets: Ex. Private UK collection. Collected before 1970. After that A.A. Gallery, UK.<br><br>Important information:<br><br>- A declaration of authenticity by my shop is provided with this lot.<br><br>- Invoices, import- and export papers etc. will not be shared with customers.<br><br>- Please do not pay for a won item before you are finished bidding in the auction. The system will not be able to combine your orders into one shipping if all items aren't paid at once.";"Archaeology";"https://prf.hn/click/camref:1100l5ti9K/creativeref:1100l187865/destination:https%3A%2F%2Fwww.catawiki.com%2Fen%2Fl%2F98928670";"https://assets.catawiki.nl/assets/2025/10/30/7/3/6/736f0f2f-3cdc-4d6f-8009-e81ced5e9f57.jpg";"https://assets.catawiki.nl/assets/2025/10/30/b/a/4/ba453326-28b0-4296-b586-652e3d95509c.jpg";"https://assets.catawiki.nl/assets/2025/10/30/c/6/c/c6ce5e0b-8f1a-4d5a-992c-3f51501014ef.jpg";"98928670";"";"2025-11-09 17:09:40"
"Nomads Silver, Stunning red garnet stone Ring (No Reserve Price)";"A Top Silver Nomaden Ring 9-13 AD<br>Stunning red garnet<br>Very high condition<br><br>Weight: 5.29 grams<br>Size: 18.7 x 18.6 mm<br>Silver<br>See images for your own impression.<br>Own private collection inherited from Grandfather, who built the collection in the 1960's """;"Archaeology";"https://prf.hn/click/camref:1100l5ti9K/creativeref:1100l187865/destination:https%3A%2F%2Fwww.catawiki.com%2Fen%2Fl%2F98897545";"https://assets.catawiki.nl/assets/2025/10/29/a/9/9/a990e396-7e8d-4a5e-a532-92de93c26bd2.jpg";"https://assets.catawiki.nl/assets/2025/10/29/6/9/b/69b54806-3ddd-4496-82a5-2e5d0e242b49.jpg";"https://assets.catawiki.nl/assets/2025/10/29/c/d/d/cddcecbd-98cb-4734-8d8b-532220d3331f.jpg";"98897545";"";"2025-11-09 17:41:05"
"Ancient Roman Glass, Stone Ancient Roman Glass & Stone Beads Necklace (100 B.C. - 100 A.D.) (No Reserve Price)";"Ancient Roman Glass & Stone Beads Necklace in Chrome-Plated Modern Setting (100 B.C. - 100 A.D.)<br><br>Period:<br>Late Roman Republic to Early Roman Empire, circa 100 B.C. - 100 A.D.<br><br>Description:<br>This striking necklace showcases authentic Ancient Roman glass and stone beads in earthy green tones, dating back over 2,000 years to the Late Roman Republic and Early Roman Empire. The beads are elegantly set in a contemporary chrome-plated mounting, creating a harmonious fusion of ancient craftsmanship and modern design. The piece weighs approximately 5–8 grams, with a 17-inch faux leather string that provides a stylish yet durable display of this historic artifact.<br><br>Dimensions:<br><br>Total Weight of Beads with Mounting: Approx. 5–8 grams<br><br>String Length: 17 inches (Faux leather with chrome-plated setting)<br><br>Provenance:<br>The glass and stone beads originate from a carefully curated private collection of Roman antiquities. Expert verification ensures the authenticity of the materials, offering a genuine connection to the rich cultural heritage of the Roman Empire.<br><br>A Unique Collectible:<br>This Ancient Roman necklace is a true treasure for collectors and enthusiasts of antiquity. The combination of genuine ancient beads with a modern chrome-plated setting creates a wearable piece that celebrates both history and contemporary style. Its timeless design makes it a standout addition to any collection.<br><br>Please Note:<br>Although designed for modern wear, the piece should be handled with care to preserve the integrity of the ancient beads.<br><br>CUSTOMS<br>On orders outside the EU, a customs fee will be applied upon arrival in the buyer’s country.";"Archaeology";"https://prf.hn/click/camref:1100l5ti9K/creativeref:1100l187865/destination:https%3A%2F%2Fwww.catawiki.com%2Fen%2Fl%2F98824468";"https://assets.catawiki.nl/assets/2025/9/20/d/b/5/db537c8c-e818-413c-bede-49b5c17d6a5f.jpg";"https://assets.catawiki.nl/assets/2025/9/20/0/d/5/0d529310-b434-4b98-b78e-afce1ac5f496.jpg";"https://assets.catawiki.nl/assets/2025/9/20/5/7/6/576bbb1b-fb6c-4707-a09b-3f8379b541c5.jpg";"98824468";"";"2025-11-09 17:06:25"
"Ancient Egyptian Bracelet made of Glass and Faience Mummy beads with decorative Melon Bead - 16.5 cm (No Reserve Price)";"IMPORTANT!<br>Due to new custom regulations we can no longer ship outside the E.U. Please make sure you have an EU shipping address before bidding.<br><br>- Strung on modern wire with Silver Lobster Lock (925).<br><br>- Total length: 16.5 cm. Average bead size: 3-4 mm.<br><br>Registered shipping.<br><br>Provenance/Known History:<br><br>Ancient Egyptian Faience Mummy beads: Ex William Ohly 1883-1955, Abbey Museum, New Barnet, by descent. After that A&O Gallery, UK.<br><br>Ancient Roman Glass beads: UK, London Art Market, 1990's. After that A&O Gallery, UK.<br><br>Important information:<br><br>- A declaration of authenticity by my shop is provided with this lot.<br><br>- Invoices, import- and export papers etc. will not be shared with customers.<br><br>- Please do not pay for a won item before you are finished bidding in the auction. The system will not be able to combine your orders into one shipping if all items aren't paid at once.";"Archaeology";"https://prf.hn/click/camref:1100l5ti9K/creativeref:1100l187865/destination:https%3A%2F%2Fwww.catawiki.com%2Fen%2Fl%2F98928619";"https://assets.catawiki.nl/assets/2025/10/30/b/0/c/b0c9afda-fbfe-407e-8dcd-fee20205b2fa.jpg";"https://assets.catawiki.nl/assets/2025/10/30/b/4/8/b489fbf6-ab9f-4ba7-8559-11dae9ab9a61.jpg";"https://assets.catawiki.nl/assets/2025/10/30/3/5/a/35ace0d6-ca1a-4313-ae24-8ee824a8c6d7.jpg";"98928619";"";"2025-11-09 17:04:15"
"Ancient Egyptian Bracelet made of Glass and Faience Mummy beads with decorative Sun-disk amulet - 16.5 cm (No Reserve Price)";"IMPORTANT!<br>Due to new custom regulations we can no longer ship outside the E.U. Please make sure you have an EU shipping address before bidding.<br><br>- Strung on modern wire with Silver Lobster Lock (925).<br><br>- Total length: 16.5 cm. Average bead size: 3-4 mm.<br><br>Registered shipping.<br><br>Provenance/Known History:<br><br>Ancient Egyptian Faience Mummy beads: Ex William Ohly 1883-1955, Abbey Museum, New Barnet, by descent. After that A&O Gallery, UK.<br><br>Ancient Roman Glass beads: UK, London Art Market, 1990's. After that A&O Gallery, UK.<br><br>Ancient Egyptian Faience Sun-disk amulet: Ex. Private UK collection. Collected before 1970. After that A.A. Gallery, UK.<br><br>Important information:<br><br>- A declaration of authenticity by my shop is provided with this lot.<br><br>- Invoices, import- and export papers etc. will not be shared with customers.<br><br>- Please do not pay for a won item before you are finished bidding in the auction. The system will not be able to combine your orders into one shipping if all items aren't paid at once.";"Archaeology";"https://prf.hn/click/camref:1100l5ti9K/creativeref:1100l187865/destination:https%3A%2F%2Fwww.catawiki.com%2Fen%2Fl%2F98928513";"https://assets.catawiki.nl/assets/2025/10/30/9/f/4/9f40bef2-3107-4da2-a9ef-17cfb4945364.jpg";"https://assets.catawiki.nl/assets/2025/10/30/4/b/7/4b772a35-a544-439b-9984-391b68014479.jpg";"https://assets.catawiki.nl/assets/2025/10/30/a/4/6/a46d715e-0da9-41ae-bb44-1bf759c1b7c4.jpg";"98928513";"";"2025-11-09 17:23:45"
"Ancient Roman Necklace with Roman glass beads";"Please note: due to customs regulations we can only ship inside the European Union. Please ensure you have a valid EU shipping address before placing a bid. <br><br>Handmade necklace with Roman glass beads in a classic linked design. The ancient beads are carefully restrung with modern fittings, making them suitable for modern wear while preserving their historical charm.<br><br>Linking chains to craft jewellery is one of the earliest known jewellery-making techniques, appearing across various ancient cultures. The oldest known example of a chain necklace was discovered in a royal tomb in Babylonia, dating back to around 2500 BC. <br><br>Length: ± 47 cm<br>Diameter beads: ± 5,7 mm maximum<br><br>Condition: good condition and wearable. The ancient beads are restrung and combined with modern gold-plated spacer beads and fittings. Signs of wear consistent with age and use. See images.<br>Composed with beads originating from various old collections, acquired in the UK between 2016-2024.<br><br>Every ancient bead shows subtle variations and signs of age, reflecting its history and adding to the unique charm of every composition.<br><br>Certificate of Authenticity (PDF) is available upon request for lots with a hammer price of €100 or higher.<br><br><br>ANCIENT GLASS<br>Glass has always been found in nature, but the humans first created glass about 4.000 years ago. when ancient craftsmen in Mesopotamia discovered the art of mixing sand, soda and lime to make glass.<br>For centuries, glass was a luxury item and reserved for the upper classes.<br><br>Glassmaking centers around the Mediterranean world experimented with new techniques (casting, core-forming, mosaic glass) and with colours by adding metallic oxides (cobalt, copper, etc) to the mixture.<br><br>The Romans learned the glass-making craft after the conquest of Egypt in the 1st century BC. During the 1st century AD the glassblowing technique revolutionized the production and made it possible to produce larger quantities. By adding manganese dioxide Roman glassmakers successfully produced colourless or ‘aqua’ glass for the first time.<br><br>Roman glass became a very popular material, used for beads, glass windows, mosaic tiles, tableware pieces etc. Roman glass was traded all over the Roman Empire and far beyond to Central Africa, Scandinavia and via the Silk Route to China.<br>";"Archaeology";"https://prf.hn/click/camref:1100l5ti9K/creativeref:1100l187865/destination:https%3A%2F%2Fwww.catawiki.com%2Fen%2Fl%2F98885593";"https://assets.catawiki.nl/assets/2025/9/10/b/7/c/b7cadce8-a255-4573-80a2-ceb00568ec65.jpg";"https://assets.catawiki.nl/assets/2025/9/10/e/e/8/ee860b9a-9ace-4b16-8293-98faca135d8e.jpg";"https://assets.catawiki.nl/assets/2025/9/10/4/b/7/4b7a3b32-df60-4475-a881-f9d2ef7415c0.jpg";"98885593";"";"2025-11-09 17:21:35"
"Byzantine Silver, Stunning Text Cross Pendant";"SilverText Cross Pendant Byzantine 7-10 AD<br>Rare piece!!!!!<br><br>Weight: 3.11 grams<br>Height: 28.1 mm<br>Wide: 16.7 mm<br>Silver<br>See image for your own impression<br>Own private collection inherited from Grandfather, who built the collection in the 1960's """;"Archaeology";"https://prf.hn/click/camref:1100l5ti9K/creativeref:1100l187865/destination:https%3A%2F%2Fwww.catawiki.com%2Fen%2Fl%2F98889585";"https://assets.catawiki.nl/assets/2025/10/29/3/d/7/3d728a45-f65d-479b-9ab8-e0fb2b0c0590.jpg";"https://assets.catawiki.nl/assets/2025/10/29/9/e/e/9ee5096d-5414-450d-aeb9-f845ec811857.jpg";"https://assets.catawiki.nl/assets/2025/10/29/6/3/5/635ff89f-2c9f-41d3-9b47-eb60e33bd6ab.jpg";"98889585";"";"2025-11-09 17:56:15"
"Early Medieval/Byzantine Bronze Cross amulet with the 5 Wounds of Christ decorations on a Leather necklace - 42 cm (No Reserve Price)";"IMPORTANT!<br>Due to new custom regulations we can no longer ship outside the E.U. Please make sure you have an EU shipping address before bidding.<br><br>- Total length leather necklace but adjustable: 42 cm. Cross: 3 x 2 x 0.1 cm.<br><br>- This Bronze Cross was hand forged during the Middle Ages in the cradle of Christianity, the Byzantine Empire. The front side of this cross is decorated with 5 punched-dots, which represented the ""Five Wounds of Christ."" In AD 324, the first Christian Roman Emperor, Constantine the Great, transferred the Eastern Roman Empire capital to Byzantium which became Constantinople, known as ""New Rome."" The Byzantine Empire became centered on the capital of Constantinople and was ruled by Emperors in direct succession to the ancient Roman Emperors. With the eventual decline of Rome, the Church of Constantinople became the richest and most influential center of the Christian world.<br>The reign of Justinian the Great in 527-565 marked a blossoming of Byzantine culture with a building program that yielded such masterpieces as the cathedral church of the Holy Wisdom of God, Hagia Sophia. Justinian, who is considered a Saint in the Eastern Orthodox Church, created the authority of this Church, which firmly established Christianity throughout the Empire.<br>The Byzantines, who still referred to themselves as Romans, fought to shield Europe from Muslim expansion and were one of the most powerful economic, cultural and military forces in Europe and Asia Minor, existing for more than 1,000 years, until 1453. This one of a kind bronze cross was surely worn by a Byzantine citizen as a statement of faith during this amazing age of early Christendom.<br><br>Registered shipping.<br><br>Provenance/Known History:<br><br>Ex. Private UK collection. Collected before 1970. After that A.A. Gallery, UK.<br><br>Important information:<br><br>- A declaration of authenticity by my shop is provided with this lot.<br><br>- Invoices, import- and export papers etc. will not be shared with customers.<br><br>- Please do not pay for a won item before you are finished bidding in the auction. The system will not be able to combine your orders into one shipping if all items aren't paid at once.";"Archaeology";"https://prf.hn/click/camref:1100l5ti9K/creativeref:1100l187865/destination:https%3A%2F%2Fwww.catawiki.com%2Fen%2Fl%2F98928267";"https://assets.catawiki.nl/assets/2025/10/30/a/9/4/a94a4b1f-566f-4c49-92f6-02917e8ede85.jpg";"https://assets.catawiki.nl/assets/2025/10/30/8/2/9/829020fc-c29d-45ac-9eb0-85b94de405de.jpg";"https://assets.catawiki.nl/assets/2025/10/30/c/1/7/c177cafc-decb-4fd5-84e3-804373acce4b.jpg";"98928267";"";"2025-11-09 18:00:35"
"Ancient Roman Carnelian Pendant, wire-wrapped";"Attention: due to customs regulations we can only ship inside the European Union. Please ensure you have a valid EU shipping address before placing a bid. <br><br>Pendant set with an authentic Roman carnelian bead, wire-wrapped and fitted with a handmade bail. The ancient bead, dating to the Roman period, has been re-mounted with modern fittings, making it suitable for modern wear while preserving its historical charm.<br><br>The wire-wrapping technique, dating back to around 2000 BC, was a favoured method among ancient jewellery makers of many ancient civilizations. Renowned for its versatility and durability, this technique was cherished throughout history for creating intricate and timeless designs.<br><br>Length: ± 35 mm (including bail) <br><br>Condition: good condition and wearable. The ancient bead is restrung and combined with modern materials and fittings. Signs of wear consistent with age and use. See images.<br>Composed with beads originating from various old collections, acquired in the UK between 2016-2024.<br><br>Every ancient bead shows subtle variations and signs of age, reflecting its history and adding to the unique charm of every composition.<br><br>Certificate of Authenticity (PDF) is available upon request.<br><br><br>CARNELIAN stone was treasured throughout the Greco-Roman antiquity. Like the Egyptians they believed carnelian had magical powers; it was believed it could ward off evil, help the blood circulation and make the skin look healthy and youthful. <br>Carnelian was often worn by Roman soldiers to boost their courage, vitality, confidence and physical powers. For women it was especially worn to improve fertility, cure frigidity and to help strengthen the body before and after childbirth. <br>";"Archaeology";"https://prf.hn/click/camref:1100l5ti9K/creativeref:1100l187865/destination:https%3A%2F%2Fwww.catawiki.com%2Fen%2Fl%2F99078791";"https://assets.catawiki.nl/assets/2025/8/28/2/c/b/2cb0e9d8-db9f-428e-8a02-e00e0ae08f12.jpg";"https://assets.catawiki.nl/assets/2025/8/28/d/3/e/d3efc06c-38b3-4963-9d4b-ec7e8f0f293d.jpg";"https://assets.catawiki.nl/assets/2025/8/28/3/f/d/3fd34b4b-20ee-4a35-9abb-e4c8d067c002.jpg";"99078791";"1";"2025-11-16 17:04:15"
"Ancient Roman Bracelet, with Roman glass beads";"Attention: due to customs regulations we can only ship inside the European Union. Please ensure you have a valid EU shipping address before placing a bid. <br><br>Handcrafted bracelet featuring Roman green glass beads in a timeless linked design. The authentic ancient beads are restrung with modern fittings, combining historical charm with contemporary wearability.<br><br>Linking chains to craft jewellery is one of the earliest known jewellery-making techniques, appearing across various ancient cultures. The oldest known example of a chain necklace was discovered in a royal tomb in Babylonia, dating back to around 2500 BC. <br><br>Length: ± 23 cm<br>Diameter beads: ± 7,5 mm maximum<br><br>Condition: good condition and wearable, generous sized bracelet. The ancient beads are restrung and combined with modern gold-plated spacer beads and fittings. Signs of wear consistent with age and use. See images.<br>Composed with beads originating from various old collections, acquired in the UK between 2016-2024.<br><br>Every ancient bead shows subtle variations and signs of age, reflecting its history and adding to the unique charm of every composition.<br><br>Certificate of Authenticity (PDF) is available upon request.<br><br><br>ANCIENT GLASS<br>Glass has always been found in nature, but the humans first created glass about 4.000 years ago. when ancient craftsmen in Mesopotamia discovered the art of mixing sand, soda and lime to make glass.<br>For centuries, glass was a luxury item and reserved for the upper classes.<br><br>Glassmaking centers around the Mediterranean world experimented with new techniques (casting, core-forming, mosaic glass) and with colours by adding metallic oxides (cobalt, copper, etc) to the mixture.<br><br>The Romans learned the glass-making craft after the conquest of Egypt in the 1st century BC. During the 1st century AD the glassblowing technique revolutionized the production and made it possible to produce larger quantities. By adding manganese dioxide Roman glassmakers successfully produced colourless or ‘aqua’ glass for the first time.<br><br>Roman glass became a very popular material, used for beads, glass windows, mosaic tiles, tableware pieces etc. Roman glass was traded all over the Roman Empire and far beyond to Central Africa, Scandinavia and via the Silk Route to China.<br>";"Archaeology";"https://prf.hn/click/camref:1100l5ti9K/creativeref:1100l187865/destination:https%3A%2F%2Fwww.catawiki.com%2Fen%2Fl%2F99083291";"https://assets.catawiki.nl/assets/2025/9/10/b/2/e/b2e8efa2-19a9-466f-a647-480f8720fb7d.jpg";"https://assets.catawiki.nl/assets/2025/9/10/3/2/9/3296f9d4-71f9-4e70-9d9a-c87cc177f921.jpg";"https://assets.catawiki.nl/assets/2025/9/10/6/4/7/647a8024-2b1a-4fb9-8b8f-420bb8d0c87a.jpg";"99083291";"115";"2025-11-16 17:51:55"
"Ancient Egyptian Necklace made of Turquoise and Faience Mummy beads with Toth amulet - 45 cm (No Reserve Price)";"IMPORTANT!<br>Due to new custom regulations we can no longer ship outside the E.U. Please make sure you have an EU shipping address before bidding.<br><br>- Strung on modern wire with Silver Lobsterlock(925).<br><br>- Total length: 45 cm. Hanger 2,2 cm. Average bead size: 3-4 mm.<br><br>- Amulets often represent deities in order to invoke their protection and specific powers. Such amulets were used by the living and often placed on mummies as well. The piece here depicts the god Thoth as a man with an ibis-head. Thoth was the god of knowledge and writing, and he was thought to have healing powers. Thoth amulets were popular mummy amulets, which possibly relates to his healing powers and to his role as recorder of the final judgment, in which it was determined if the deceased had lived a virtuous life.<br><br>- See last picture as a parallel: https://prf.hn/click/camref:1100l5ti9K/creativeref:1100l187865/destination:https%3A%2F%2Fwww.metmuseum.org%2Fart%2Fcollection%2Fsearch%2F552980<br><br>Registered shipping.<br><br>Provenance/Known History:<br><br>Ancient Egyptian Faience Mummy beads: Ex William Ohly 1883-1955, Abbey Museum, New Barnet, by descent. After that A&O Gallery, UK.<br><br>Ancient Egyptian Turquoise beads: Ex. Private UK collection. Collected before 1970. After that J.T.O., The Netherlands.<br><br>Ancient Egyptian Faience Thoth amulet: Ex. Private UK collection. Collected before 1970. After that A.A. Gallery, UK.<br><br>Important information:<br><br>- A declaration of authenticity by my shop is provided with this lot.<br><br>- Invoices, import- and export papers etc. will not be shared with customers.<br><br>- Please do not pay for a won item before you are finished bidding in the auction. The system will not be able to combine your orders into one shipping if all items aren't paid at once.";"Archaeology";"https://prf.hn/click/camref:1100l5ti9K/creativeref:1100l187865/destination:https%3A%2F%2Fwww.catawiki.com%2Fen%2Fl%2F99084573";"https://assets.catawiki.nl/assets/2025/11/6/8/1/b/81b70235-bcfe-40ef-b66a-ddcfb9f9687e.jpg";"https://assets.catawiki.nl/assets/2025/11/6/6/9/b/69b2eef8-2624-4791-8fb6-f5e90ef622f8.jpg";"https://assets.catawiki.nl/assets/2025/11/6/4/e/2/4e284452-f823-4234-b0b3-724c39f31aa5.jpg";"99084573";"6";"2025-11-16 17:07:30"
"Ancient Roman, Empire Ring with Roman decorated blue glass bead (No Reserve Price)";"Please note: due to customs regulations we can only ship inside the European Union. Please ensure you have a valid EU shipping address before placing a bid. <br><br>Ring with a decorated Roman blue glass bead. The ancient bead is set on a modern gold-plated ring and is partly free to rotate (swivel-type).<br><br>Outside diameter: ± 24,1 mm<br>Inside diameter: ± 17,6 - 21,1 mm<br>Diameter bead: ± 4,8 mm<br><br>Condition: good condition and wearable. The ancient bead is combined with modern gold-plated spacer beads and fittings. Signs of wear consistent with age and use. See images.<br><br>Every ancient bead shows subtle variations and signs of age, reflecting its history and adding to the unique charm of every composition.<br><br>Certificate of Authenticity (PDF) is available upon request for lots with a hammer price of €100 or higher.<br><br><br>ANCIENT GLASS<br>Glass has always been found in nature, but the humans first created glass about 4.000 years ago. when ancient craftsmen in Mesopotamia discovered the art of mixing sand, soda and lime to make glass.<br>For centuries, glass was a luxury item and reserved for the upper classes.<br><br>Glassmaking centers around the Mediterranean world experimented with new techniques (casting, core-forming, mosaic glass) and with colours by adding metallic oxides (cobalt, copper, etc) to the mixture.<br><br>The Romans learned the glass-making craft after the conquest of Egypt in the 1st century BC. During the 1st century AD the glassblowing technique revolutionized the production and made it possible to produce larger quantities. By adding manganese dioxide Roman glassmakers successfully produced colourless or ‘aqua’ glass for the first time.<br><br>Roman glass became a very popular material, used for beads, glass windows, mosaic tiles, tableware pieces etc. Roman glass was traded all over the Roman Empire and far beyond to Central Africa, Scandinavia and via the Silk Route to China.<br>";"Archaeology";"https://prf.hn/click/camref:1100l5ti9K/creativeref:1100l187865/destination:https%3A%2F%2Fwww.catawiki.com%2Fen%2Fl%2F99078725";"https://assets.catawiki.nl/assets/2025/6/22/1/c/3/1c36faa6-fa0e-4f12-bc97-0bf3ab9f2bea.jpg";"https://assets.catawiki.nl/assets/2025/6/22/8/a/6/8a6c4272-30fb-4974-b42d-acf80a3b520d.jpg";"https://assets.catawiki.nl/assets/2025/6/22/d/9/c/d9c4a237-e957-452f-9faa-9a987da6dacf.jpg";"99078725";"27";"2025-11-16 17:27:00"
"Ancient Roman Necklace with wire-wrapped Roman blue glass beads and spiral details";"Attention: due to customs regulations we can only ship inside the European Union. Please ensure you have a valid EU shipping address before placing a bid. <br><br>A handmade pendant with wire-wrapped Roman blue glass beads and spiral details. The pendant is attached on a modern jasseron necklace, making it suitable for modern wear.<br>The pendant will be delivered in a jewellery box, a perfect gift for any occasion.<br><br>The wire-wrapping technique, dating back to around 2000 BC, was a favoured method among ancient jewellery makers of many ancient civilizations. Renowned for its versatility and durability, this technique was cherished throughout history for creating intricate and timeless designs.<br><br>Length: ± 47 cm<br>Length pendant: ± 53 mm<br><br>Condition: good condition and wearable. The ancient beads are restrung and combined with modern gold-plated spacer beads and fittings. Signs of wear consistent with age and use. See images.<br>Composed with beads originating from various old collections, acquired in the UK between 2016-2024.<br><br>Every ancient bead shows subtle variations and signs of age, reflecting its history and adding to the unique charm of every composition.<br><br>Certificate of Authenticity (PDF) is available upon request.<br><br><br>SPIRAL<br>The spiral is one of the oldest symbols of human spirituality. Spiral motifs appear in ancient carvings and painted rock art dating back thousands of years The infinite, twisting spiral was a favourite of the ancient Greeks and Celts and has continued to influence artists, thinkers and designers for millennia. <br><br>It is thought to represent growth, expansion, cosmic energy and a symbol of the sun, and it has been suggested to be linked to birth or rebirth. Spirals have been found in burial sites, in vases, in jewellery, clothing, weapons and buildings. <br><br>Throughout history, the spiral has been a highly valued design in Roman, Anglo-Saxon, and Viking art, and continues to be appreciated to this day.<br><br><br>ANCIENT GLASS<br>Glass has always been found in nature, but the humans first created glass about 4.000 years ago. when ancient craftsmen in Mesopotamia discovered the art of mixing sand, soda and lime to make glass.<br>For centuries, glass was a luxury item and reserved for the upper classes.<br><br>Glassmaking centers around the Mediterranean world experimented with new techniques (casting, core-forming, mosaic glass) and with colours by adding metallic oxides (cobalt, copper, etc) to the mixture.<br><br>The Romans learned the glass-making craft after the conquest of Egypt in the 1st century BC. During the 1st century AD the glassblowing technique revolutionized the production and made it possible to produce larger quantities. By adding manganese dioxide Roman glassmakers successfully produced colourless or ‘aqua’ glass for the first time.<br><br>Roman glass became a very popular material, used for beads, glass windows, mosaic tiles, tableware pieces etc. Roman glass was traded all over the Roman Empire and far beyond to Central Africa, Scandinavia and via the Silk Route to China.<br>";"Archaeology";"https://prf.hn/click/camref:1100l5ti9K/creativeref:1100l187865/destination:https%3A%2F%2Fwww.catawiki.com%2Fen%2Fl%2F99083184";"https://assets.catawiki.nl/assets/2025/9/9/8/d/5/8d5ec9cb-8e81-4c09-8104-9c3bb68d8c87.jpg";"https://assets.catawiki.nl/assets/2025/9/9/d/1/6/d160f45a-8da4-4081-8b10-39256fc028ea.jpg";"https://assets.catawiki.nl/assets/2025/9/9/1/6/8/16869f0f-a4f2-473d-b5ff-7824b0cfecfc.jpg";"99083184";"1";"2025-11-16 17:45:25"
"Over 600 ancient mummy beads (swiss collection before 1972) - Egypt (No Reserve Price)";"During ancient Egyptian times, virtually everyone wore beads, male, female, young and old. The Egyptian word for luck was ""sha"", ""sha sha"" meant bead. Beads were worn to protect the wearer from misfortune. Some mummies were buried with thousands of beads! Egyptians believed that these beads would give them comfort in the afterlife.<br><br>These mummy beads were crafted ca 2500 years ago in Egypt out of faience. The faience paste was rolled around a string and cut into thin discs or tubular shapes.<br><br>These ancient beads come with a COA ( Certificate of Authenticity) stating the provenance (Swiss Collection before 1972).<br><br>- Over 600 ancient Egyptian faience beads. 100 beads make lots of earrings or a bracelet <br>- Colors: shades of green and blue with some browns and greys<br>- Size: ca 1-12 mm, most are around 4 mm<br>- The beads are datable 664-332 B.C, very good condition according with age and use. <br>- The beads will be carefully wrapped.";"Archaeology";"https://prf.hn/click/camref:1100l5ti9K/creativeref:1100l187865/destination:https%3A%2F%2Fwww.catawiki.com%2Fen%2Fl%2F98941925";"https://assets.catawiki.nl/assets/2025/10/31/3/c/9/3c9649bb-81a2-4458-b955-c9069cb90231.jpg";"https://assets.catawiki.nl/assets/2025/10/31/0/c/7/0c755903-eb0d-4f01-9b68-4cef9c674bf5.jpg";"https://assets.catawiki.nl/assets/2025/10/31/4/5/1/451bcebc-c306-46a3-a4fd-2e6ed59c38c0.jpg";"98941925";"35";"2025-11-16 17:22:40"
"Chinese–Siberian Big purchase Perlentalisman - 47 mm (No Reserve Price)";"A rare talisman made from natural banded agate beads from the ancient Chinese-Siberian culture, 1st millennium AD or older.<br><br>In good condition. It was cleaned in a tumbler, so its surface is shiny and smooth. Original, antique, hand-cut, carved, and polished. The holes are antique, handmade, irregular, funnel-shaped. Signs of use and age on its surface.<br><br>Mid-1990s in Budapest, purchased by Dr. Zelnik from the collection of a former ambassador to Mongolia.<br><br>Important information:<br><br>The seller guarantees that they are authorized to ship this item. Due to the complicated cultural laws, we can only ship this item within the EU and to the United Kingdom or Switzerland.<br><br>Provenance:<br><br>This article comes from the collection of Dr. István Zelnik, which is the result of over 50 years of collecting.<br>Former diplomat, collector of Asian art, researcher.<br><br>Publications:<br><br>More than 20 essays on Southeast Asian politics and economics.<br>Co-author of 10 albums and books on Southeast Asian art.";"Archaeology";"https://prf.hn/click/camref:1100l5ti9K/creativeref:1100l187865/destination:https%3A%2F%2Fwww.catawiki.com%2Fen%2Fl%2F98778936";"https://assets.catawiki.nl/assets/2025/6/2/9/6/f/96fef3b8-979b-4adf-af18-3386c9e1300b.jpg";"https://assets.catawiki.nl/assets/2025/6/2/0/d/c/0dc9cff6-d8c8-44e1-a899-b323fdf5e966.jpg";"https://assets.catawiki.nl/assets/2025/6/2/3/d/2/3d21c2da-cf98-4081-b771-6b70122da4a1.jpg";"98778936";"1";"2025-11-16 17:57:20"
"Celtic Druid Bird Amulet Pendant (No Reserve Price)";"Attention: due to customs regulations we can only ship inside the European Union. Please ensure you have a valid EU shipping address before placing a bid. <br><br>Ancient Celtic bronze bird amulet, complete with integral suspension loop and a few original bronze suspension links. The amulet will be delivered on a modern leather jewellery cord, suitable for modern wear. <br><br>In the Celtic and Roman world birds were seen as messengers from the divine and bringers of good or ill omen.<br>Druids, the spiritual leaders of the Celts, revered birds for their ability to soar high above the earth and communicate with the divine. They believed that their songs and flight patterns held hidden meanings.<br><br>Length bird amulet: ± 35,8 mm<br>Condition: good and solid condition, attractive dark green patina, wearable. Signs of wear consistent with age and use. <br><br>Certificate of Authenticity: available upon request (pdf-format) for items with a hammer price of € 100 or more.<br>";"Archaeology";"https://prf.hn/click/camref:1100l5ti9K/creativeref:1100l187865/destination:https%3A%2F%2Fwww.catawiki.com%2Fen%2Fl%2F96557432";"https://assets.catawiki.nl/assets/2025/7/6/b/6/9/b69f00d3-3197-4ef6-b281-1fb7831bd179.jpg";"https://assets.catawiki.nl/assets/2025/7/6/a/8/0/a80b8d70-1400-460b-802b-63f0104dc409.jpg";"https://assets.catawiki.nl/assets/2025/7/6/1/8/2/18295d34-72a6-4fa4-a620-6a3a0e358988.jpg";"96557432";"1";"2025-11-16 17:29:10"
"Ancient Roman carnelian Intaglio (No Reserve Price)";"Letter of Provenance<br><br>This document serves as a statement of provenance for this item describe. <br><br><br>The above mentioned item has been in the possession of the family of a private collector since the 1990s. It was legally acquired at that time and has remained in private ownership through successive generations.<br><br>To the best of our knowledge, the item has not been subject to any legal dispute, claim, or restriction. It remains in compliance with all applicable laws governing ownership and transfer.<br><br>This statement is issued in good faith and affirms the continuous and legitimate chain of ownership since its acquisition.";"Archaeology";"https://prf.hn/click/camref:1100l5ti9K/creativeref:1100l187865/destination:https%3A%2F%2Fwww.catawiki.com%2Fen%2Fl%2F98462126";"https://assets.catawiki.nl/assets/2025/10/10/5/8/6/586b8b0a-19dc-4c5c-9b62-4ab3abf45e40.jpg";"https://assets.catawiki.nl/assets/2025/10/10/b/5/1/b51d52e0-81ea-42ad-8cc0-20c7420c1297.jpg";"https://assets.catawiki.nl/assets/2025/10/10/c/7/f/c7f5e30d-a4ac-4259-92cb-6f166f7c5709.jpg";"98462126";"30";"2025-11-13 21:38:30"
"Ancient Greek Bronze Arrowhead - 3 cm (No Reserve Price)";"A beautiful ancient Greek arrowhead transformed into antique jewelry using a durable, allergy-resistant sterling silver cord with a cross and skull bead.<br>Date from 200 B.C. and belonging to a batch of 8 pieces acquired at an auction house and previously owned by a private collector in 1966.<br>A statement sheet is provided since such a sheet in these pieces is a synonym of guarantee and legitimacy.<br>Customs costs outside the European Union will be paid by the winning bidder.";"Archaeology";"https://prf.hn/click/camref:1100l5ti9K/creativeref:1100l187865/destination:https%3A%2F%2Fwww.catawiki.com%2Fen%2Fl%2F98758250";"https://assets.catawiki.nl/assets/2025/10/23/2/0/9/2099129f-5e86-45f7-b48d-a1fd08ba842e.jpg";"https://assets.catawiki.nl/assets/2025/10/23/5/6/a/56a26134-e3f6-486a-8759-14ecc7dc7993.jpg";"https://assets.catawiki.nl/assets/2025/10/23/1/3/b/13b99e08-f64c-41ae-8e4c-43963b151796.jpg";"98758250";"30";"2025-11-13 20:51:00"
"Medieval, Crusaders Era finger ring";"Medieval bronze ring with a beautiful green patina in very good condition, can be worn as jewelry, originally from an old Belgian collection from 1994. The inner diameter of the ring measures 19mm.";"Archaeology";"https://prf.hn/click/camref:1100l5ti9K/creativeref:1100l187865/destination:https%3A%2F%2Fwww.catawiki.com%2Fen%2Fl%2F99004196";"https://assets.catawiki.nl/assets/2025/9/27/9/8/0/98064fcc-bce7-448a-9e26-b97a257ea49b.jpg";"https://assets.catawiki.nl/assets/2025/9/27/d/1/d/d1d7813f-d210-4815-bed9-241ef8111a85.jpg";"https://assets.catawiki.nl/assets/2025/9/27/6/c/f/6cf64423-17d3-43fd-ac91-5a7e41fb326b.jpg";"99004196";"1";"2025-11-13 21:31:50"
"Medieval set of bronze rings - 11 pcs. In good condition. (No Reserve Price)";"Medieval set of bronze rings -11 pcs. In good condition.<br><br>Medieval period 1000-1700 AD.<br>Good condition. Signs of wear consistent with age and use. Suitable for wearing.100% original.Look at many photos for your own impression.<br>Material: bronze<br>Size : 23 x 12 mm.<br>Weight: 27.65 grams.<br>The item was purchased in 2015 in Barcelona, ​​Spain from G.A. as part of a private Spanish collection dating back to the 1980s.";"Archaeology";"https://prf.hn/click/camref:1100l5ti9K/creativeref:1100l187865/destination:https%3A%2F%2Fwww.catawiki.com%2Fen%2Fl%2F99079557";"https://assets.catawiki.nl/assets/2025/11/6/3/0/d/30d596aa-3450-4a36-9d47-22939c6fe854.jpg";"https://assets.catawiki.nl/assets/2025/11/6/c/5/a/c5adf19b-84c8-48a7-92f2-d1c87e5594e7.jpg";"https://assets.catawiki.nl/assets/2025/11/6/8/e/9/8e9d0188-7fa8-4ccf-91f7-4a79000a12c5.jpg";"99079557";"63";"2025-11-13 21:41:50"
"Medieval, Crusaders Era Silver Ring with star of Bethlehem (No Reserve Price)";"Heavy Crusaders era silver ring engraved with the star of Bethlehem.<br><br>Substantial solid-silver ring featuring an oval bezel engraved with a diamond- or eye-shaped field enclosing a cross-form of intersecting lines reminiscent of bind-runes.<br><br><br><br><br>Material: Silver<br>Weight: 10.2 g<br>Diameter: 28.5 mm (very large ring)<br>Condition: Excellent, intact; minor surface wear, attractive natural patina.<br><br><br>";"Archaeology";"https://prf.hn/click/camref:1100l5ti9K/creativeref:1100l187865/destination:https%3A%2F%2Fwww.catawiki.com%2Fen%2Fl%2F99051843";"https://assets.catawiki.nl/assets/2025/11/5/b/3/2/b3215767-dd94-4b56-8aa9-cbc24bbfbfd5.jpg";"https://assets.catawiki.nl/assets/2025/11/5/2/b/2/2b24ebd5-964a-41fa-a9b0-cc4c908994f8.jpg";"https://assets.catawiki.nl/assets/2025/11/5/7/3/4/7346aaf9-ea5c-4250-ac45-39fc25e0f8e4.jpg";"99051843";"34";"2025-11-13 20:26:00"
"Medieval, Crusaders Era finger ring";"Medieval bronze ring with a beautiful green patina in very good condition, can be worn as jewelry, originally from an old Belgian collection from 1994. The inner diameter of the ring measures 17mm.";"Archaeology";"https://prf.hn/click/camref:1100l5ti9K/creativeref:1100l187865/destination:https%3A%2F%2Fwww.catawiki.com%2Fen%2Fl%2F98966750";"https://assets.catawiki.nl/assets/2025/9/27/1/f/6/1f67bea9-7492-4056-9111-4a3f1e23569e.jpg";"https://assets.catawiki.nl/assets/2025/9/27/a/a/c/aacaf961-32ec-450b-90f3-6dc857a2ae5d.jpg";"https://assets.catawiki.nl/assets/2025/9/27/1/6/7/167fec13-2914-45e9-b60d-32486cc7d80d.jpg";"98966750";"1";"2025-11-13 21:06:50"
"Ancient Egyptian Faience Bead Necklace in modern Ring (No Reserve Price)";"Egyptian Faience Bead Necklace (Roman Period, 1550 B.C.–332 A.D.)<br><br>Faience, known for its lustrous glaze and vibrant colours, was highly prized in ancient Egypt for its symbolic and aesthetic value.<br><br>The central faience bead, handcrafted over 2,000 years ago, is beautifully presented in a soft metal setting that complements its ancient charm. Although it can be worn as a ring, its relatively small size makes it more suitable—and striking—when worn as a pendant, as shown. The setting, while not hard, delicately enhances the bead’s beauty in an unconventional and refined way.<br><br>The piece is strung on a 17-inch modern faux leather black cord, weighing approximately 4.5 grams. While the string and setting are contemporary additions, the bead itself remains an authentic artefact of the ancient world, offering a timeless connection to Egypt’s rich past.<br><br>The turquoise and earthy tones of the faience bead represent life, rebirth, and protection—central themes in ancient Egyptian culture. This rare piece harmonises antiquity with modern design, allowing history to be worn close to the heart.<br><br>Condition: Excellent ancient bead, set in soft metal and restrung on modern cord for durability.<br>Dimensions: Approx. 17 inches in length, 4.5 grams in weight.<br>Period: Roman Period (1550 B.C.–332 A.D.).<br>Provenance: Acquired from an established antiquities auction house.<br><br>A must-have for collectors of ancient jewellery or anyone who appreciates the enduring artistry and symbolism of ancient Egypt.<br><br>****Please note: Orders shipped outside the EU may be subject to customs fees and import duties.****";"Archaeology";"https://prf.hn/click/camref:1100l5ti9K/creativeref:1100l187865/destination:https%3A%2F%2Fwww.catawiki.com%2Fen%2Fl%2F98766985";"https://assets.catawiki.nl/assets/2025/10/23/1/9/1/191948a9-e693-43da-839e-7b8cfdcd117a.jpg";"https://assets.catawiki.nl/assets/2025/10/23/5/6/a/56a57d8f-1494-48b2-9271-76d197857636.jpg";"https://assets.catawiki.nl/assets/2025/10/23/0/d/0/0d0fee01-1b8d-4397-8f64-941333dbaae7.jpg";"98766985";"3";"2025-11-13 21:19:20"
"Ancient Roman Bronze ring (No Reserve Price)";"Letter of Provenance<br><br>This document serves as a statement of provenance for this item described.<br><br>The mentioned item has been in the possession of the family of a private collector since the 1990s. It was legally acquired at that time and has remained in private ownership through successive generations.<br><br>To the best of our knowledge, the item has not been subject to any legal dispute, claim, or restriction. It remains in compliance with all applicable laws governing ownership and transfer.<br><br>This statement is issued in good faith and affirms the continuous and legitimate chain of ownership since its acquisition.";"Archaeology";"https://prf.hn/click/camref:1100l5ti9K/creativeref:1100l187865/destination:https%3A%2F%2Fwww.catawiki.com%2Fen%2Fl%2F98897179";"https://assets.catawiki.nl/assets/2025/10/29/5/1/4/5146dacd-62b8-42ef-90b7-0c197fd86792.jpg";"https://assets.catawiki.nl/assets/2025/10/29/7/4/8/7486e295-f949-4d7d-afd5-dfdf91b7a361.jpg";"https://assets.catawiki.nl/assets/2025/10/29/c/a/3/ca3bb4b1-26b3-47f7-92d7-29937ee9a862.jpg";"98897179";"3";"2025-11-13 20:41:00"
"Celtic Silver Bracelet (No Reserve Price)";"Letter of Provenance<br><br>This document serves as a statement of provenance for this item described.<br><br>The mentioned item has been in the possession of the family of a private collector since the 1990s. It was legally acquired at that time and has remained in private ownership through successive generations.<br><br>To the best of our knowledge, the item has not been subject to any legal dispute, claim, or restriction. It remains in compliance with all applicable laws governing ownership and transfer.<br><br>This statement is issued in good faith and affirms the continuous and legitimate chain of ownership since its acquisition.";"Archaeology";"https://prf.hn/click/camref:1100l5ti9K/creativeref:1100l187865/destination:https%3A%2F%2Fwww.catawiki.com%2Fen%2Fl%2F98897146";"https://assets.catawiki.nl/assets/2025/10/29/e/0/c/e0c2b9b2-97eb-4053-9a83-113f0b2873e2.jpg";"https://assets.catawiki.nl/assets/2025/10/29/2/f/c/2fc46109-3d2c-4d36-b555-c973d0bdd81a.jpg";"https://assets.catawiki.nl/assets/2025/10/29/8/d/8/8d87ceab-1139-4fd5-b34d-4bb156432ea8.jpg";"98897146";"4";"2025-11-13 20:13:30"
"Ancient Roman Bronze Key. 1st-3rd century AD. 5.6 cm length. (No Reserve Price)";"Key.<br><br>Ancient Roman, 1st-3rd century AD.<br><br>Bronze.<br><br>5.6 cm length.<br><br>PROVENANCE: Private collection, Netherlands. Acquired between 1960-1980.<br><br>CONDITION: Good Condition. <br><br><br><br><br><br>Notes: <br>The seller guarantees that he acquired this piece according to all national and international laws related to the ownership of cultural property. Provenance statement seen by Catawiki.<br>The seller will take care that any necessary permits, like an export license will be arranged, he will inform the buyer about the status of it if this takes more than a few days.<br>The piece includes authenticity certificate. <br>The piece includes Spanish Export License.";"Archaeology";"https://prf.hn/click/camref:1100l5ti9K/creativeref:1100l187865/destination:https%3A%2F%2Fwww.catawiki.com%2Fen%2Fl%2F97717279";"https://assets.catawiki.nl/assets/2025/9/6/b/1/4/b148b568-e5ef-4f8c-a54d-c58d7bc15539.jpg";"https://assets.catawiki.nl/assets/2025/9/6/a/5/1/a51f0961-a59b-4378-b058-eea740fafe47.jpg";"https://assets.catawiki.nl/assets/2025/9/6/1/8/e/18ee4299-5faf-411a-a3ab-ef0a5ca2ba7d.jpg";"97717279";"25";"2025-11-13 20:22:40"
"Ancient Roman Bronze Ring (No Reserve Price)";"Letter of Provenance<br><br>This document serves as a statement of provenance for this item described.<br><br>The mentioned item has been in the possession of the family of a private collector since the 1990s. It was legally acquired at that time and has remained in private ownership through successive generations.<br><br>To the best of our knowledge, the item has not been subject to any legal dispute, claim, or restriction. It remains in compliance with all applicable laws governing ownership and transfer.<br><br>This statement is issued in good faith and affirms the continuous and legitimate chain of ownership since its acquisition.";"Archaeology";"https://prf.hn/click/camref:1100l5ti9K/creativeref:1100l187865/destination:https%3A%2F%2Fwww.catawiki.com%2Fen%2Fl%2F98853323";"https://assets.catawiki.nl/assets/2025/10/28/9/b/4/9b480ea9-4461-43ea-9f8d-ed267e6e9486.jpg";"https://assets.catawiki.nl/assets/2025/10/28/0/8/0/0805e48e-b543-486a-b313-71e2efea8f0e.jpg";"https://assets.catawiki.nl/assets/2025/10/28/c/b/a/cba0f713-0fe5-4ed7-8edb-73e68fefedc1.jpg";"98853323";"1";"2025-11-13 20:56:00"
"Byzantine Bronze, Pendant with a rare and beautiful bronze cross - 28 mm - 7th/9th century AD Pendant (No Reserve Price)";"";"Archaeology";"https://prf.hn/click/camref:1100l5ti9K/creativeref:1100l187865/destination:https%3A%2F%2Fwww.catawiki.com%2Fen%2Fl%2F98087778";"https://assets.catawiki.nl/assets/2025/9/23/1/1/6/11685c40-523c-42e2-b4b2-348e6c6ba033.jpg";"https://assets.catawiki.nl/assets/2025/9/23/b/6/5/b65483c4-5773-4eed-83ad-222674e54c2d.jpg";"https://assets.catawiki.nl/assets/2025/9/23/6/3/5/635f94a3-3323-442e-ba3f-c06ae6fd27df.jpg";"98087778";"10";"2025-11-13 20:41:50"
"Ancient Egypt Lotus flower, God Bes, and Maat feathers amulets - 2.5 cm";"";"Archaeology";"https://prf.hn/click/camref:1100l5ti9K/creativeref:1100l187865/destination:https%3A%2F%2Fwww.catawiki.com%2Fen%2Fl%2F99027065";"https://assets.catawiki.nl/assets/2024/4/4/0/4/f/04f0eff9-52d5-4943-8d11-57e0c9dabf80.jpg";"https://assets.catawiki.nl/assets/2024/4/4/1/d/2/1d211431-48e0-4246-a176-ca73f9b0439e.jpg";"https://assets.catawiki.nl/assets/2024/4/4/0/8/8/0883f15a-d32d-453a-b4c0-e983017b98dd.jpg";"99027065";"1";"2025-11-13 21:06:00"
"Ancient Roman Earrings made of decorative Glass beads - 4.5 cm (No Reserve Price)";"IMPORTANT!<br>Due to new custom regulations we can no longer ship outside the E.U. Please make sure you have an EU shipping address before bidding.<br><br>- Strung on modern wire with Silver Earrings(925).<br><br>- Total length: 4.5 cm. Average bead size: 3-5 mm.<br><br>Registered shipping.<br><br>Provenance/Known History:<br><br>UK, London Art Market, 1990's. After that A&O Gallery, UK.<br><br>Important information:<br><br>- A declaration of authenticity by my shop is provided with this lot.<br><br>- Invoices, import- and export papers etc. will not be shared with customers.<br><br>- Please do not pay for a won item before you are finished bidding in the auction. The system will not be able to combine your orders into one shipping if all items aren't paid at once.";"Archaeology";"https://prf.hn/click/camref:1100l5ti9K/creativeref:1100l187865/destination:https%3A%2F%2Fwww.catawiki.com%2Fen%2Fl%2F99086118";"https://assets.catawiki.nl/assets/2025/11/6/3/e/a/3ea5ce2f-7d9d-4873-a1e6-4b414e56fab7.jpg";"https://assets.catawiki.nl/assets/2025/11/6/a/a/1/aa1c3966-291d-4b1c-82ed-5bcab6475c97.jpg";"https://assets.catawiki.nl/assets/2025/11/6/b/f/7/bf70002a-4476-44f5-bbb9-133635fe8a08.jpg";"99086118";"1";"2025-11-13 20:08:30"
"Byzantine Bronze Weight (No Reserve Price)";"ITEM: Weight<br>MATERIAL: Bronze<br>CULTURE: Byzantine<br>PERIOD: 10th - 13th Century A.D<br>DIMENSIONS: 15 mm x 20 mm<br>CONDITION: Good condition<br>PROVENANCE: Ex English private collection, London, acquired between 1980s<br><br>Comes with Certificate of Authenticity and Export license<br><br>If you bid outside the european union and win the item, we will have to apply for an export licence for your country and shipping will take 3 to 5 weeks.<br><br>Polyhedron weights were common in the Byzantine period as a means of measuring and standardizing the weight of various goods for trade and commerce. These weights were typically small, geometrically shaped objects made of materials such as bronze, lead, or stone, and they were often inscribed with numerical markings indicating their weight. Polyhedron weights took on various forms, including cubes, octahedrons, dodecahedrons, and other geometric shapes, each with a specific weight value corresponding to its size and density.<br><br>The use of polyhedron weights in Byzantine commerce helped ensure fairness and accuracy in transactions by providing a standardized system of measurement. Merchants and traders relied on these weights to determine the value of goods such as precious metals, grains, and other commodities, facilitating trade and economic exchange within the Byzantine Empire and beyond. Polyhedron weights were also used in official capacities, such as tax collection, where they played a crucial role in assessing duties and tariffs based on the weight of goods.<br><br>Polyhedron weights are frequently found in archaeological contexts throughout the Byzantine Empire, providing valuable insights into Byzantine trade networks, economic activity, and material culture. The inscriptions and markings on polyhedron weights often include information";"Archaeology";"https://prf.hn/click/camref:1100l5ti9K/creativeref:1100l187865/destination:https%3A%2F%2Fwww.catawiki.com%2Fen%2Fl%2F98972959";"https://assets.catawiki.nl/assets/2025/11/2/c/3/6/c3607e71-9c89-4c0a-b694-d62df8b57c68.jpg";"https://assets.catawiki.nl/assets/2025/11/2/e/a/2/ea2f5529-febe-402f-8d46-a825c8103ad9.jpg";"https://assets.catawiki.nl/assets/2025/11/2/8/5/3/853b9bef-eedf-4665-946c-afab8bc2099f.jpg";"98972959";"2";"2025-11-13 20:51:50"
"Scythian Pendant of a bronze arrowhead.Excellent condition. (No Reserve Price)";"Pendant of a Scythian bronze arrowhead.Excellent condition.<br><br>Scythian bronze arrowhead, three-bladed type with socket. The arrowhead is mounted in a modern bow, allowing it to be worn as a pendant. The pendant will be delivered with a leather jewelry cord with a carabiner.<br>Condition: Excellent solid condition, dark smooth and shiny patina. Signs of wear consistent with age and use.Look at many photos for your own impression.<br><br>Size arrowhead : 26 x 8 mm.<br>Weight: 2.44 grams.<br>The item was purchased in 2015 in Barcelona, ​​Spain from G.A. as part of a private Spanish collection dating back to the 1980s.";"Archaeology";"https://prf.hn/click/camref:1100l5ti9K/creativeref:1100l187865/destination:https%3A%2F%2Fwww.catawiki.com%2Fen%2Fl%2F98414373";"https://assets.catawiki.nl/assets/2025/10/8/4/c/c/4ccc6861-3a31-439f-97c6-b16ef9fc30ba.jpg";"https://assets.catawiki.nl/assets/2025/10/8/f/9/c/f9cd503f-b290-477f-af13-0fd6878b1976.jpg";"https://assets.catawiki.nl/assets/2025/10/8/5/f/2/5f26b023-f434-4617-a7a4-fb347686401b.jpg";"98414373";"2";"2025-11-15 17:52:14"
"Ancient Roman Bronze Trumpet Fibula - 45 mm";"An excellent condition Ancient Roman Bronze Brooch, trumpet style and with good noticeable decoration.<br>Object acquired in London, UK from 'AA' as part of a Private European Collection dating to the pre- 1990s.<br><br>The seller guarantees that he acquired this piece according to all national and international laws related to the ownership of cultural property. Provenance statement seen by Catawiki.<br><br>The seller will take care that any necessary permits, like an export license will be arranged if necessary, and will inform the buyer about the status of it if this takes more than a few days. <br><br>Any lots subjected to additional fees when at the customs office in the destination country, if any, will be paid by the buyer and it is the buyer’s responsibility to contact their customs office to pay any fees and release the item or if there is an extended delay in the processing checks.<br>It is the buyer’s responsibility to be in contact with their customs office to ensure a smooth delivery.<br>";"Archaeology";"https://prf.hn/click/camref:1100l5ti9K/creativeref:1100l187865/destination:https%3A%2F%2Fwww.catawiki.com%2Fen%2Fl%2F99110271";"https://assets.catawiki.nl/assets/2025/10/23/9/8/2/982545b8-7f6f-4e87-838e-5e0ac7c4f9be.jpg";"https://assets.catawiki.nl/assets/2025/10/23/b/2/4/b24f38e5-ab91-43f3-9701-85071cd40ade.jpg";"https://assets.catawiki.nl/assets/2025/10/23/a/2/7/a27f6d6d-dbd8-4b57-851a-28f0cb4f1662.jpg";"99110271";"1";"2025-11-15 17:36:46"
"Silver, Gold-plated - Ring - Hand-engraved cameo";"A timeless classic, the ring with a handcrafted engraved cameo on a Cassis Rufa shell.<br>Worked on and made in Torre del Greco.<br>Total weight 5gr<br>Cameo diameter with setting 21mm<br>18mm Unmounted Cameo<br>Set in 925 silver, gold plated.<br>Adjustable size<br>It will be delivered with gift packaging and a material warranty.";"Archaeology";"https://prf.hn/click/camref:1100l5ti9K/creativeref:1100l187865/destination:https%3A%2F%2Fwww.catawiki.com%2Fen%2Fl%2F98707643";"https://assets.catawiki.nl/assets/2025/10/13/c/1/f/c1f81168-97a7-4663-a937-f77ea8e5d681.jpg";"https://assets.catawiki.nl/assets/2025/10/13/5/6/e/56e1de48-b879-4075-882c-6b03ab64c1c9.jpg";"";"98707643";"1";"2025-11-15 18:08:40"
"Ancient Roman Stunning Bust Seal Ring";"An interesting and rare bronze ancient Roman bust seal ring from 1-3 AD.<br>Bezel shows a Bust.<br>Interesting piece<br><br>Weight: 1.84 grams<br>Ring Size: 18.9 x 15.3 mm<br>Material: Bronze<br>T.N. Pollio<br>See images for your own impression.<br>Own private collection inherited from Grandfather, who built the collection in the 1960's ""<br>No shipping to the USA.";"Archaeology";"https://prf.hn/click/camref:1100l5ti9K/creativeref:1100l187865/destination:https%3A%2F%2Fwww.catawiki.com%2Fen%2Fl%2F99092752";"https://assets.catawiki.nl/assets/2025/9/8/6/b/3/6b3df782-5bf1-48ab-917b-68b8621bf3a2.jpg";"https://assets.catawiki.nl/assets/2025/9/8/a/6/3/a63fc389-5cd2-4394-8dcb-34166d685dfe.jpg";"https://assets.catawiki.nl/assets/2025/9/8/9/f/1/9f12a5b7-d8c2-4e8c-b53f-ee17bd60343f.jpg";"99092752";"1";"2025-11-15 17:50:18"
"Red Coral Coral - Corallium rubrum (No Reserve Price)";"Necklace in natural red coral from the Mediterranean. Corallium rubrum red. Excellent quality, untreated red color, 100% natural coral verified by our experts.<br>Beautiful necklace strung by our goldsmith workshops. Total weight 8.5 grams for 45 cm in length. Closure in 925% silver plated with rose gold, nickel free.<br>Now, we provide the packaging that accompanies our products.";"Archaeology";"https://prf.hn/click/camref:1100l5ti9K/creativeref:1100l187865/destination:https%3A%2F%2Fwww.catawiki.com%2Fen%2Fl%2F98970684";"https://assets.catawiki.nl/assets/2025/7/28/b/8/0/b80a3852-ddc5-4d31-9fbf-b36426856a52.jpg";"https://assets.catawiki.nl/assets/2025/7/28/9/0/1/901fca1a-55df-427c-a06d-b9547e301ba4.jpg";"https://assets.catawiki.nl/assets/2025/7/28/9/4/2/94280a11-7c16-43d6-a65c-92a9d858a953.jpg";"98970684";"1";"2025-11-15 17:16:28"
"Coral - Silver - Earrings - Large size earrings";"Unique earrings in white/pink coral sourced from the Pacific Ocean and left in their natural form.<br>Unique and beautiful in a big size, the combination of branch and closed circle coming from the sea.<br>13mm lobster buttons<br>Total length 6cm<br>Set in 925 sterling silver<br>They will be delivered with gift packaging and material guarantee";"Archaeology";"https://prf.hn/click/camref:1100l5ti9K/creativeref:1100l187865/destination:https%3A%2F%2Fwww.catawiki.com%2Fen%2Fl%2F98085596";"https://assets.catawiki.nl/assets/2025/1/14/8/1/2/8126e517-3e9d-43c8-88aa-805e17dd41e2.jpg";"https://assets.catawiki.nl/assets/2025/1/14/0/c/2/0c26785f-b18c-4ad2-bdb6-cf1390251f03.jpg";"https://assets.catawiki.nl/assets/2025/1/14/6/0/4/6047b679-318a-4216-bfeb-5d4e54535f4d.jpg";"98085596";"20";"2025-11-15 17:40:38"
"Silver - Earrings - Rose engraved in coral";"Lightweight and elegant earrings with roses made of pink coral in the tone of angel skin, sourced from Asian seas.<br>Artisanally engraved in Torre del Greco.<br>Total weight 2.97 grams<br>Total length 2.5cm<br>Coral-colored rose width 9.75mm<br>Made of 925 silver and zirconia.<br>It will be delivered with gift packaging and a material warranty.";"Archaeology";"https://prf.hn/click/camref:1100l5ti9K/creativeref:1100l187865/destination:https%3A%2F%2Fwww.catawiki.com%2Fen%2Fl%2F98800257";"https://assets.catawiki.nl/assets/2025/10/10/7/7/f/77f0d677-dd1a-4714-894f-5741e6f31eb3.jpg";"https://assets.catawiki.nl/assets/2025/10/10/0/b/1/0b177f75-6ab9-434f-b331-5318acbed790.jpg";"https://assets.catawiki.nl/assets/2025/10/10/d/0/b/d0ba50da-5de2-4276-9006-e8cebdb94e8c.jpg";"98800257";"20";"2025-11-15 17:59:58"
"Coral Coral - Corallium Secundum";"Sculpture depicting the face of an 'wise' Eastern man, entirely handcrafted by coral engravers from Torre del Greco, made from natural pink coral, Corallium Secundum, also called 'angel skin'.<br>Dimensions: 4.2 x 1.7 x 1.5 cm.<br>The dimensions allow the object to be transformed into a pendant because it has a hole at the top of the hair.<br>The color of the coral may vary depending on the screen used to view it. An effort has been made to depict the coloration as accurately as possible to its real appearance.<br>Any imperfections should be considered a natural characteristic of the product.<br>NOTE: Bidders should be aware that coral items can only be shipped to European countries to avoid export procedures that may require additional documentation.<br>Therefore, refrain from making offers to/from non-European countries or otherwise subject to legal restrictions for the importation of protected animal species. Thank you.<br>In perfect condition as shown in the detailed attached photos that are an integral part of the description.<br>It will be shipped via registered and insured mail, the cost of which is already included in the shipping fees.<br>Any customs charges or fees will be the responsibility of the buyer.";"Archaeology";"https://prf.hn/click/camref:1100l5ti9K/creativeref:1100l187865/destination:https%3A%2F%2Fwww.catawiki.com%2Fen%2Fl%2F99066709";"https://assets.catawiki.nl/assets/2025/9/30/8/0/f/80fce87f-e084-4da5-ac2c-76c6036364d6.jpg";"https://assets.catawiki.nl/assets/2025/9/30/d/6/a/d6ac0c24-d22f-47cb-8e69-64c25c2c7025.jpg";"https://assets.catawiki.nl/assets/2025/9/30/f/d/5/fd5f7565-265e-4878-b45b-0eac8aaf42b6.jpg";"99066709";"1";"2025-11-15 17:11:38"
"Blood Coral - Silver - Bracelet - CORALLO MEDITERRANEO";"Simple and versatile this bracelet in spheres and tubes in Mediterranean coral and black onyx spheres, handcrafted in Torre del Greco.<br>Total weight 5.29 grams<br>5mm coral spheres<br>Corallo bottle with a thickness of 4mm<br>Onyx sphere 3.5mm<br>Total length 19cm<br>It will be delivered with gift packaging and a material warranty.";"Archaeology";"https://prf.hn/click/camref:1100l5ti9K/creativeref:1100l187865/destination:https%3A%2F%2Fwww.catawiki.com%2Fen%2Fl%2F98810147";"https://assets.catawiki.nl/assets/2025/6/14/8/b/9/8b93dc8b-dbb6-4c15-ad4a-ebdbc2d6d73b.jpg";"https://assets.catawiki.nl/assets/2025/6/14/c/4/8/c48596d3-5a48-4448-8168-0f9400f68d62.jpg";"https://assets.catawiki.nl/assets/2025/6/14/a/2/0/a208ff06-35ed-4a58-a37b-c14576288388.jpg";"98810147";"1";"2025-11-15 17:26:08"
"Celtic Bronze Bangle (No Reserve Price)";"Letter of Provenance<br><br>This document serves as a statement of provenance for the item described.:<br><br><br>The mentioned item has been in the possession of the family of a private collector since the 1990s. It was legally acquired at that time and has remained in private ownership through successive generations.<br><br>To the best of our knowledge, the item has not been subject to any legal dispute, claim, or restriction. It remains in compliance with all applicable laws governing ownership and transfer.<br><br>This statement is issued in good faith and affirms the continuous and legitimate chain of ownership since its acquisition.";"Archaeology";"https://prf.hn/click/camref:1100l5ti9K/creativeref:1100l187865/destination:https%3A%2F%2Fwww.catawiki.com%2Fen%2Fl%2F98586072";"https://assets.catawiki.nl/assets/2025/10/16/d/3/f/d3fec771-c8c2-4a55-b6ff-d3744d9ecae6.jpg";"https://assets.catawiki.nl/assets/2025/10/16/c/e/2/ce2520b8-27e1-4f37-ab75-ec58451c5663.jpg";"https://assets.catawiki.nl/assets/2025/10/16/a/7/8/a7865fbd-4477-45b6-8ed1-5a3519f8e99c.jpg";"98586072";"1";"2025-11-15 17:30:00"
"Ancient Egypt, Greco–Roman Period Ring with wire-wrapped Lapis Lazuli bead";"Please note: due to customs regulations we can only ship inside the European Union. Please ensure you have a valid EU shipping address before placing a bid. <br><br>Ring featuring a wire-wrapped Egyptian Lapis Lazuli bead. The ancient bead is carefully restrung onto a modern gold-plated ringband. <br><br>The wire-wrapping technique, dating back to around 2000 BC, was a favoured method among ancient jewellery makers of many ancient civilizations. Renowned for its versatility and durability, this technique was cherished throughout history for creating intricate and timeless designs.<br><br>Outside diameter: ± 24 mm<br>Inside diameter: ± 16,1 - 21,3 mm<br>Diameter bead: ± 7 mm<br><br>Condition: good condition and wearable. The ancient bead is combined with modern gold-plated materials and fittings. Signs of wear consistent with age and use. See images.<br>Composed with beads originating from various old collections, acquired in the UK between 2016-2024.<br><br>Every ancient bead shows subtle variations and signs of age, reflecting its history and adding to the unique charm of every composition.<br><br>Certificate of Authenticity (PDF) is available upon request.<br><br>LAPIS LAZULI<br>Lapis Lazuli was associated with strength, courage, royalty, wisdom and truth. The dark blue colour reminded the Egyptian of the night skies and the gold pyrite flecks as the stars. It was favoured by the Egyptian pharaohs and was famously used in the burial mask of King Tutankhamun.";"Archaeology";"https://prf.hn/click/camref:1100l5ti9K/creativeref:1100l187865/destination:https%3A%2F%2Fwww.catawiki.com%2Fen%2Fl%2F98449945";"https://assets.catawiki.nl/assets/2025/10/10/8/3/d/83d68fd4-57ce-46ab-95c1-25705e5af1dd.jpg";"https://assets.catawiki.nl/assets/2025/10/10/a/a/d/aad5e1fa-76ba-4d09-aa18-7413309f3e8e.jpg";"https://assets.catawiki.nl/assets/2025/10/10/5/6/a/56a4bb19-7002-4c5f-a891-13f38bced526.jpg";"98449945";"";"2025-11-09 17:47:35"
"Medieval Stunning Silver Seal Ring (No Reserve Price)";"A Rare Silver Medieval Seal Ring 12-15 AD<br>Very rare piece in stunning condition.<br><br>Weight: 4.22 grams<br>Ring size: 14.6 x 14.2 mm<br>Silver<br>T.N. Pollio<br>See images for your own impression.<br>Own private collection inherited from Grandfather, who built the collection in the 1960's """;"Archaeology";"https://prf.hn/click/camref:1100l5ti9K/creativeref:1100l187865/destination:https%3A%2F%2Fwww.catawiki.com%2Fen%2Fl%2F98822153";"https://assets.catawiki.nl/assets/2025/10/26/0/4/2/042fc43b-a0bc-401e-b7d0-ad1854226a53.jpg";"https://assets.catawiki.nl/assets/2025/10/26/e/5/6/e56b82dd-8619-4468-8f4f-d298c095eaac.jpg";"https://assets.catawiki.nl/assets/2025/10/26/a/d/b/adbf8ea4-4abd-4b35-a8b4-03ce48d4675f.jpg";"98822153";"";"2025-11-09 17:22:40"
"Bactrian Necklace made of Lapis beads with decorated amulet - 43 cm (No Reserve Price)";"IMPORTANT!<br>Due to new custom regulations we can no longer ship outside the E.U. Please make sure you have an EU shipping address before bidding.<br><br>- Strung on modern wire with Silver Magnetic Lock (925).<br><br>- Total length: 43 cm. Average size beads: 4-6 mm.<br><br>Registered shipping.<br><br>Provenance/Known History:<br><br>London Art Market, 1990's, UK. After that A&O Gallery.<br><br>Important information:<br><br>- A declaration of authenticity by my shop is provided with this lot.<br><br>- Invoices, import- and export papers etc. will not be shared with customers.<br><br>- Please do not pay for a won item before you are finished bidding in the auction. The system will not be able to combine your orders into one shipping if all items aren't paid at once.";"Archaeology";"https://prf.hn/click/camref:1100l5ti9K/creativeref:1100l187865/destination:https%3A%2F%2Fwww.catawiki.com%2Fen%2Fl%2F98928011";"https://assets.catawiki.nl/assets/2025/10/30/6/0/9/609ccaa2-e933-4518-937a-84b92acad9b0.jpg";"https://assets.catawiki.nl/assets/2025/10/30/4/9/2/492c4bd3-b61c-4ed2-bb13-d3e1089273c9.jpg";"https://assets.catawiki.nl/assets/2025/10/30/0/5/3/053e97bb-ee52-4be8-b5d8-0f7e0dafee7e.jpg";"98928011";"";"2025-11-09 18:11:25"
"Ancient Roman Bronze Rare Empire Eagle Seal Ring (No Reserve Price)";"A stunning & extremely rare bronze ancient Roman Empire eagle seal ring, 1-3 AD.<br>Bezel shows an Empire Eagle.<br>Ring has a top patina.<br>Very Rare piece.<br><br>Weight: 6.41 grams<br>Ring size: 19.1 x 15.2 mm<br>Material: Bronze<br>T.N. Pollio<br>See images for your own impression.<br>Own private collection inherited from Grandfather, who built the collection in the 1960's """;"Archaeology";"https://prf.hn/click/camref:1100l5ti9K/creativeref:1100l187865/destination:https%3A%2F%2Fwww.catawiki.com%2Fen%2Fl%2F98896214";"https://assets.catawiki.nl/assets/2025/10/29/8/a/c/8acc02dd-38f0-42b2-9d86-b08eee845dc8.jpg";"https://assets.catawiki.nl/assets/2025/10/29/e/3/c/e3cb297d-afc2-4400-b458-94c5a359ea4c.jpg";"https://assets.catawiki.nl/assets/2025/10/29/b/0/5/b0576147-dcbc-4dc1-9cff-9b9ac93be548.jpg";"98896214";"";"2025-11-09 17:45:25"
"Ancient Roman decorative Glass bead on a Leather Necklace - 42 cm (No Reserve Price)";"IMPORTANT!<br>Due to new custom regulations we can no longer ship outside the E.U. Please make sure you have an EU shipping address before bidding.<br><br>- Total length leather necklace but adjustable: 42 cm. Glass bead: 1.6 cm.<br><br>Registered shipping.<br><br>Provenance/Known History:<br><br>UK, London Art Market, 1990's. After that A&O Gallery, UK.<br><br>Important information:<br><br>- A declaration of authenticity by my shop is provided with this lot.<br><br>- Invoices, import- and export papers etc. will not be shared with customers.<br><br>- Please do not pay for a won item before you are finished bidding in the auction. The system will not be able to combine your orders into one shipping if all items aren't paid at once.";"Archaeology";"https://prf.hn/click/camref:1100l5ti9K/creativeref:1100l187865/destination:https%3A%2F%2Fwww.catawiki.com%2Fen%2Fl%2F98928100";"https://assets.catawiki.nl/assets/2025/10/30/a/2/4/a242007c-cef3-4bf4-baf9-dc6693797fe2.jpg";"https://assets.catawiki.nl/assets/2025/10/30/2/b/5/2b5ad2a9-2b2b-4c33-b2e9-411b7d297f56.jpg";"https://assets.catawiki.nl/assets/2025/10/30/b/7/9/b7947699-7675-4369-8313-07f5a94468e9.jpg";"98928100";"";"2025-11-09 17:53:00"
"Viking Era Silver decorated Amulet";"Due to custom regulations we can not ship outside the E.U. Please make sure you have an EU shipping address before bidding.<br><br>Viking era, silver amulet with circle-dot decorations on both sides, complete with original suspension ring. The amulet will be delivered with a modern leather jewellery cord, perfect for modern wear.<br><br>± 31,7 x 8,8 mm<br>Good solid condition, wearable on modern jewellery cord. Signs of wear consistent with age and use. <br><br>Certificate of Authenticity: available upon request (pdf-format).";"Archaeology";"https://prf.hn/click/camref:1100l5ti9K/creativeref:1100l187865/destination:https%3A%2F%2Fwww.catawiki.com%2Fen%2Fl%2F96577098";"https://assets.catawiki.nl/assets/2025/7/7/4/3/5/435dc160-65c7-47d9-a13c-6bd8ba45f7ca.jpg";"https://assets.catawiki.nl/assets/2025/7/7/8/5/3/853fbbaf-45c8-4e8b-a8a2-0f7e6f408a63.jpg";"https://assets.catawiki.nl/assets/2025/7/7/5/c/2/5c28f061-613e-4b8c-9154-0fc5cdf8df35.jpg";"96577098";"";"2025-11-09 17:50:50"
"Ancient Roman, Empire Bracelet with Roman glass beads";"Please note: due to customs regulations we can only ship inside the European Union. Please ensure you have a valid EU shipping address before placing a bid. <br><br>Bracelet with Roman blue and turquoise glass and ancient shell beads. The authentic ancient beads are carefully restrung with modern materials and spacer beads in a flexible design which is easy to wear (clasp-free design). <br><br>Diameter: ± 50 - 70 mm<br>Diameter beads: ± 6,7 mm<br><br>Condition: good condition and wearable. The ancient beads are restrung and combined with modern gold-plated spacer beads and fittings. Signs of wear consistent with age and use. See images.<br>Composed with beads originating from various old collections, acquired in the UK between 2016-2024.<br><br>Every ancient bead shows subtle variations and signs of age, reflecting its history and adding to the unique charm of every composition.<br><br>Certificate of Authenticity available upon request (pdf-document).<br><br>ANCIENT GLASS<br>Glass has always been found in nature, but the humans first created glass about 4.000 years ago. when ancient craftsmen in Mesopotamia discovered the art of mixing sand, soda and lime to make glass.<br>For centuries, glass was a luxury item and reserved for the upper classes.<br><br>Glassmaking centers around the Mediterranean world experimented with new techniques (casting, core-forming, mosaic glass) and with colours by adding metallic oxides (cobalt, copper, etc) to the mixture.<br><br>The Romans learned the glass-making craft after the conquest of Egypt in the 1st century BC. During the 1st century AD the glassblowing technique revolutionized the production and made it possible to produce larger quantities. By adding manganese dioxide Roman glassmakers successfully produced colourless or ‘aqua’ glass for the first time.<br><br>Roman glass became a very popular material, used for beads, glass windows, mosaic tiles, tableware pieces etc. Roman glass was traded all over the Roman Empire and far beyond to Central Africa, Scandinavia and via the Silk Route to China.<br>";"Archaeology";"https://prf.hn/click/camref:1100l5ti9K/creativeref:1100l187865/destination:https%3A%2F%2Fwww.catawiki.com%2Fen%2Fl%2F95577088";"https://assets.catawiki.nl/assets/2025/5/15/6/3/1/631dd1ac-df21-4b82-8188-5f528a93ed11.jpg";"https://assets.catawiki.nl/assets/2025/5/15/0/f/8/0f8c9931-fbe0-40a2-98ff-ee4896b4a947.jpg";"https://assets.catawiki.nl/assets/2025/5/15/1/9/4/1943b112-552d-4e2d-9fc2-5dfd0376f83b.jpg";"95577088";"";"2025-11-09 18:02:45"
"Ancient Egyptian Necklace made of Faience Mummy beads with Glass and Carnelian amulets - 44 cm (No Reserve Price)";"IMPORTANT!<br>Due to new custom regulations we can no longer ship outside the E.U. Please make sure you have an EU shipping address before bidding.<br><br>- Strung on modern wire with Silver Lobster Lock (925).<br><br>- Total length: 44 cm. Average bead size: 3-4 mm.<br><br>Registered shipping.<br><br>Provenance/Known History:<br><br>Ancient Egyptian Faience Mummy beads: Ex William Ohly 1883-1955, Abbey Museum, New Barnet, by descent. After that A&O Gallery, UK.<br><br>Ancient Egyptian/Roman Carnelian and Glass amulet: UK, London Art Market, 1990's. After that A&O Gallery, UK.<br><br>Important information:<br><br>- A declaration of authenticity by my shop is provided with this lot.<br><br>- Invoices, import- and export papers etc. will not be shared with customers.<br><br>- Please do not pay for a won item before you are finished bidding in the auction. The system will not be able to combine your orders into one shipping if all items aren't paid at once.";"Archaeology";"https://prf.hn/click/camref:1100l5ti9K/creativeref:1100l187865/destination:https%3A%2F%2Fwww.catawiki.com%2Fen%2Fl%2F98928427";"https://assets.catawiki.nl/assets/2025/10/30/f/a/3/fa3f3e76-589a-40de-9099-b9036cea3b40.jpg";"https://assets.catawiki.nl/assets/2025/10/30/6/7/d/67db104f-b749-48d6-b31c-f70771584849.jpg";"https://assets.catawiki.nl/assets/2025/10/30/2/0/8/20852a58-077d-4472-8a7b-c370b0b2856e.jpg";"98928427";"";"2025-11-09 18:07:05"
"Ancient Greek Ancient Greek coin pendant, Mithradates the Great, Amisos Pontos Æ21";"Please note: due to customs regulations we can only ship inside the European Union. Please ensure you have a valid EU shipping address before placing a bid. <br><br>Coins - symbols of power - struck in metal. From Emperors to Kings, rulers struck their image and ideals into coins, turning currency into one of history’s most enduring propaganda tools. These small objects passed daily through the hands of ordinary people, spreading messages of authority with every exchange. <br><br>Rare ancient Greek bronze coin, set in a modern silver pendant with a decorative border. The coin can easily be removed from the mount if preferred.<br><br>Coin: Amisos, Pontos. Æ21. Time of Mithradates VI Eupator, struck ca 120-63 BC.<br>Pendant: modern silver setting<br><br>Obverse: Helmeted head of Ares right.<br>Reverse: AMI-SOY across fields, sword in sheath, star in crescent at upper left, IB at upper right, F?A monogram at lower left, symbol at lower right.<br><br>Diameter: ± 26,3 mm<br>Ref: Malloy 32a- variant. Not in SNG BMC Black Sea.<br>Very fine condition , smooth olive-green patina, rare.<br><br>Certificate of Authenticity: available upon request (pdf-format).<br><br>Historical note:<br>Mithradates VI Eupator, ruler of the Kingdom of Pontus from 120 - 63 BC and one of Rome's most formidable and determined opponents. He was an effective, ambitious and ruthless ruler who sought to dominate Asia Minor and the Black Sea region, waging several wars (the Mithridatic Wars) in an attempt to break Roman dominion over Asia and the Hellenic world. He has been called the greatest ruler of the Kingdom of Pontus. He cultivated an immunity to poisons by regularly ingesting sub-lethal doses; this practice, now called mithridatism, is named after him. After his death, he became known as Mithridates the Great.<br><br>Amisos, otherwise known as Samsunta by the Greeks, is today's Samsun, a city situated on the shoreline of the historic region of Pontus, in today's Turkey.<br>The city was colonised in the 8th century BC and because of its strategic location it played an important political and economical role during the Hellenistic, Roman and Byzantine period.<br>Amisos was a rich commercial center under the kings of Pontus, a royal residence and fortress of Mithridates, and is sometimes considered as the home of the fabled Amazons.<br><br>People from Miletus settled there around 760-750 BC and established a flourishing trade relationship with the ancient peoples of Anatolia. Amisos came under the rule of the Persian Empire, Alexander the Great's Macedonian Empire, and then the Kingdom of Pontus. The Romans took control in 47 BC and Amisos remained within the Byzantine Empire after the fall of Rome. In 1200 AD the city was captured by the Seljuks, to be later taken over by the Ilhanlilar. <br><br><br>";"Archaeology";"https://prf.hn/click/camref:1100l5ti9K/creativeref:1100l187865/destination:https%3A%2F%2Fwww.catawiki.com%2Fen%2Fl%2F98893866";"https://assets.catawiki.nl/assets/2025/5/26/c/1/8/c1827062-70e9-4e3e-9b3e-7869b4d11160.jpg";"https://assets.catawiki.nl/assets/2025/5/26/a/4/7/a4759022-686f-4a73-8194-e2a1cd648864.jpg";"https://assets.catawiki.nl/assets/2025/5/26/4/1/a/41a3b949-dc82-4eb1-9ba7-85090a2e1f6a.jpg";"98893866";"";"2025-11-09 17:42:10"
"Medieval, Crusaders Era Bronze, Stunning Big Cross Pendant (No Reserve Price)";"Rare Cross Pendant Crusader 11-13 AD<br>Very big and heavy cross!!!!<br>Very nice patina<br><br>Weight: 43.64 grams<br>Height: 83.3 mm<br>Wide: 63.1 mm<br>Material: Bronze<br>See image for your own impression<br>Own private collection inherited from Grandfather, who built the collection in the 1960's """;"Archaeology";"https://prf.hn/click/camref:1100l5ti9K/creativeref:1100l187865/destination:https%3A%2F%2Fwww.catawiki.com%2Fen%2Fl%2F98888633";"https://assets.catawiki.nl/assets/2025/10/29/d/2/0/d202d1bb-87b5-431e-a16a-96cd6dafb94b.jpg";"https://assets.catawiki.nl/assets/2025/10/29/9/f/8/9f82a4dc-523e-4a7b-96a9-52a461e934ba.jpg";"https://assets.catawiki.nl/assets/2025/10/29/e/4/0/e40010ac-4d49-485b-890e-a58775380032.jpg";"98888633";"";"2025-11-09 17:43:15"
"Ancient Roman Silver Seal Ring (No Reserve Price)";"A rare silver ancient Roman seal ring from 1-3 AD<br>Bezel display pattern<br>Very Rare piece.<br><br>Weight: 7.78 grams<br>Ring Size: 17.4 x 16.6 mm<br>Silver<br>T.N. Pollio<br>See images for your own impression.<br>Own private collection inherited from Grandfather, who built the collection in the 1960's """;"Archaeology";"https://prf.hn/click/camref:1100l5ti9K/creativeref:1100l187865/destination:https%3A%2F%2Fwww.catawiki.com%2Fen%2Fl%2F98736481";"https://assets.catawiki.nl/assets/2025/10/22/e/1/f/e1f35f2d-3e81-44af-8a39-05d4dedc16a1.jpg";"https://assets.catawiki.nl/assets/2025/10/22/3/6/3/36383799-b174-4b8c-b0b0-619125ad55d8.jpg";"https://assets.catawiki.nl/assets/2025/10/22/2/e/e/2ee248c8-2e32-42b7-b04c-1cfc7eace4f0.jpg";"98736481";"";"2025-11-09 17:18:20"
"Luristan Bronze, Interesting lot of 2 Pendant (No Reserve Price)";"Bronze Pendant 1200-600 BC, Near Eastern<br>Interesting Piece<br>Very high condition<br><br>Weight: 14.69 and 5.69 grams.<br>Height: 38.6 & 33.8 mm<br>Wide: 23.7 & 19.3 mm<br>See image for your own impression<br>Own private collection inherited from Grandfather, who built the collection in the 1960's """;"Archaeology";"https://prf.hn/click/camref:1100l5ti9K/creativeref:1100l187865/destination:https%3A%2F%2Fwww.catawiki.com%2Fen%2Fl%2F98891492";"https://assets.catawiki.nl/assets/2025/10/29/6/d/5/6d5e3e9a-bc65-4f01-95a5-891c0a1be426.jpg";"https://assets.catawiki.nl/assets/2025/10/29/a/b/6/ab67eda7-b746-4a2a-9088-e4688b24fe87.jpg";"https://assets.catawiki.nl/assets/2025/10/29/2/2/6/226d95de-0331-444a-a04f-5dac026a7603.jpg";"98891492";"";"2025-11-09 17:28:05"
"Medieval, Crusaders Era Bronze, Rare Solar Seal Ring (No Reserve Price)";"Rare Crusader Empire bronze seal ring 11-13 AD<br>Bezel Show, Magic Eye, and Solar Sign.<br>Interesting piece!!!!<br><br>Weight: 3.02 grams<br>Ring Size: 16.6 mm x 15.5 mm<br>Material: Bronze<br>T.N. Pollio<br>See images for your own impression.<br>Own private collection inherited from Grandfather, who built the collection in the 1960's """;"Archaeology";"https://prf.hn/click/camref:1100l5ti9K/creativeref:1100l187865/destination:https%3A%2F%2Fwww.catawiki.com%2Fen%2Fl%2F98798653";"https://assets.catawiki.nl/assets/2025/10/25/6/a/e/6ae9f854-0239-407a-9f70-fe39a260dfc6.jpg";"https://assets.catawiki.nl/assets/2025/10/25/4/9/1/491c3c58-82d6-4a2a-80e5-73af0540f52e.jpg";"https://assets.catawiki.nl/assets/2025/10/25/d/0/0/d0085ee7-c7f5-4d76-a436-ec1a023cc0bb.jpg";"98798653";"";"2025-11-09 17:24:50"
"Medieval Islam Bronze, Lot of 5 Seals Ring (No Reserve Price)";"A lot of 5 bronze rings from 10-15 AD, Medieval Islam Period.<br>Very nice pieces.<br><br>Weight: 21.36 grams<br>Size: Various mm<br>Material: Bronze<br>See images for your own impression.<br>Own private collection inherited from Grandfather, who built the collection in the 1960's """;"Archaeology";"https://prf.hn/click/camref:1100l5ti9K/creativeref:1100l187865/destination:https%3A%2F%2Fwww.catawiki.com%2Fen%2Fl%2F98796014";"https://assets.catawiki.nl/assets/2025/10/25/0/3/f/03f0f30b-5c91-422c-9496-2d766d67d8f8.jpg";"https://assets.catawiki.nl/assets/2025/10/25/e/b/7/eb75f914-efd5-402c-ab14-a71f7959fc0f.jpg";"https://assets.catawiki.nl/assets/2025/10/25/f/3/8/f3802222-da8b-43d1-ad28-912fef7510fb.jpg";"98796014";"";"2025-11-09 17:57:20"
"Viking Era Bronze, Top Patina Cross Pendant (No Reserve Price)";"Stunning cross pendant from the Viking era, 9-11 AD.<br>Very rare piece<br><br>Weight: 4.44 grams<br>Height: 25.4 mm<br>Wide: 16.8 mm<br>Material: Bronze<br>See image for your own impression<br>Own private collection inherited from Grandfather, who built the collection in the 1960's """;"Archaeology";"https://prf.hn/click/camref:1100l5ti9K/creativeref:1100l187865/destination:https%3A%2F%2Fwww.catawiki.com%2Fen%2Fl%2F98888210";"https://assets.catawiki.nl/assets/2025/10/29/4/0/2/40259b66-7f3f-4012-abec-71884c68b10f.jpg";"https://assets.catawiki.nl/assets/2025/10/29/a/4/9/a498cffd-6edd-4aa9-8fea-42ac6070f2d8.jpg";"https://assets.catawiki.nl/assets/2025/10/29/9/b/9/9b96af54-e282-459d-9fbf-d3641df82ef2.jpg";"98888210";"";"2025-11-09 18:03:50"
"Ancient Roman, Empire Bracelet, with Roman blue and yellow glass beads";"Attention: due to customs regulations we can only ship inside the European Union. Please ensure you have a valid EU shipping address before placing a bid. <br><br>Bracelet with Roman blue and yellow glass beads. The ancient beads are restrung with modern materials and spacer beads making them suitable for modern wear. The bracelet has a flexible design which is easy to wear (no clasp needed). <br>This bracelet will be delivered in a jewellery box, a perfect gift for any occasion.<br><br>Diameter: ± 55 - 70 mm<br>Amulet bead: ± 11,6 mm<br><br>Condition: good condition and wearable. The ancient beads are restrung and combined with modern gold-plated spacer beads and fittings. Signs of wear consistent with age and use. See images.<br>Composed with beads originating from various old collections, acquired in the UK between 2016-2024.<br><br>Every ancient bead shows subtle variations and signs of age, reflecting its history and adding to the unique charm of every composition.<br><br>Certificate of Authenticity (PDF) is available upon request.<br><br><br>ANCIENT GLASS<br>Glass has always been found in nature, but the humans first created glass about 4.000 years ago. when ancient craftsmen in Mesopotamia discovered the art of mixing sand, soda and lime to make glass.<br>For centuries, glass was a luxury item and reserved for the upper classes.<br><br>Glassmaking centers around the Mediterranean world experimented with new techniques (casting, core-forming, mosaic glass) and with colours by adding metallic oxides (cobalt, copper, etc) to the mixture.<br><br>The Romans learned the glass-making craft after the conquest of Egypt in the 1st century BC. During the 1st century AD the glassblowing technique revolutionized the production and made it possible to produce larger quantities. By adding manganese dioxide Roman glassmakers successfully produced colourless or ‘aqua’ glass for the first time.<br><br>Roman glass became a very popular material, used for beads, glass windows, mosaic tiles, tableware pieces etc. Roman glass was traded all over the Roman Empire and far beyond to Central Africa, Scandinavia and via the Silk Route to China.<br>";"Archaeology";"https://prf.hn/click/camref:1100l5ti9K/creativeref:1100l187865/destination:https%3A%2F%2Fwww.catawiki.com%2Fen%2Fl%2F99083413";"https://assets.catawiki.nl/assets/2024/7/3/2/6/5/265e42be-d052-4dc5-b1af-9b40f3ed4e34.jpg";"https://assets.catawiki.nl/assets/2024/7/3/2/3/7/237bd880-6b9f-4411-b732-6bf798cae372.jpg";"https://assets.catawiki.nl/assets/2024/7/3/8/6/f/86f18647-6581-41b9-b00b-aae89b80962c.jpg";"99083413";"1";"2025-11-16 17:38:55"
"Ancient Roman Rare Silver Personal Seal - possibly depicting a satyr Ring (No Reserve Price)";"An interesting and rare seal ring from 1-3 AD<br>Bezel Show a Person<br><br>Weight: 3.57 grams<br>Ring Size: 16.8 x 16.5 mm<br>Silver<br>T.N. Pollio<br>See images for your own impression.<br>Own private collection inherited from Grandfather, who built the collection in the 1960's """;"Archaeology";"https://prf.hn/click/camref:1100l5ti9K/creativeref:1100l187865/destination:https%3A%2F%2Fwww.catawiki.com%2Fen%2Fl%2F98965078";"https://assets.catawiki.nl/assets/2025/11/1/5/f/4/5f4e4bd9-46e7-4724-a84d-a503b544013b.jpg";"https://assets.catawiki.nl/assets/2025/11/1/8/d/3/8d359284-534e-497e-b0ca-a1e5f68e8a1f.jpg";"https://assets.catawiki.nl/assets/2025/11/1/4/7/7/47757dbc-7ac2-4635-bc17-f2b26d9779d9.jpg";"98965078";"1";"2025-11-16 17:28:05"
"Ancient Roman, Empire Ring with Roman blue glass bead (No Reserve Price)";"Attention: due to customs regulations we can only ship inside the European Union. Please ensure you have a valid EU shipping address before placing a bid. <br><br>Ring with a Roman blue glass bead. The ancient bead is set on a modern gold-plated ring and is free to rotate (swivel-type).<br><br>Outside diameter: ± 22,7 mm<br>Inside diameter: ± 20 - 16,6 mm<br>Diameter bead: ± 8,2 mm<br><br>Condition: good condition and wearable. The ancient bead is combined with modern gold-plated spacer beads and fittings. Signs of wear consistent with age and use. <br>Composed with beads originating from various old collections, acquired in the UK between 2016-2024.<br><br>Every ancient bead shows subtle variations and signs of age, reflecting its history and adding to the unique charm of every composition.<br><br>Certificate of Authenticity (PDF) is available upon request for lots with a hammer price of €100 or higher.<br><br>ANCIENT GLASS<br>Glass has always been found in nature, but the humans first created glass about 4.000 years ago. when ancient craftsmen in Mesopotamia discovered the art of mixing sand, soda and lime to make glass.<br>For centuries, glass was a luxury item and reserved for the upper classes.<br><br>Glassmaking centers around the Mediterranean world experimented with new techniques (casting, core-forming, mosaic glass) and with colours by adding metallic oxides (cobalt, copper, etc) to the mixture.<br><br>The Romans learned the glass-making craft after the conquest of Egypt in the 1st century BC. During the 1st century AD the glassblowing technique revolutionized the production and made it possible to produce larger quantities. By adding manganese dioxide Roman glassmakers successfully produced colourless or ‘aqua’ glass for the first time.<br><br>Roman glass became a very popular material, used for beads, glass windows, mosaic tiles, tableware pieces etc. Roman glass was traded all over the Roman Empire and far beyond to Central Africa, Scandinavia and via the Silk Route to China.<br>";"Archaeology";"https://prf.hn/click/camref:1100l5ti9K/creativeref:1100l187865/destination:https%3A%2F%2Fwww.catawiki.com%2Fen%2Fl%2F99083569";"https://assets.catawiki.nl/assets/2025/6/22/a/c/d/acdef186-2561-4f47-8068-10da73b9e727.jpg";"https://assets.catawiki.nl/assets/2025/6/22/2/1/a/21a2917d-252f-45e2-96b7-3f72fb0c521f.jpg";"https://assets.catawiki.nl/assets/2025/6/22/4/4/1/4410d26f-e81f-4a55-a266-cd6e987fdca9.jpg";"99083569";"12";"2025-11-16 17:36:45"
"Ancient Roman, Empire Ring with wire-wrapped glass beads";"Attention: due to customs regulations we can only ship inside the European Union. Please ensure you have a valid EU shipping address before placing a bid. <br><br>Ring with wire-wrapped Roman glass beads. The ancient beads are set on a modern gold-plated ring.<br><br>The wire-wrapping technique, dating back to around 2000 BC, was a favoured method among ancient jewellery makers of many ancient civilizations. Renowned for its versatility and durability, this technique was cherished throughout history for creating intricate and timeless designs.<br><br>Outside diameter: ± 23,4 mm<br>Inside diameter: ± 17 - 20,5 mm<br>Diameter beads: ± 7,6 mm<br><br>Condition: good condition and wearable. The ancient beads are restrung and combined with modern gold-plated materials and fittings. Signs of wear consistent with age and use. See images.<br>Composed with beads originating from various old collections, acquired in the UK between 2016-2024.<br><br>Every ancient bead shows subtle variations and signs of age, reflecting its history and adding to the unique charm of every composition.<br><br>Certificate of Authenticity (PDF) is available upon request.<br><br>ANCIENT GLASS<br>Glass has always been found in nature, but the humans first created glass about 4.000 years ago. when ancient craftsmen in Mesopotamia discovered the art of mixing sand, soda and lime to make glass.<br>For centuries, glass was a luxury item and reserved for the upper classes.<br><br>Glassmaking centers around the Mediterranean world experimented with new techniques (casting, core-forming, mosaic glass) and with colours by adding metallic oxides (cobalt, copper, etc) to the mixture.<br><br>The Romans learned the glass-making craft after the conquest of Egypt in the 1st century BC. During the 1st century AD the glassblowing technique revolutionized the production and made it possible to produce larger quantities. By adding manganese dioxide Roman glassmakers successfully produced colourless or ‘aqua’ glass for the first time.<br><br>Roman glass became a very popular material, used for beads, glass windows, mosaic tiles, tableware pieces etc. Roman glass was traded all over the Roman Empire and far beyond to Central Africa, Scandinavia and via the Silk Route to China.<br>";"Archaeology";"https://prf.hn/click/camref:1100l5ti9K/creativeref:1100l187865/destination:https%3A%2F%2Fwww.catawiki.com%2Fen%2Fl%2F99078737";"https://assets.catawiki.nl/assets/2025/6/13/c/9/f/c9fd4a70-adce-488e-8e11-a2c54c4616db.jpg";"https://assets.catawiki.nl/assets/2025/6/13/9/7/5/975fe402-1638-42b0-b820-7b888c620a31.jpg";"https://assets.catawiki.nl/assets/2025/6/13/8/c/a/8ca81fad-2b04-43e6-ac27-717357c6041b.jpg";"99078737";"1";"2025-11-16 18:08:10"
"Ancient Roman different materials Choice quality Roman Beads - from an old French collection - 22 mm (No Reserve Price)";"";"Archaeology";"https://prf.hn/click/camref:1100l5ti9K/creativeref:1100l187865/destination:https%3A%2F%2Fwww.catawiki.com%2Fen%2Fl%2F99076897";"https://assets.catawiki.nl/assets/2025/11/6/8/1/b/81b37c8d-6207-4c87-a310-b0af9254bbc1.jpg";"https://assets.catawiki.nl/assets/2025/11/6/6/a/2/6a235d50-a796-489d-aa01-97ebbb1242c5.jpg";"https://assets.catawiki.nl/assets/2025/11/6/2/0/4/2043e876-16b8-4406-af4d-1a3b177544ec.jpg";"99076897";"5";"2025-11-16 17:16:10"
"Ancient Roman Trailed glass bead, large size";"Attention: due to customs regulations we can only ship inside the European Union. Please ensure you have a valid EU shipping address before placing a bid. <br><br>A beautiful Roman trailed glass bead, large size, Spirally applied trail, dragged in the same directions, forming festoons.<br><br>Diameter: ± 20,4 mm<br>Height: ± 18,4 mm<br><br>Condition: good condition, flaw in the glassmaking process (see last image). Signs of wear consistent with age and use. See images.<br><br><br>ANCIENT GLASS<br>Glass has always been found in nature, but the humans first created glass about 4.000 years ago. when ancient craftsmen in Mesopotamia discovered the art of mixing sand, soda and lime to make glass.<br>For centuries, glass was a luxury item and reserved for the upper classes.<br><br>Glassmaking centers around the Mediterranean world experimented with new techniques (casting, core-forming, mosaic glass) and with colours by adding metallic oxides (cobalt, copper, etc) to the mixture.<br><br>The Romans learned the glass-making craft after the conquest of Egypt in the 1st century BC. During the 1st century AD the glassblowing technique revolutionized the production and made it possible to produce larger quantities. By adding manganese dioxide Roman glassmakers successfully produced colourless or ‘aqua’ glass for the first time.<br><br>Roman glass became a very popular material, used for beads, glass windows, mosaic tiles, tableware pieces etc. Roman glass was traded all over the Roman Empire and far beyond to Central Africa, Scandinavia and via the Silk Route to China.<br><br>Viking glass beads are renowned for their vivid colours, intricate patterns, and varied shapes. Many display trails, millefiori designs, or protective ‘eye’ motifs, while others are simple yet striking in form. Often crafted from imported or recycled glass, these beads reflect the far-reaching Viking trade networks that connected Scandinavia with Byzantium, the Islamic world, and beyond. Worn as adornments and symbols of status, they embody both personal expression and the global connections of the Viking Age.";"Archaeology";"https://prf.hn/click/camref:1100l5ti9K/creativeref:1100l187865/destination:https%3A%2F%2Fwww.catawiki.com%2Fen%2Fl%2F99083771";"https://assets.catawiki.nl/assets/2024/12/2/c/0/8/c08d61f3-2826-4ef4-bd18-a0e9eaf93255.jpg";"https://assets.catawiki.nl/assets/2024/12/2/1/6/1/161d4165-f75b-4d01-b588-102cb58eb369.jpg";"https://assets.catawiki.nl/assets/2024/12/2/2/5/c/25c73080-5994-4752-b06f-2c8aa989c2fc.jpg";"99083771";"20";"2025-11-16 18:01:40"
"Scythian Pendant of a Scythian bronze arrowhead.Excellent condition. (No Reserve Price)";"Pendant of a Scythian bronze arrowhead.Excellent condition.<br><br>Scythian bronze arrowhead, three-bladed type with socket.The arrowhead is mounted in a modern bow, allowing it to be worn as a pendant. The pendant will be delivered with a leather jewelry cord with a carabiner.<br>Condition: Excellent solid condition, beautiful smooth dark green patina.Signs of wear consistent with age and use.Look at many photos for your own impression.<br><br>Size arrowhead : 29 x 8 mm.<br>Weight: 3.17 grams.<br>The item was purchased in 2015 in Barcelona, ​​Spain from G.A. as part of a private Spanish collection dating back to the 1980s.";"Archaeology";"https://prf.hn/click/camref:1100l5ti9K/creativeref:1100l187865/destination:https%3A%2F%2Fwww.catawiki.com%2Fen%2Fl%2F98715001";"https://assets.catawiki.nl/assets/2025/10/22/f/2/c/f2cc80d1-562d-4905-b7cb-60f68d4d56cf.jpg";"https://assets.catawiki.nl/assets/2025/10/22/7/b/f/7bf84471-3a10-40ff-abb2-96393e34b8bc.jpg";"https://assets.catawiki.nl/assets/2025/10/22/8/3/1/83106422-9279-4e4c-b800-b4f4efaba92c.jpg";"98715001";"1";"2025-11-16 18:07:05"
"Ancient Central Asian Talisman Striped Agate Cylinder Pearl - 53 mm (No Reserve Price)";"A beautifully colored talisman made of natural, banded beads as chest jewelry from the ancient Central Asian culture.<br><br>First millennium AD<br><br>In good condition. It has been partially cleaned, but the beautiful antique patina has been preserved. Original, antique, hand-cut, carved, polished. The holes are antique, handmade, irregular, but probably drilled too strongly with modern techniques to make the piece wearable if old holes are blocked. Signs of use and age on the surface.<br><br>Purchased by Dr. Zelnik at the local Montebello Market in London in the mid-1990s.<br><br>Important information:<br><br>The seller guarantees that they are authorized to ship this item. Due to the complicated cultural laws, we can only ship this item within the EU and to the United Kingdom or Switzerland.<br><br>Provenance:<br><br>This article comes from the collection of Dr. István Zelnik, which is the result of over 50 years of collecting.<br>Former diplomat, collector of Asian art, researcher.<br><br>Publications:<br><br>More than 20 essays on Southeast Asian politics and economics.<br>Co-author of 10 albums and books on Southeast Asian art.";"Archaeology";"https://prf.hn/click/camref:1100l5ti9K/creativeref:1100l187865/destination:https%3A%2F%2Fwww.catawiki.com%2Fen%2Fl%2F98778960";"https://assets.catawiki.nl/assets/2025/6/19/e/c/f/ecff9bdc-8af6-491b-a822-cf4656cfc320.jpg";"https://assets.catawiki.nl/assets/2025/6/19/3/3/b/33b17efc-bc2e-4efa-bbfc-058eed415572.jpg";"https://assets.catawiki.nl/assets/2023/12/4/9/e/6/9e662b9b-7e88-4daf-986b-b6dc15b75c69.jpg";"98778960";"1";"2025-11-16 17:20:30"
"Ancient Egyptian Tubular bead necklace and amulets - Late Period (664/332 BC)";"";"Archaeology";"https://prf.hn/click/camref:1100l5ti9K/creativeref:1100l187865/destination:https%3A%2F%2Fwww.catawiki.com%2Fen%2Fl%2F99064597";"https://assets.catawiki.nl/assets/2025/2/9/0/9/9/099b729f-74a6-42a6-af42-b3d8d8514b53.jpg";"https://assets.catawiki.nl/assets/2025/2/9/c/1/4/c141524a-da4e-49f7-9106-c2d75f52cfb6.jpg";"https://assets.catawiki.nl/assets/2025/2/14/8/7/1/87195996-e5b4-41ba-a674-a5a8649aa6e1.jpg";"99064597";"1";"2025-11-16 17:05:20"
"Early medieval Bronze Bell pendant (No Reserve Price)";"Letter of Provenance<br><br>This document serves as a statement of provenance for the item described.<br><br>The mentioned item has been in the possession of the family of a private collector since the 1990s. It was legally acquired at that time and has remained in private ownership through successive generations.<br><br>To the best of our knowledge, the item has not been subject to any legal dispute, claim, or restriction. It remains in compliance with all applicable laws governing ownership and transfer.<br><br>This statement is issued in good faith and affirms the continuous and legitimate chain of ownership since its acquisition.";"Archaeology";"https://prf.hn/click/camref:1100l5ti9K/creativeref:1100l187865/destination:https%3A%2F%2Fwww.catawiki.com%2Fen%2Fl%2F98704791";"https://assets.catawiki.nl/assets/2025/10/21/b/2/a/b2a440cb-d7cd-4a73-b01f-375c5c5d3dd7.jpg";"https://assets.catawiki.nl/assets/2025/10/21/f/2/a/f2aa59ca-edd7-466c-8fbf-769eb611de43.jpg";"https://assets.catawiki.nl/assets/2025/10/21/4/1/9/419c9187-f3b1-48a9-9052-cb0a9b991b99.jpg";"98704791";"1";"2025-11-13 21:28:30"
"Medieval, Crusaders Era finger ring";"Medieval bronze ring with a beautiful green patina in very good condition, can be worn as jewelry, originally from an old Belgian collection from 1994. The inner diameter of the ring is 18mm.";"Archaeology";"https://prf.hn/click/camref:1100l5ti9K/creativeref:1100l187865/destination:https%3A%2F%2Fwww.catawiki.com%2Fen%2Fl%2F99004118";"https://assets.catawiki.nl/assets/2025/9/27/4/7/d/47d2ae8d-efac-4072-bf11-33586b221120.jpg";"https://assets.catawiki.nl/assets/2025/9/27/e/b/7/eb73dfcc-f7e4-4695-97f7-40945c241f08.jpg";"https://assets.catawiki.nl/assets/2025/9/27/a/a/9/aa94f158-3624-41fc-b172-20501ecfabb5.jpg";"99004118";"1";"2025-11-13 21:16:00"
"Medieval, Crusaders Era finger ring";"Medieval bronze ring with a beautiful green patina in very good condition, can be worn as jewelry, originally from an old Belgian collection from 1994. The inner diameter of the ring measures 19mm.";"Archaeology";"https://prf.hn/click/camref:1100l5ti9K/creativeref:1100l187865/destination:https%3A%2F%2Fwww.catawiki.com%2Fen%2Fl%2F99004185";"https://assets.catawiki.nl/assets/2025/9/27/d/8/9/d89c95f5-f6f9-481e-91f7-cb9447d62962.jpg";"https://assets.catawiki.nl/assets/2025/9/27/7/6/4/7649d48e-fc82-441d-9173-d80b6a4791b3.jpg";"https://assets.catawiki.nl/assets/2025/9/27/9/e/2/9e2a03fb-7a95-4f4d-8f0d-e81a634ba97e.jpg";"99004185";"1";"2025-11-13 21:29:20"
"Ancient Roman Carnelian Intaglio - 14 mm (No Reserve Price)";"Ancient Roman Carnelian Intaglio – Tyche (Fortuna) Seated with Globe – 1st Century B.C.<br>Beautiful Roman carnelian intaglio finely engraved with the image of Tyche (Fortuna), goddess of fortune and destiny.<br>She is shown seated on a throne, holding a globe in her right hand — symbol of her power over the fate of the world. Her mural crown evokes the protection of cities, while the serene expression reflects divine harmony.<br>Such gems were highly valued in the Roman world as amulets of good luck and prosperity, often set in rings or pendants. The warm reddish hue of carnelian was believed to bring protection and strength to its wearer.<br>Material: Carnelian<br>Technique: Intaglio engraving<br>Depiction: Tyche (Fortuna) seated holding a globe<br>Date: 1st century BC<br>Dimensions: 14 × 7 × 4 mm<br>Condition: Very good condition with fine details visible under magnification. Minor wear consistent with age.<br>Provenance: From an old European private collection, acquired before 1990.<br>An elegant and symbolic piece of ancient glyptic art — the goddess of Fortune ruling the world, captured in miniature.<br><br>";"Archaeology";"https://prf.hn/click/camref:1100l5ti9K/creativeref:1100l187865/destination:https%3A%2F%2Fwww.catawiki.com%2Fen%2Fl%2F99069406";"https://assets.catawiki.nl/assets/2025/11/5/9/6/d/96d777e0-073f-41b4-a53e-8ae4c692e2a1.jpg";"https://assets.catawiki.nl/assets/2025/11/5/e/7/d/e7dfa880-6b91-4521-869c-3af2750d811b.jpg";"https://assets.catawiki.nl/assets/2025/11/5/c/3/5/c35a0ffe-1668-4879-b37a-eea5c654d7f0.jpg";"99069406";"110";"2025-11-13 20:01:00"
"Near Eastern Bronze seal stamp - 6 cm (No Reserve Price)";"Letter of Provenance<br><br>This document serves as a statement of provenance for the item described..<br><br>The mentioned item has been in the possession of the family of a private collector since the 1990s. It was legally acquired at that time and has remained in private ownership through successive generations.<br><br>To the best of our knowledge, the item has not been subject to any legal dispute, claim, or restriction. It remains in compliance with all applicable laws governing ownership and transfer.<br><br>This statement is issued in good faith and affirms the continuous and legitimate chain of ownership since its acquisition.";"Archaeology";"https://prf.hn/click/camref:1100l5ti9K/creativeref:1100l187865/destination:https%3A%2F%2Fwww.catawiki.com%2Fen%2Fl%2F98599989";"https://assets.catawiki.nl/assets/2025/10/16/0/4/1/0410d469-5309-41af-b124-5102b6285fdc.jpg";"https://assets.catawiki.nl/assets/2025/10/16/9/8/7/987b72af-f678-4c55-90d2-e876d661548b.jpg";"https://assets.catawiki.nl/assets/2025/10/16/1/6/9/16972b96-1a02-4caa-a76a-3c525640db0a.jpg";"98599989";"3";"2025-11-13 21:31:00"
"Ancient Greek Bronze Arrowhead - 3 cm (No Reserve Price)";"";"Archaeology";"https://prf.hn/click/camref:1100l5ti9K/creativeref:1100l187865/destination:https%3A%2F%2Fwww.catawiki.com%2Fen%2Fl%2F98757909";"https://assets.catawiki.nl/assets/2025/10/23/c/3/0/c30399ae-d937-4221-b655-ee3103f06c28.jpg";"https://assets.catawiki.nl/assets/2025/10/23/1/d/c/1dc6e503-ea20-4276-af0a-1cf86722ee26.jpg";"https://assets.catawiki.nl/assets/2025/10/23/0/9/7/097c0ce2-e2c9-47ff-9fbc-635ba50ecf73.jpg";"98757909";"5";"2025-11-13 20:18:30"
"Islamic Bronze Ring - Medieval 12th - 14th AD (No Reserve Price)";"Islamic bronze ring – 12th/14th century AD – Ø18mm – 3.20g<br><br>This finely crafted Islamic bronze ring dates from the 12th to 14th century AD, showcasing an elegant design enriched with granulated motifs around a central bezel. The surface is adorned with raised circular patterns, likely symbolizing celestial or protective elements commonly seen in Islamic art of the period. Its compact form and subtle asymmetries suggest it was cast for personal wear, possibly serving both decorative and amuletic purposes.<br><br>The central bezel, now smooth with time, may once have held an inlay or inscription, now lost to age and use. Despite the loss of any specific text or iconography, the piece retains strong visual character. The craftsmanship of the ring—evident in the balanced proportions and rhythmic repetition of motifs—reflects the refined artistic sensibilities of medieval Islamic metalwork.<br><br>Material: Bronze<br>Dimensions: Internal diameter approximately 18 mm.<br>Weight: 3.20 g<br>Date: 12th–14th century AD<br>Condition: Good, with moderate surface wear and dark patina; some smoothing of details on the bezel, but structure remains intact and stable.<br><br>A graceful relic from the medieval Islamic world, embodying the quiet harmony and ornamental subtlety of a deeply spiritual artistic tradition.<br><br>Provenance: Acquired from an auction house in 2025, previously owned by a collector from the South of Germany, acquired in the 1980s.";"Archaeology";"https://prf.hn/click/camref:1100l5ti9K/creativeref:1100l187865/destination:https%3A%2F%2Fwww.catawiki.com%2Fen%2Fl%2F98825546";"https://assets.catawiki.nl/assets/2025/10/27/f/0/0/f00a62c7-bd02-442e-9a26-4d03377857f4.jpg";"https://assets.catawiki.nl/assets/2025/10/27/9/7/c/97cfb746-d2fc-431e-85b2-453d44e48d63.jpg";"https://assets.catawiki.nl/assets/2025/10/27/2/f/7/2f7cf038-e185-4753-8b62-eaf4d1d7044c.jpg";"98825546";"1";"2025-11-13 21:13:30"
"Medieval, Crusaders Era finger ring";"Medieval bronze ring with a beautiful green patina in very good condition, can be worn as jewelry, originally from an old Belgian collection from 1994. The inner diameter of the ring is 18mm.";"Archaeology";"https://prf.hn/click/camref:1100l5ti9K/creativeref:1100l187865/destination:https%3A%2F%2Fwww.catawiki.com%2Fen%2Fl%2F99004163";"https://assets.catawiki.nl/assets/2025/9/27/e/5/9/e597a290-6579-4f9d-981b-35972b037860.jpg";"https://assets.catawiki.nl/assets/2025/9/27/8/0/b/80b0a577-7946-486e-869c-1a7bc304afea.jpg";"https://assets.catawiki.nl/assets/2025/9/27/e/5/d/e5db91ae-9ca1-42c8-a83e-96239418428a.jpg";"99004163";"1";"2025-11-13 21:27:40"
"Ancient Egyptian Bracelet made of Glass and Faience Mummy beads - 16.5 cm (No Reserve Price)";"IMPORTANT!<br>Due to new custom regulations we can no longer ship outside the E.U. Please make sure you have an EU shipping address before bidding.<br><br>- Strung on modern wire with Silver Lobster Lock(925).<br><br>- Total length: 16.5 cm. Average bead size: 3-4 mm.<br><br>Registered shipping.<br><br>Provenance/Known History:<br><br>Ancient Egyptian Faience Mummy beads: Ex William Ohly 1883-1955, Abbey Museum, New Barnet, by descent. After that A&O Gallery, UK.<br><br>Ancient Egyptian/Roman Glass beads: UK, London Art Market, 1990's. After that A&O Gallery, UK.<br><br>Important information:<br><br>- A declaration of authenticity by my shop is provided with this lot.<br><br>- Invoices, import- and export papers etc. will not be shared with customers.<br><br>- Please do not pay for a won item before you are finished bidding in the auction. The system will not be able to combine your orders into one shipping if all items aren't paid at once.";"Archaeology";"https://prf.hn/click/camref:1100l5ti9K/creativeref:1100l187865/destination:https%3A%2F%2Fwww.catawiki.com%2Fen%2Fl%2F99085520";"https://assets.catawiki.nl/assets/2025/11/6/8/b/1/8b19eb86-a551-42e8-9d2b-7fee34aa515b.jpg";"https://assets.catawiki.nl/assets/2025/11/6/a/0/d/a0df4d84-cff1-4234-b9d1-bf0d702f7e1e.jpg";"https://assets.catawiki.nl/assets/2025/11/6/d/8/b/d8be17c9-0d23-46a4-a494-8611c6e1729a.jpg";"99085520";"1";"2025-11-13 20:42:40"
"(Renaissance) - Silver Decoration - Relic - 5.8 cm (No Reserve Price)";"Approximately 18th C AD - Central European Renaissance<br>Dimensions: 5.8 x 4.0 x 1.2 cm<br>Material: Silver<br>Object: Aristocratic Decoration<br>Condition: Fine condition.<br>We guarantee originality.<br><br>Provenance: Property of a private collector from southern Germany, formed in the 1970s - 1980s.<br>The Seller can prove that the lot was obtained legally.<br>Important information. The seller guarantees that he is entitled to ship this lot.<br>The seller will take care that any necessary permits will be arranged.<br>The seller will inform the buyer about this if this takes more than a few days.";"Archaeology";"https://prf.hn/click/camref:1100l5ti9K/creativeref:1100l187865/destination:https%3A%2F%2Fwww.catawiki.com%2Fen%2Fl%2F98906526";"https://assets.catawiki.nl/assets/2025/10/30/4/a/2/4a2a73ab-f30d-4f93-8b3c-c7b36861feda.jpg";"https://assets.catawiki.nl/assets/2025/10/30/2/5/3/253b2e34-c92c-4302-a78c-7409b9227056.jpg";"https://assets.catawiki.nl/assets/2025/10/30/0/3/5/035a73e0-97b9-4414-a0f8-38a2333ee336.jpg";"98906526";"4";"2025-11-13 21:05:10"
"Ancient Roman Bronze Bangle (No Reserve Price)";"Letter of Provenance<br><br>This document serves as a statement of provenance for the item described.<br><br>The mentioned item has been in the possession of the family of a private collector since the 1990s. It was legally acquired at that time and has remained in private ownership through successive generations.<br><br>To the best of our knowledge, the item has not been subject to any legal dispute, claim, or restriction. It remains in compliance with all applicable laws governing ownership and transfer.<br><br>This statement is issued in good faith and affirms the continuous and legitimate chain of ownership since its acquisition.";"Archaeology";"https://prf.hn/click/camref:1100l5ti9K/creativeref:1100l187865/destination:https%3A%2F%2Fwww.catawiki.com%2Fen%2Fl%2F98972084";"https://assets.catawiki.nl/assets/2025/11/2/0/a/d/0ad38216-b4b0-46df-960e-79a8ec8a0f7f.jpg";"https://assets.catawiki.nl/assets/2025/11/2/d/9/6/d9635a07-dae5-47a5-b9c4-7b98bbd23343.jpg";"https://assets.catawiki.nl/assets/2025/11/2/b/5/a/b5a925d1-f588-49e1-9b64-279da2041ef5.jpg";"98972084";"1";"2025-11-13 20:47:40"
"Late Roman/Early Byzantine Bronze, -17 mm- Ring (No Reserve Price)";"Byzantine ring<br><br>Origin: Northern Germany<br><br>Material: bronze.<br><br>Date: 4th-6th century AD<br><br>Condition: Very good, see photo.<br><br>Size: 17 mm internal diameter<br><br>Weight 7.02 g.<br><br>The patina of this ring is truly beautiful and you can wear this remarkable piece of jewelry.<br><br>Origin<br>Origin: Property of a former private collection formed in 1980<br><br>Acquired at the antiques market in Vienna, Austria in the 2004s<br><br>The supplier guarantees that they purchased this part legally.<br><br>Catawiki has seen the documentation that proves this provenance.<br><br>Important information: The seller guarantees that they have the right to sell/export this batch.<br><br>The seller will ensure that all necessary permits are processed.<br>No shipments are made outside the EU.<br><br>IMPORTANT NOTE: This item comes from an ancient private collection, not a company. Its authenticity and period have been verified and acknowledged by Catawiki experts using their own various methods.<br>I suggest that you keep a copy of the auction, which will serve as a certificate of authenticity.<br><br>See images for proper printing<br><br>1328/concord 4";"Archaeology";"https://prf.hn/click/camref:1100l5ti9K/creativeref:1100l187865/destination:https%3A%2F%2Fwww.catawiki.com%2Fen%2Fl%2F98064778";"https://assets.catawiki.nl/assets/2025/9/22/e/6/6/e668153c-1ec4-413c-99a3-433c39d51d61.jpg";"https://assets.catawiki.nl/assets/2025/9/22/8/3/1/831007f5-194b-4527-92f4-ef76cc6cfcac.jpg";"https://assets.catawiki.nl/assets/2025/9/22/e/9/1/e9147aec-5389-4f6b-a8db-27f7694b72b7.jpg";"98064778";"3";"2025-11-13 20:49:20"
"Ancient Egyptian to Roman Glass over 100 ancient beads (No Reserve Price)";"A selection of over 100 Roman and Ancient Egyptian mixed media beads consisting of glass, faience ,agate and Lapiz Lazuli.<br>From my own collection since 1997.<br>circa 500 BCE-400 ADE <br>Comes with provenance statement<br>Sent by tracked and signed post.";"Archaeology";"https://prf.hn/click/camref:1100l5ti9K/creativeref:1100l187865/destination:https%3A%2F%2Fwww.catawiki.com%2Fen%2Fl%2F98995467";"https://assets.catawiki.nl/assets/2025/11/3/8/b/9/8b9b40b9-366a-4625-a1ab-22c90bf093e3.jpg";"https://assets.catawiki.nl/assets/2025/11/3/b/1/7/b177ce6b-202c-4c1f-88de-85779ec4ac17.jpg";"https://assets.catawiki.nl/assets/2025/11/3/0/d/9/0d9fb7ce-5349-490e-9658-1b6c29853610.jpg";"98995467";"75";"2025-11-13 20:48:30"
"Medieval finger ring (No Reserve Price)";"Medieval bronze ring with fine craftsmanship and beautiful patina in very good condition, can be worn as jewelry, originally from an old Belgian collection from 1995. The inner diameter of the ring measures 18mm.";"Archaeology";"https://prf.hn/click/camref:1100l5ti9K/creativeref:1100l187865/destination:https%3A%2F%2Fwww.catawiki.com%2Fen%2Fl%2F98934728";"https://assets.catawiki.nl/assets/2025/9/26/d/6/7/d679aedc-91b8-4c04-9eef-c2202ded46cd.jpg";"https://assets.catawiki.nl/assets/2025/9/26/d/3/d/d3dcaa18-11f8-4a19-a287-ed00fc96a605.jpg";"https://assets.catawiki.nl/assets/2025/9/26/4/5/8/45836b2f-e903-4c6e-b4e5-dbc9d61f4005.jpg";"98934728";"1";"2025-11-13 20:40:10"
"Viking Era Bronze, -Old protective amulet/talisman- 28 mm - 9th/11th centuries AD Amulet (No Reserve Price)";"";"Archaeology";"https://prf.hn/click/camref:1100l5ti9K/creativeref:1100l187865/destination:https%3A%2F%2Fwww.catawiki.com%2Fen%2Fl%2F98184899";"https://assets.catawiki.nl/assets/2025/9/28/9/e/f/9eff6544-e178-4eb9-9afb-2d898512e048.jpg";"https://assets.catawiki.nl/assets/2025/9/28/3/f/8/3f80677f-279f-4126-a7e8-b52230496251.jpg";"https://assets.catawiki.nl/assets/2025/9/28/4/9/e/49e651ce-456c-4b8e-8b51-6934463d2471.jpg";"98184899";"1";"2025-11-13 20:57:40"
"Ancient Roman Bronze Votive offering, in the shape of a bird - 58 cm (No Reserve Price)";"";"Archaeology";"https://prf.hn/click/camref:1100l5ti9K/creativeref:1100l187865/destination:https%3A%2F%2Fwww.catawiki.com%2Fen%2Fl%2F98061004";"https://assets.catawiki.nl/assets/2025/9/22/5/c/3/5c3ccd4f-aa9f-4e27-aba0-0f2a8a154f46.jpg";"https://assets.catawiki.nl/assets/2025/9/22/9/0/4/904c9673-4dff-4de2-aabe-05b215c6fef8.jpg";"https://assets.catawiki.nl/assets/2025/9/22/7/f/c/7fc4091c-3c54-49a9-91a3-f36b77a3f072.jpg";"98061004";"1";"2025-11-13 21:36:50"
"Islamic Bronze Ring - Medieval 12th - 13th AD (No Reserve Price)";"Medieval Crusader Bronze Ring – 12th-13th century AD – 21mm – 3.09g<br><br>A striking medieval bronze ring with a shield-shaped bezel engraved with what appears to be a heraldic or geometric motif. The form and proportions suggest it was crafted during the time of the Crusades, likely worn by a member of the Christian military orders or a European pilgrim. The high shoulders and flat face are characteristic of rings associated with the 12th to 13th century, a period marked by intense religious and military activity across the Levant and Europe.<br><br>The ring exhibits a rich patina with areas of original bronze visible beneath the surface, alongside darkened encrustations typical of extended burial. Its weight and construction suggest it was not merely decorative, but possibly a personal signet or identity token. Medieval rings of this type are often recovered in the former Crusader states or along pilgrimage routes, making this a remarkable example of wearable medieval history.<br>Material: Bronze<br>• Dimensions: 17 mm internal diameter<br>Weight: 3.09g<br>• Date: 12th–13th century AD<br>Condition: Very good, complete; stable patina with signs of age and historical wear.<br><br>An evocative relic from the era of the Crusades, embodying the spirit of devotion, identity, and European chivalric presence in the medieval world.<br><br>Provenance: Acquired from an auction house in 2025, previously owned by a collector from the South of Germany, acquired in the 1980s.";"Archaeology";"https://prf.hn/click/camref:1100l5ti9K/creativeref:1100l187865/destination:https%3A%2F%2Fwww.catawiki.com%2Fen%2Fl%2F98661393";"https://assets.catawiki.nl/assets/2025/10/20/b/c/a/bcaeb070-abce-4c02-9253-3bec99598749.jpg";"https://assets.catawiki.nl/assets/2025/10/20/2/d/c/2dcf951f-ae4c-4fcd-b6a6-9f4b00bb2bdc.jpg";"https://assets.catawiki.nl/assets/2025/10/20/e/9/2/e921d60e-f2a0-4716-8ebe-dce5f1a6d8c9.jpg";"98661393";"1";"2025-11-13 21:25:10"
"Byzantine Bronze Tweezers - 44 mm (No Reserve Price)";"Byzantine Bronze Tweezers – Personal Grooming Tool and Symbol of Refinement<br><br><br>An elegant Byzantine bronze tweezers, beautifully preserved with subtle decorative ridges along its length — a fine example of everyday luxury from the heart of the Byzantine Empire.<br><br>During the Byzantine period (4th–12th century AD), grooming tools such as these were essential personal items, often carried in small toiletry kits or worn attached to belts. Beyond their practical use, they reflected the importance of personal hygiene, refinement, and social status in Byzantine society.<br><br>This piece’s delicate craftsmanship and symmetrical lines show the influence of classical tradition blended with early medieval aesthetics. It may have belonged to a noblewoman or a member of the urban elite — someone who valued not only appearance but also the ritual purity closely tied to faith and daily life.<br><br>The bronze surface has developed a soft, warm patina over centuries, enhancing its authenticity and charm.<br><br>Culture/Period: Byzantine Empire, 9th–12th century AD<br>Material: Bronze<br>Dimensions: Length 44 mm<br>Condition: Very fine; intact with minor wear and beautiful patina<br>Provenance: European private collection<br><br>A remarkable survival of Byzantine elegance — this bronze tweezers tells the quiet story of beauty, belief, and daily life in one of history’s most enduring empires.";"Archaeology";"https://prf.hn/click/camref:1100l5ti9K/creativeref:1100l187865/destination:https%3A%2F%2Fwww.catawiki.com%2Fen%2Fl%2F99067659";"https://assets.catawiki.nl/assets/2025/11/5/5/0/c/50c06a07-4631-4653-93b9-84f01f370112.jpg";"https://assets.catawiki.nl/assets/2025/11/5/2/8/8/288c13a1-d3cf-438a-a055-e8ce788a7ec8.jpg";"https://assets.catawiki.nl/assets/2025/11/5/6/1/6/6162359b-5fd2-4bbb-94de-5613436f2e9f.jpg";"99067659";"3";"2025-11-13 21:10:10"
"Bactrian Necklace made of Lapis beads - 43 cm (No Reserve Price)";"IMPORTANT!<br>Due to new custom regulations we can no longer ship outside the E.U. Please make sure you have an EU shipping address before bidding.<br><br>- Strung on modern wire with Silver Magnetic Lock (925).<br><br>- Total length: 43 cm. Average size beads: 4-6 mm.<br><br>Registered shipping.<br><br>Provenance/Known History:<br><br>London Art Market, 1990's, UK. After that A&O Gallery.<br><br>Important information:<br><br>- A declaration of authenticity by my shop is provided with this lot.<br><br>- Invoices, import- and export papers etc. will not be shared with customers.<br><br>- Please do not pay for a won item before you are finished bidding in the auction. The system will not be able to combine your orders into one shipping if all items aren't paid at once.";"Archaeology";"https://prf.hn/click/camref:1100l5ti9K/creativeref:1100l187865/destination:https%3A%2F%2Fwww.catawiki.com%2Fen%2Fl%2F99086460";"https://assets.catawiki.nl/assets/2025/11/6/6/b/7/6b7da09b-8262-4851-9221-b7548b8fae53.jpg";"https://assets.catawiki.nl/assets/2025/11/6/0/1/4/014339e3-3de2-4f54-a097-c3ceec2fbc92.jpg";"https://assets.catawiki.nl/assets/2025/11/6/0/0/0/0000202d-7e98-4663-9743-a58de206aaa2.jpg";"99086460";"2";"2025-11-13 20:06:00"
"Ancient Roman Bronze Ancient Roman Bronze Ring Loop – Converted to Pendant (1st–4th Century AD) (No Reserve Price)";"Ancient Roman Bronze Pendant (1st–4th Century AD)<br><br>Culture: Ancient Roman<br>Material: Bronze<br>Period: Circa 1st–4th century AD<br>Weight approx: 1.8g<br>Condition: Aged with surface wear and patina<br>Provenance: From an old European collection, acquired before 2000<br><br>An authentic Ancient Roman bronze pendant, dating from the 1st–4th century AD. Circular in form, it displays a beautiful green patina that has developed naturally over the centuries. The surface bears the soft texture of age, reflecting the passage of nearly two thousand years.<br><br>Likely worn as a personal charm or amulet, this understated pendant embodies the timeless simplicity of Roman craftsmanship. A genuine artefact of the ancient world — elegant in its minimalism and rich in history.<br><br><br>CUSTOMS<br><br>*** On orders outside the EU a customs fee will be applied upon arrival to the country of the buyer***<br><br><br>Thank you!";"Archaeology";"https://prf.hn/click/camref:1100l5ti9K/creativeref:1100l187865/destination:https%3A%2F%2Fwww.catawiki.com%2Fen%2Fl%2F98900741";"https://assets.catawiki.nl/assets/2025/10/29/0/e/2/0e25116d-3dd7-44bd-8ce4-c83e069d23b2.jpg";"https://assets.catawiki.nl/assets/2025/10/29/4/8/3/48328573-4d3a-400b-9023-27fa1d26cae9.jpg";"https://assets.catawiki.nl/assets/2025/10/29/0/6/8/068c9e32-3b1c-4ee5-b8ad-b0de08990be9.jpg";"98900741";"1";"2025-11-13 20:46:00"
"Medieval signet ring";"A 30x25 m piece was acquired by the current owner on March 4, 2023, in Munich, Germany, from person V-P at the archaeology fair. It is private Belgian collection property of Mr. V., acquired from a private collection established in 1995. The seller guarantees that this item was obtained in accordance with all national and international laws regarding the possession of cultural assets. Provenance declaration viewed by Catawbawiki.<br><br>The seller ensures that all necessary permits, such as an export license, are obtained and informs the buyer of their status if this takes longer than a few days.";"Archaeology";"https://prf.hn/click/camref:1100l5ti9K/creativeref:1100l187865/destination:https%3A%2F%2Fwww.catawiki.com%2Fen%2Fl%2F98979312";"https://assets.catawiki.nl/assets/2025/9/17/0/d/9/0d9b3b1b-7fb5-4e05-9a1e-2d7996b856e5.jpg";"https://assets.catawiki.nl/assets/2025/9/17/2/e/e/2eee922b-de7b-4db9-8421-e8269e2787aa.jpg";"https://assets.catawiki.nl/assets/2025/9/17/1/4/e/14e08d34-638c-4231-829e-a73cdcff19c3.jpg";"98979312";"2";"2025-11-13 21:07:40"
"Celtic Silver finger ring";"Celtic silver ring in perfect condition, suitable for jewelry. The inner diameter of the ring is 18 mm. Origin: old French collection from 1995.";"Archaeology";"https://prf.hn/click/camref:1100l5ti9K/creativeref:1100l187865/destination:https%3A%2F%2Fwww.catawiki.com%2Fen%2Fl%2F99004143";"https://assets.catawiki.nl/assets/2025/8/31/c/0/2/c022515c-2220-421a-a37a-ff8741a0af94.jpg";"https://assets.catawiki.nl/assets/2025/8/31/8/2/6/826c2540-1b6d-4e7f-a008-00369afc8ff1.jpg";"https://assets.catawiki.nl/assets/2025/8/31/3/2/f/32ffe837-51bf-4f5b-b98b-2005ab260f2f.jpg";"99004143";"10";"2025-11-13 20:55:10"
"Islamic Bronze Ring - Medieval 11th - 13th AD (No Reserve Price)";"Islamic bronze ring – 11th–13th century AD – Ø 18 mm – 5.71 g<br><br>A finely crafted bronze ring from the Islamic world, dating approximately to the 11th–13th century AD. The bezel, of square form, features a central raised motif surrounded by engraved linear patterns, possibly evoking solar or symbolic inscriptions. This geometric and abstract approach is characteristic of medieval Islamic decorative principles, which often emphasized stylized patterns over figurative imagery.<br><br>The band is robust, slightly irregular due to age, and shows uniform patination with encrustation typical of long burial. Likely used as a personal adornment or signet, the ring stands as a discreet yet telling remnant of Islamic craftsmanship during a period of expansive trade, cultural exchange, and artistic refinement.<br>Material: Bronze<br>• Dimensions: Internal diameter approx. 18 mm<br>Weight: 5.71 g<br>• Date: 11th–13th Century AD<br>Good condition for age. Intact, with surface corrosion, some wear to the bezel, and minor mineral deposits.<br><br>A compact artifact of elegant utility, echoing the refined aesthetic and cultural identity of the medieval Islamic world.<br><br>Provenance: Acquired from an auction house in 2025, previously owned by a collector from the South of Germany, acquired in the 1980s.";"Archaeology";"https://prf.hn/click/camref:1100l5ti9K/creativeref:1100l187865/destination:https%3A%2F%2Fwww.catawiki.com%2Fen%2Fl%2F98661192";"https://assets.catawiki.nl/assets/2025/10/20/e/2/3/e23fc92c-b2ff-4e06-80c9-a97040bce764.jpg";"https://assets.catawiki.nl/assets/2025/10/20/d/4/1/d41cbd53-79ed-4fd7-a29e-305263d09bd0.jpg";"https://assets.catawiki.nl/assets/2025/10/20/d/8/3/d836b662-e20c-484b-b117-0d446fb2ac27.jpg";"98661192";"1";"2025-11-13 21:41:00"
"Byzantine Bronze key - 31 mm (No Reserve Price)";"Description:<br>A charming and well-preserved bronze key from the Byzantine period - 7th–12th Century AD , originally used to secure a small jewelry box or personal casket.<br>The key features a round loop handle with slight decorative tooling, a flat rectangular shaft, and a stepped bit with four precisely cut teeth.<br>This compact and functional design typifies Byzantine domestic metalwork, combining elegance with everyday practicality.<br><br>The piece retains its authentic ancient patina, with mottled brown and green oxidation layers that highlight its age and historical integrity. Such small keys were often associated with personal belongings, including jewelry boxes, reliquaries, or cosmetic caskets.<br><br>Provenance:<br>Ex-European private collection; acquired prior to 2000.<br><br>References:<br>Comparable examples:<br>– British Museum, Byzantine and Early Medieval Keys, inv. nos. BM 1912,0728.36–38.<br>– G. Schlumberger, Les Clefs Byzantines et Médiévales, Paris, 1885.<br><br>Notes:<br>A fine and complete example of Byzantine craftsmanship — rare in such excellent condition.";"Archaeology";"https://prf.hn/click/camref:1100l5ti9K/creativeref:1100l187865/destination:https%3A%2F%2Fwww.catawiki.com%2Fen%2Fl%2F99031928";"https://assets.catawiki.nl/assets/2025/11/4/b/c/9/bc9daf21-d79c-47c7-9c53-86f2e52a1086.jpg";"https://assets.catawiki.nl/assets/2025/11/4/5/e/f/5ef9deda-9e9c-48bf-a795-f839938db3de.jpg";"https://assets.catawiki.nl/assets/2025/11/4/3/b/5/3b58fe13-6438-4813-aae6-695b8a91e192.jpg";"99031928";"20";"2025-11-13 20:01:50"
"Ancient Roman Bronze - 13 mm - centuries 1st / 3rd AD - attractive patina Ring (No Reserve Price)";"";"Archaeology";"https://prf.hn/click/camref:1100l5ti9K/creativeref:1100l187865/destination:https%3A%2F%2Fwww.catawiki.com%2Fen%2Fl%2F97859387";"https://assets.catawiki.nl/assets/2025/9/12/7/a/4/7a47322d-f763-4f8a-8056-58099e0b440a.jpg";"https://assets.catawiki.nl/assets/2025/9/12/c/7/3/c7326e84-d4b7-49dd-b024-7e4480157f9b.jpg";"https://assets.catawiki.nl/assets/2025/9/12/5/8/1/58165472-94c0-41bd-b511-52a2c40153f7.jpg";"97859387";"5";"2025-11-13 21:21:50"
"Medieval Bronze Decorated Ring - 25 mm (No Reserve Price)";"A fair condition Ancient Bronze Medieval Ring with good decoration to the band and bezel and dating to about the 15th C A.D. Break to the band (see photos).<br>Object acquired in 2025 in London, UK from 'DM' as part of a Private European Collection dating to the pre- 1990s.<br><br>The seller guarantees that he acquired this piece according to all national and international laws related to the ownership of cultural property. Provenance statement seen by Catawiki.<br><br>The seller will take care that any necessary permits, like an export license will be arranged if necessary, and will inform the buyer about the status of it if this takes more than a few days. <br><br>Any lots subjected to additional fees when at the customs office in the destination country, if any, will be paid by the buyer and it is the buyer’s responsibility to contact their customs office to pay any fees and release the item or if there is an extended delay in the processing checks.<br>It is the buyer’s responsibility to be in contact with their customs office to ensure a smooth delivery.";"Archaeology";"https://prf.hn/click/camref:1100l5ti9K/creativeref:1100l187865/destination:https%3A%2F%2Fwww.catawiki.com%2Fen%2Fl%2F99110694";"https://assets.catawiki.nl/assets/2025/11/7/2/d/a/2daf7585-852e-421c-9963-1774fff047d3.jpg";"https://assets.catawiki.nl/assets/2025/11/7/b/1/d/b1da23a5-2e76-45d9-bbb0-2643e60c7afb.jpg";"https://assets.catawiki.nl/assets/2025/11/7/2/5/4/2545b8fd-7b43-40b8-8693-5400505a8cca.jpg";"99110694";"2";"2025-11-15 17:55:08"
"Ancient Roman Carnelian Intaglio with Cockerel and Hen";"Red cornelian intaglio depicting a standing cockerel facing a feeding hen, separated by a tree.<br><br>Size: 1.7 cm L - 11/16 inch<br>Material: Cornelian<br>Culture: Roman, c. 1st Century A.D.<br>Condition: Intact<br><br><br>Provenance: Private UK collection acquired in the London market before 2000. <br>The seller guarantees that this item has been legally acquired & will be legally exported, related documents seen by Catawiki.<br>This item do not need an export licence within the EU. <br>The seller will inform the buyer if it needs a UK export licence outside the EU<br><br>Worldwide shipping by Registered Mail. <br>Comes with a Certificate of Authenticity <br>N.B. Import duties may be incurred on orders shipped to countries outside the UK.";"Archaeology";"https://prf.hn/click/camref:1100l5ti9K/creativeref:1100l187865/destination:https%3A%2F%2Fwww.catawiki.com%2Fen%2Fl%2F99000615";"https://assets.catawiki.nl/assets/2025/11/3/d/e/7/de7800bb-a3e3-46df-80f3-e89e5a42813d.jpg";"https://assets.catawiki.nl/assets/2025/11/3/5/6/5/56512841-8a4f-470c-9ab1-c87418f55033.jpg";"https://assets.catawiki.nl/assets/2025/11/3/0/6/1/061c104c-44c9-4601-9084-59dd2120c614.jpg";"99000615";"300";"2025-11-15 17:38:42"
"Medieval Bronze Ring - Ancient (No Reserve Price)";"Letter of Provenance<br><br>This document serves as a statement of provenance for the item described.<br><br><br>The mentioned item has been in the possession of the family of a private collector since the 1990s. It was legally acquired at that time and has remained in private ownership through successive generations.<br><br>To the best of our knowledge, the item has not been subject to any legal dispute, claim, or restriction. It remains in compliance with all applicable laws governing ownership and transfer.<br><br>This statement is issued in good faith and affirms the continuous and legitimate chain of ownership since its acquisition.";"Archaeology";"https://prf.hn/click/camref:1100l5ti9K/creativeref:1100l187865/destination:https%3A%2F%2Fwww.catawiki.com%2Fen%2Fl%2F98484707";"https://assets.catawiki.nl/assets/2025/10/12/3/f/a/3fab3187-88cd-4750-ac62-d5389e3c2566.jpg";"https://assets.catawiki.nl/assets/2025/10/12/f/8/6/f86c9fee-863e-401e-9ee3-c76784992781.jpg";"https://assets.catawiki.nl/assets/2025/10/12/1/7/5/17591f4e-5492-46c8-864a-448e824e8485.jpg";"98484707";"2";"2025-11-15 17:43:32"
"Medieval Bronze Figure Ring - 27 mm (No Reserve Price)";"A good condition Ancient Bronze Medieval Ring with what appears to be a figure carved onto the bezel (see photos). Ring dating to about the 12th C A.D.<br>Object acquired in 2025 in London, UK from 'AA' as part of a Private European Collection dating to the pre- 1990s.<br><br>The seller guarantees that he acquired this piece according to all national and international laws related to the ownership of cultural property. Provenance statement seen by Catawiki.<br><br>The seller will take care that any necessary permits, like an export license will be arranged if necessary, and will inform the buyer about the status of it if this takes more than a few days. <br><br>Any lots subjected to additional fees when at the customs office in the destination country, if any, will be paid by the buyer and it is the buyer’s responsibility to contact their customs office to pay any fees and release the item or if there is an extended delay in the processing checks.<br>It is the buyer’s responsibility to be in contact with their customs office to ensure a smooth delivery.";"Archaeology";"https://prf.hn/click/camref:1100l5ti9K/creativeref:1100l187865/destination:https%3A%2F%2Fwww.catawiki.com%2Fen%2Fl%2F99110767";"https://assets.catawiki.nl/assets/2025/11/7/d/3/e/d3ec258f-0936-430e-9098-c5d4feb56f74.jpg";"https://assets.catawiki.nl/assets/2025/11/7/b/8/8/b887399b-e5c3-4c70-8d59-c2ef90579245.jpg";"https://assets.catawiki.nl/assets/2025/11/7/1/5/f/15f0e4d5-5490-483d-8d98-dbcb4b89ef8a.jpg";"99110767";"8";"2025-11-15 17:46:26"
"Ancient Roman Glass Bead Bracelet (No Reserve Price)";"A good condition collection of Ancient Roman Glass Beads, restrung onto a modern cord for use as a bracelet. Beads dating to about the 1st - 4th C A.D.<br>Object acquired in 2025 in London, UK from 'DM' as part of a Private European Collection dating to the pre- 1990s.<br><br>The seller guarantees that he acquired this piece according to all national and international laws related to the ownership of cultural property. Provenance statement seen by Catawiki.<br><br>The seller will take care that any necessary permits, like an export license will be arranged if necessary, and will inform the buyer about the status of it if this takes more than a few days. <br><br>Any lots subjected to additional fees when at the customs office in the destination country, if any, will be paid by the buyer and it is the buyer’s responsibility to contact their customs office to pay any fees and release the item or if there is an extended delay in the processing checks.<br>It is the buyer’s responsibility to be in contact with their customs office to ensure a smooth delivery.";"Archaeology";"https://prf.hn/click/camref:1100l5ti9K/creativeref:1100l187865/destination:https%3A%2F%2Fwww.catawiki.com%2Fen%2Fl%2F99110571";"https://assets.catawiki.nl/assets/2025/11/7/2/1/7/217f9d32-0c28-42be-a29a-b141905d1331.jpg";"https://assets.catawiki.nl/assets/2025/11/7/9/9/4/9945c287-eebe-40f7-beaa-79addc0ff251.jpg";"https://assets.catawiki.nl/assets/2025/11/7/6/9/2/692341d2-33f3-4646-ab18-ba5df52ee6a7.jpg";"99110571";"1";"2025-11-15 17:25:10"
"Silver, Gold-plated - Ring - Hand-engraved cameo";"Beautiful ring made with an antique cameo carved on a Cassis Madagascariensis shell in the mid-20th century in Torre del Greco.<br>Classic but current frame that makes it even more unique.<br>Total weight 7.64 grams<br>Naked cameo 24mm x 19mm<br>Adjustable size<br>Set in 925 silver, gold plated.<br>It will be delivered with gift packaging and a material warranty.";"Archaeology";"https://prf.hn/click/camref:1100l5ti9K/creativeref:1100l187865/destination:https%3A%2F%2Fwww.catawiki.com%2Fen%2Fl%2F98968460";"https://assets.catawiki.nl/assets/2025/7/18/f/5/5/f554506d-21c3-4a56-9967-7f6cbd8588b4.jpg";"https://assets.catawiki.nl/assets/2025/7/18/1/b/7/1b7b1b6e-cc9e-46f2-ba0c-f60a6a4ffb9a.jpg";"https://assets.catawiki.nl/assets/2025/7/18/6/f/1/6f1b6519-c6e3-4ae3-a2d8-f9c6d693ba26.jpg";"98968460";"1";"2025-11-15 18:17:22"
"Genuine Amber Mala Necklace – Polished Fossil Beads with Golden Glow - Amber (No Reserve Price)";"A radiant tribute to nature’s artistry, this handcrafted necklace is composed of genuine Baltic amber beads glowing in rich tones of honey, gold, and cognac. Each polished sphere holds its own tiny world — ancient air bubbles, organic inclusions, and the warm light of a prehistoric forest. The multicolor gradient creates depth and movement, giving this piece a timeless balance between elegance and natural charm.<br><br>### Material & Inclusions<br><br>* Genuine Baltic amber from the Eocene period (35–50 million years old)<br>* Natural golden, honey, and dark cognac hues<br>* Visible inclusions and natural textures within each bead<br>* No pressed, reconstructed, or synthetic amber used<br><br>### Craftsmanship & Design<br><br>* Hand-polished round amber beads with a smooth glossy finish<br>* Knotted on durable thread for flexibility and strength<br>* Lightweight and comfortable for everyday wear or special occasions<br>* Can be worn as a necklace or wrapped multiple times as a bracelet<br>* Each necklace is unique — natural color and clarity variations make every piece one of a kind<br><br>### UV Testing & Authenticity<br><br>* Passes UV fluorescence test with characteristic blue-green glow<br>* Verified 100% natural Baltic amber<br>* Handmade in the Baltic region by experienced artisans<br><br>### Dimensions<br><br>* Total length: approximately 84 cm<br>* Bead diameter: 7–8 mm<br>* Adjustable string ends for versatile styling<br><br>### Condition<br><br>* New, handcrafted condition<br>* Perfect polish, no cracks or chips<br>* Ready to wear or gift immediately<br><br>### Shipping & Packaging<br><br>* Ships securely from Lithuania via registered international airmail<br>* Tracking number provided<br>* Estimated delivery times:<br> * Europe: 4–8 business days<br> * USA & Canada: 7–14 business days<br> * Rest of the world: 10–21 business days";"Archaeology";"https://prf.hn/click/camref:1100l5ti9K/creativeref:1100l187865/destination:https%3A%2F%2Fwww.catawiki.com%2Fen%2Fl%2F99040319";"https://assets.catawiki.nl/assets/2025/10/6/1/5/8/158edd26-d9d5-49fb-83e9-136def2d80ae.jpg";"https://assets.catawiki.nl/assets/2025/10/6/8/b/7/8b7d19a2-2e36-4f4f-b173-be9ef88b13c3.jpg";"https://assets.catawiki.nl/assets/2025/10/6/5/5/1/55144a1d-8747-4d8f-9026-47c1904c3a0e.jpg";"99040319";"8";"2025-11-15 17:41:36"
"Blood Coral - Silver, Gold-plated - Earrings - Horn and Red Coral";"Elegant and lightweight earrings in pierced horn cameo, hand-engraved with Mediterranean coral accents, finished with a square onyx at the lobe.<br>Total weight 12.87 grams<br>Length 5.5cm<br>Square side 12mm<br>Total width 40mm<br>Cameo 16mm including coral spheres.<br>Argento 925 plated in gold.<br>It will be delivered with gift packaging and a material warranty.";"Archaeology";"https://prf.hn/click/camref:1100l5ti9K/creativeref:1100l187865/destination:https%3A%2F%2Fwww.catawiki.com%2Fen%2Fl%2F99049620";"https://assets.catawiki.nl/assets/2025/11/5/c/2/c/c2c93cf1-e8c7-403a-8657-d13c560ff8c8.jpg";"https://assets.catawiki.nl/assets/2025/11/5/d/2/8/d28b88a0-821a-4a1c-8303-321a089f382d.jpg";"https://assets.catawiki.nl/assets/2025/11/5/5/8/f/58f25c20-e72c-4dca-a56f-32aa9332fb49.jpg";"99049620";"1";"2025-11-15 17:32:54"
"Polished Ø14 Baltic Amber Bracelet – Dark Golden Transparency & Organic Fossil Patterns - Amber (No Reserve Price)";"This elegant bracelet glows with the rich depth of natural Baltic amber. Each bead reveals the golden-brown transparency and intricate fossil inclusions formed over millions of years, creating a natural mosaic of ancient life. Warm, radiant, and timeless — it’s a true piece of Earth’s history, designed for those who appreciate authenticity and natural charm.<br><br>### Material & Inclusions<br><br>* Genuine Baltic amber from the Eocene period (35–50 million years old)<br>* Deep golden, honey, and cognac hues with dark fossil undertones<br>* Visible ancient inclusions and air bubbles within each bead<br>* 100% authentic natural amber – not pressed, treated, or reconstructed<br><br>### Craftsmanship & Design<br><br>* Perfectly round, hand-polished amber beads with smooth, reflective surfaces<br>* Each bead uniquely displays organic inner structures and rich depth<br>* Strung on high-quality stretch cord for comfortable, flexible wear<br>* Timeless design emphasizing natural clarity and fossil texture<br><br>### UV Testing & Authenticity<br><br>* Passes UV fluorescence test with characteristic greenish-blue glow<br>* Verified as genuine Baltic amber<br>* Handmade and tested in the Baltic region<br><br>### Dimensions<br><br>* Amber bead diameter: approximately 13,7 mm<br>* Inner bracelet diameter: about 6 cm<br>* Stretch design fits most adult wrists comfortably<br><br>### Condition<br><br>* New, handcrafted condition<br>* No cracks, chips, or visible imperfections<br>* Ready for immediate wear or gifting<br><br>### Shipping & Packaging<br><br>* Ships securely from Lithuania via registered international airmail<br>* Tracking number provided<br>* Estimated delivery times:<br>* Europe: 4–8 business days<br>* USA & Canada: 7–14 business days<br>* Rest of the world: 10–21 business days";"Archaeology";"https://prf.hn/click/camref:1100l5ti9K/creativeref:1100l187865/destination:https%3A%2F%2Fwww.catawiki.com%2Fen%2Fl%2F99040293";"https://assets.catawiki.nl/assets/2025/10/11/3/4/c/34cf3459-6a34-4a35-8c00-628eebfe7c72.jpg";"https://assets.catawiki.nl/assets/2025/10/11/c/1/8/c18b6818-9a8b-4cb8-a0c5-bec82370eecc.jpg";"https://assets.catawiki.nl/assets/2025/10/11/e/9/7/e973a12a-49f8-4ae7-ae49-16cf3a13d78f.jpg";"99040293";"1";"2025-11-15 17:53:12"
"Silver - Earrings - Baroque Pearls";"A must-have: baroque freshwater pearl earrings from Asia.<br>Made in Torre del Greco in 925 silver using the lost wax technique, where the setting follows the shape of the pearls.<br>Monk strap closure for a better fit and safety.<br>Total weight 17 grams.<br>Pearl diameter 15mm<br>Total length 3cm from hook.<br>It will be delivered with gift packaging and a material warranty.";"Archaeology";"https://prf.hn/click/camref:1100l5ti9K/creativeref:1100l187865/destination:https%3A%2F%2Fwww.catawiki.com%2Fen%2Fl%2F97330302";"https://assets.catawiki.nl/assets/2025/8/18/2/f/0/2f08fa35-aadc-44dc-b85a-7cf56506943e.jpg";"https://assets.catawiki.nl/assets/2025/8/18/f/e/b/feb5b251-feed-4c1b-b82a-7a117ba91225.jpg";"https://assets.catawiki.nl/assets/2025/8/18/0/f/6/0f65e583-9bca-4e14-9a4b-ee3f9f8750a5.jpg";"97330302";"80";"2025-11-15 18:05:46"
"Scythian Bronze Arrowhead – with Modern Silver Terminal – Circa 800–400 BC";"Ancient Greek or Scythian Bronze Arrowhead with Modern Silver Terminal – Mounted as Pendant on Stainless Steel Chain – Circa 800–400 BC – 9.2 cm, 13.4 g<br><br><br>An authentic ancient bronze arrowhead, dating to the Greek or Scythian period (circa 800–400 BC), beautifully preserved and now mounted with a modern silver terminal to create an elegant and timeless pendant.<br><br>This finely cast arrowhead features a distinctive barbed triangular blade with a raised central ridge, a form widely used by Greek hoplites and Scythian horse archers across the ancient Mediterranean and steppe regions. The bronze surface displays a rich archaeological patina, bearing witness to its long burial and remarkable preservation.<br><br>Details:<br><br>Culture: Greek or Scythian<br><br>Date: Circa 800–400 BC<br><br>Material: Bronze (arrowhead), Silver (terminal), Stainless Steel (chain)<br><br>Length: Approx. 9.2 cm<br><br>Weight: Approx. 13.4 g<br><br>Chain Length: Approx. 63cm<br><br>Condition: Very fine; stable ancient surface with attractive patina, securely mounted with a handmade silver fitting<br><br>Provenance: From an established European collection; previously acquired from a licensed antiquities dealer in the UK<br><br>Authenticity: Guaranteed genuine; certificate of authenticity included<br><br>A striking fusion of ancient warfare and modern artistry — this pendant transforms a genuine artefact once used in battle into a wearable piece of history.<br><br>Shipping: Tracked and insured worldwide.<br><br><br><br>****Please note: Orders shipped outside the EU may be subject to customs fees and import duties.****<br><br><br>";"Archaeology";"https://prf.hn/click/camref:1100l5ti9K/creativeref:1100l187865/destination:https%3A%2F%2Fwww.catawiki.com%2Fen%2Fl%2F99038694";"https://assets.catawiki.nl/assets/2025/10/6/4/3/7/4376f8f1-e918-431f-aa03-f2ed3d270cd9.jpg";"https://assets.catawiki.nl/assets/2025/10/6/7/f/b/7fb1fcfc-89e6-478c-8fd1-af50e8912ec3.jpg";"https://assets.catawiki.nl/assets/2025/10/6/6/7/b/67b7cf3a-0b9a-4a57-a91b-01f7e65fb192.jpg";"99038694";"1";"2025-11-15 17:20:20"
"Genuine Baltic Amber Ring – Silver 925 Floral Frame with Sparkling Amethyst Stones - Amber (No Reserve Price)";"### Material & Inclusions<br><br>* Genuine Baltic amber from the Eocene period (35–50 million years old)<br>* Rich cognac hue with striking internal inclusions and natural clarity<br>* Surrounded by faceted violet amethyst stones for refined contrast<br>* 100% natural amber – not pressed, dyed, or treated<br><br>### Craftsmanship & Design<br><br>* Handcrafted from solid 925 sterling silver (hallmarked)<br>* Central oval amber cabochon set within a detailed silver crown design<br>* Surrounded by marquise and round-cut amethysts adding luminous color balance<br>* Highly polished finish with openwork filigree beneath the setting<br>* Elegant, feminine design blending vintage charm with modern refinement<br><br>### UV Testing & Authenticity<br><br>* Passes UV fluorescence test with greenish-blue luminescence<br>* Certified genuine Baltic amber, sourced and crafted in the Baltic region<br>* Each ring is individually inspected for quality and authenticity<br><br>### Dimensions<br><br>* Amber stone size approximately 18 × 11 mm<br>* Ring face dimensions: about 27 × 21 mm<br>* Ring size: EU 57<br>* Total weight: approx. 10 g<br><br>### Condition<br><br>* New, handcrafted condition<br>* No chips, cracks, or repairs<br>* Ready to wear or gift immediately<br><br>### Shipping & Packaging<br><br>* Ships securely from Lithuania via registered international airmail<br>* Tracking number provided with every order<br>* Estimated delivery times:<br> * Europe: 4–8 business days<br> * USA & Canada: 7–14 business days<br> * Rest of the world: 10–21 business days";"Archaeology";"https://prf.hn/click/camref:1100l5ti9K/creativeref:1100l187865/destination:https%3A%2F%2Fwww.catawiki.com%2Fen%2Fl%2F99092011";"https://assets.catawiki.nl/assets/2025/10/16/b/c/e/bce6442b-96a1-4d01-a8c2-289e5be0e5bf.jpg";"https://assets.catawiki.nl/assets/2025/10/16/0/0/5/0058245a-7f48-4750-b29b-5b27119ca12e.jpg";"https://assets.catawiki.nl/assets/2025/10/16/a/b/1/ab1d4319-7fe1-463b-8dc2-4159dcbb00fb.jpg";"99092011";"45";"2025-11-15 17:47:24"
"Medieval Bronze 'Pelican in her Piety' Seal Ring (No Reserve Price)";"Please note: due to customs regulations we can only ship inside the European Union. Please ensure you have a valid EU shipping address before placing a bid. <br><br>Medieval bronze seal ring with integral oval bezel, engraved with a finely detailed 'Pelican in her Piety'. Decorated shoulders, plain ring band.<br><br>Outside diameter: ± 22,3 mm<br>Inside diameter: ± 17,4 - 15,7 mm<br>Bezel: ± 11,7 mm<br><br>Condition: good solid condition, dark shiny patina. Signs of wear consistent with age and use. See images.<br>Certificate of Authenticity (PDF) is available upon request for lots with a hammer price of €100 or higher.<br><br><br>The Pelican in her Piety is a symbol of sacrifice. In medieval Europe, the pelican was thought to be particularly attentive to her young, to the point of providing her own blood by wounding her own breast. As a result, the pelican came to symbolise the Passion of Jesus and the Eucharist and usurped the image of the lamb and the flag.<br><br>The device of a ""Pelican in her Piety"" or a ""Pelican Vulning herself"" (to wound herself) was also used in heraldry as a symbol of devotion and sacrifice.";"Archaeology";"https://prf.hn/click/camref:1100l5ti9K/creativeref:1100l187865/destination:https%3A%2F%2Fwww.catawiki.com%2Fen%2Fl%2F98894052";"https://assets.catawiki.nl/assets/2024/10/3/d/6/9/d69c7ee7-b1f7-48a5-b66f-7a038eba9367.jpg";"https://assets.catawiki.nl/assets/2024/10/3/c/3/5/c359550e-9e57-4db3-b067-66ad8764a289.jpg";"https://assets.catawiki.nl/assets/2024/10/3/9/3/8/93839593-2684-4a13-80b9-117bcec3b87e.jpg";"98894052";"";"2025-11-09 17:08:35"
"Medieval, Crusaders Era Bronze Ring with Dragon: Saint George and the Dragon";"Beautiful bronze ring from the late Middle Ages, featuring a depiction of a dragon, possibly referring to the legend of Saint George and the Dragon. The ring is of the open type, allowing for slight adjustment in size. The design remains clearly visible, with fine details despite its considerable age.<br><br>The bronze retains its natural metallic colour without patina, which makes the motif stand out beautifully.<br><br>Material: bronze<br>Period: 13th-15th C. AD<br>Measurement: Overall: approx. 20x20mm inner size: approx. 18mm USA ringsize: 8<br>Weight: 1,53 grams<br>Condition: Good, with age-related wear. No patina; original bronze tone visible.<br><br>International registered Delivery.<br><br>Provenance: The Supplier warrants that it has obtained this lot in a legal manner.<br>From a private German collection collected since 1990's; acquired on the European art market in the 90's.<br><br>Important information:<br>The Seller can prove that the lot was obtained legally , provenance statement seen by Catawiki.<br>Important information. The seller guarantees that he is entitled to ship this lot.<br>The seller will take care that any necessary permits will be arranged.<br>The seller will inform the buyer about this if this takes more than a few days.";"Archaeology";"https://prf.hn/click/camref:1100l5ti9K/creativeref:1100l187865/destination:https%3A%2F%2Fwww.catawiki.com%2Fen%2Fl%2F97821346";"https://assets.catawiki.nl/assets/2025/9/28/f/8/1/f81d12e4-6831-48f6-a9fa-211a164a82af.jpg";"https://assets.catawiki.nl/assets/2025/9/28/e/e/a/eea8608d-1b42-4c9c-81af-6389f36883ba.jpg";"https://assets.catawiki.nl/assets/2025/9/28/6/6/4/6640caa8-943a-4a94-8e54-a60f76bc740e.jpg";"97821346";"";"2025-11-09 17:02:05"
"Ancient Egyptian Earrings made of Turquoise and Faience Mummy beads with Amarna Palm Leaf and Shrine of Sekhmet - 5.5 cm (No Reserve Price)";"IMPORTANT!<br>Due to new custom regulations we can no longer ship outside the E.U. Please make sure you have an EU shipping address before bidding.<br><br>- Strung on modern wire with Silver Ear Rings (925).<br><br>- Total length: 5.5 cm. Average bead size: 2-4 mm.<br><br>Registered shipping.<br><br>Provenance/Known History:<br><br>Ancient Egyptian Turquoise beads: Ex. Private UK collection. Collected before 1970. After that J.T.O., The Netherlands.<br><br>Ancient Egyptian Faience Mummy beads: Ex. private A.B. collection, UK. Collected in the 1930's. After that A&O Gallery, UK.<br><br>Ancient Egyptian Amarna amulets: Ex. Private UK collection. Collected before 1970. After that A.A. Gallery, UK.<br><br>Important information:<br><br>- A declaration of authenticity by my shop is provided with this lot.<br><br>- Invoices, import- and export papers etc. will not be shared with customers.<br><br>- Please do not pay for a won item before you are finished bidding in the auction. The system will not be able to combine your orders into one shipping if all items aren't paid at once.";"Archaeology";"https://prf.hn/click/camref:1100l5ti9K/creativeref:1100l187865/destination:https%3A%2F%2Fwww.catawiki.com%2Fen%2Fl%2F98928963";"https://assets.catawiki.nl/assets/2025/10/30/7/5/3/75343f86-6041-4f63-9b09-a2dac243c5a6.jpg";"https://assets.catawiki.nl/assets/2025/10/30/4/d/2/4d21cce0-7ae5-4566-83e5-e5a8797c6bbe.jpg";"https://assets.catawiki.nl/assets/2025/10/30/e/5/e/e5e04e0a-6951-4fd7-ace3-b26868075de1.jpg";"98928963";"";"2025-11-09 17:15:05"
"Ancient Roman Coin pendant with coin Septimus Severus - Neptune on reverse";"Please note: due to customs regulations we can only ship inside the European Union. Please ensure you have a valid EU shipping address before placing a bid. <br><br>Coins - symbols of power - struck in metal. From Emperors to Kings, rulers struck their image and ideals into coins, turning currency into one of history’s most enduring propaganda tools. These small objects passed daily through the hands of ordinary people, spreading messages of authority with every exchange. <br><br>Modern custom-made silver pendant with authentic ancient coin. The coin may be easily removed from the pendant frame if preferred.<br><br>Coin: AR denarius of Emperor Septimus Severus, struck Rome 209 AD.<br><br>Obverse: SEVERVS PIVS AVG, laureate head right. <br>Reverse: PM TRP XVII COS III P P, Neptune standing left, holding a trident, foot on globe. <br><br>Diameter pendant: ± 120,3 mm<br>Reference: RSC 529, RIC 228, Sear 6346<br><br>Condition: very fine condition, wearable. Signs of wear consistent with age and use.<br>Certificate of Authenticity: available upon request (pdf-format).<br><br>SEPTIMUS SEVERUS: seized power after the death of Pertinax in 193 AD ('Year of the Five Emperors'). He travelled to Britain in 208 AD and strengthened Hadrian's Wall. He is considered a strong and able ruler, the Roman Empire reached its greatest extent under his reign. He was succeeded by his sons Caracalla and Geta.<br><br>PM: Pontifex Maximus: Grand or Sovereign Pontiff<br>TRP XVII: Tribunicia Potestate XVII: holder of tribunician power for the 17th time.<br>COS III: Consul Tertium: Consul for the third time<br>P P (Pater Patriae): Father of the Nation. An honorary tile of the Roman Republic and Empire, bestowed by the Senate, usually after many years of successful rule. Not all Emperors were offered the title, and not all Emperors accepted. <br>";"Archaeology";"https://prf.hn/click/camref:1100l5ti9K/creativeref:1100l187865/destination:https%3A%2F%2Fwww.catawiki.com%2Fen%2Fl%2F98542315";"https://assets.catawiki.nl/assets/2025/10/14/3/e/c/3ecec643-8359-4352-8359-38543945f9bd.jpg";"https://assets.catawiki.nl/assets/2025/10/14/c/1/5/c15dc77d-01f4-4420-a974-34c719cd6999.jpg";"https://assets.catawiki.nl/assets/2025/10/14/5/5/2/552b3988-228f-4aa2-ab5b-32eef3bc3ae8.jpg";"98542315";"";"2025-11-09 17:03:10"
"Ancient Egyptian Necklace made of Turquoise and Faience Mummy beads with Papyrus Pillar amulet - 45 cm (No Reserve Price)";"IMPORTANT!<br>Due to new custom regulations we can no longer ship outside the E.U. Please make sure you have an EU shipping address before bidding.<br><br>- Strung on modern wire with Silver Lobster Lock (925).<br><br>- Total length: 45 cm. Amulet 3 cm. Average bead size: 2-4 mm.<br><br>- This Papyrus Pillar amulet, meant to be worn, carried, or offered to a deity in the belief that it will magically bestow a particular power or form of protection, depicts a papyrus scepter or column. This plant, named wadj, meaning “green” or “fresh”, and the choice of green-blue faience all strongly evoke vitality and regenerative power, qualities desirable for the living and the dead.<br><br>- See last picture as a parallel: https://prf.hn/click/camref:1100l5ti9K/creativeref:1100l187865/destination:https%3A%2F%2Fwww.metmuseum.org%2Fart%2Fcollection%2Fsearch%2F550964<br><br>Registered shipping.<br><br>Provenance/Known History:<br><br>Ancient Egyptian Turquoise beads: Ex. Private UK collection. Collected before 1970. After that J.T.O., The Netherlands.<br><br>Ancient Egyptian Faience Mummy beads: Ex William Ohly 1883-1955, Abbey Museum, New Barnet, by descent. After that A&O Gallery, UK.<br><br>Ancient Egyptian Faience Papyrus Pillar amulet: Ex. Private UK collection. Collected before 1970. After that A.A. Gallery, UK.<br><br>Important information:<br><br>- A declaration of authenticity by my shop is provided with this lot.<br><br>- Invoices, import- and export papers etc. will not be shared with customers.<br><br>- Please do not pay for a won item before you are finished bidding in the auction. The system will not be able to combine your orders into one shipping if all items aren't paid at once.";"Archaeology";"https://prf.hn/click/camref:1100l5ti9K/creativeref:1100l187865/destination:https%3A%2F%2Fwww.catawiki.com%2Fen%2Fl%2F98928746";"https://assets.catawiki.nl/assets/2025/10/30/1/1/e/11e344df-8c71-463b-807c-82785e4f6d90.jpg";"https://assets.catawiki.nl/assets/2025/10/30/2/5/c/25cadaf1-df33-4ab2-9cd4-63c9032d576c.jpg";"https://assets.catawiki.nl/assets/2025/10/30/f/7/a/f7ab1a1b-cb24-42e4-9c35-af069f05ad3e.jpg";"98928746";"";"2025-11-09 17:19:25"
"Medieval, Crusaders Era Bronze, Top Patina Cross Pendant (No Reserve Price)";"Rare Cross Pendant Crusader 11-13 AD<br>Very nice patina<br><br>Weight: 4.24 grams<br>Height: 35.1 mm<br>Wide: 24.7 mm<br>Material: Bronze<br>See image for your own impression<br>Own private collection inherited from Grandfather, who built the collection in the 1960's """;"Archaeology";"https://prf.hn/click/camref:1100l5ti9K/creativeref:1100l187865/destination:https%3A%2F%2Fwww.catawiki.com%2Fen%2Fl%2F98888427";"https://assets.catawiki.nl/assets/2025/10/29/8/9/1/891f7a05-ed25-420e-8afd-7729f00f63f6.jpg";"https://assets.catawiki.nl/assets/2025/10/29/5/1/a/51ac3edc-dce4-464b-9212-6d3032909d65.jpg";"https://assets.catawiki.nl/assets/2025/10/29/0/3/9/039d569c-9094-4437-97d4-df9a0bd0757f.jpg";"98888427";"";"2025-11-09 17:34:35"
"Post-medieval Bronze, Lot of 5 Seals Ring (No Reserve Price)";"A lot of 5 bronze post-medieval seal rings from 16-17 AD.<br>Very nice pieces.<br><br>Weight: 13.92 grams<br>Size: Various mm<br>Material: Bronze<br>See images for your own impression.<br>Own private collection inherited from Grandfather, who built the collection in the 1960's """;"Archaeology";"https://prf.hn/click/camref:1100l5ti9K/creativeref:1100l187865/destination:https%3A%2F%2Fwww.catawiki.com%2Fen%2Fl%2F98795430";"https://assets.catawiki.nl/assets/2025/10/25/a/3/d/a3d0547f-f45e-4b30-9973-63cff16cb413.jpg";"https://assets.catawiki.nl/assets/2025/10/25/c/e/3/ce3dac0e-5d05-4030-8f0b-967165e2d4d1.jpg";"https://assets.catawiki.nl/assets/2025/10/25/3/3/d/33d0459b-e333-4d88-bb57-3e7c9ce162bb.jpg";"98795430";"";"2025-11-09 18:04:55"
"Ancient Roman Necklace made of Glass beads - 46 cm (No Reserve Price)";"IMPORTANT!<br>Due to new custom regulations we can no longer ship outside the E.U. Please make sure you have an EU shipping address before bidding.<br><br>- Strung on modern wire with Silver Magnetic Lock (925).<br><br>- Total length: 46 cm. Hanger: 3.5 cm. Average bead size: 4-7 mm.<br><br>Registered shipping.<br><br>Provenance/Known History:<br><br>UK, London Art Market, 1990's. After that A&O Gallery, UK.<br><br>Important information:<br><br>- A declaration of authenticity by my shop is provided with this lot.<br><br>- Invoices, import- and export papers etc. will not be shared with customers.<br><br>- Please do not pay for a won item before you are finished bidding in the auction. The system will not be able to combine your orders into one shipping if all items aren't paid at once.";"Archaeology";"https://prf.hn/click/camref:1100l5ti9K/creativeref:1100l187865/destination:https%3A%2F%2Fwww.catawiki.com%2Fen%2Fl%2F98926970";"https://assets.catawiki.nl/assets/2025/10/30/7/c/c/7cc9c62c-a78b-498f-a5e9-4f5d9893eb07.jpg";"https://assets.catawiki.nl/assets/2025/10/30/a/d/7/ad733d8d-4188-411a-bd4e-352ef18ffa7f.jpg";"https://assets.catawiki.nl/assets/2025/10/30/a/8/4/a842c1fe-1abf-44ba-b3c5-557f31447e6a.jpg";"98926970";"";"2025-11-09 17:44:20"
"Viking Era Silver, Fafnir Bracelet";"An extremely rare silver double-headed Fafnir bracelet from 9-11 AD.<br>Both Fafnir heads have 3 Magic Eyes (Holy Trinity)!!!!!!<br>Viking Period.<br><br>Weight: 8.62 grams<br>Inside diameter 51.5 x 42.4 mm<br>Silver<br>See images for own impression and provenance.<br>Own private collection inherited from Grandfather, who built the collection in the 1960's ""<br><br>No shipping to the USA.";"Archaeology";"https://prf.hn/click/camref:1100l5ti9K/creativeref:1100l187865/destination:https%3A%2F%2Fwww.catawiki.com%2Fen%2Fl%2F98796200";"https://assets.catawiki.nl/assets/2025/10/7/f/d/1/fd1ca03d-653d-452f-8254-43cdec12f9ee.jpg";"https://assets.catawiki.nl/assets/2025/10/7/8/f/7/8f7f3713-257a-4003-9989-ad87ac768186.jpg";"https://assets.catawiki.nl/assets/2025/10/7/0/4/9/049e694f-9164-4e47-8fc1-6c72f68fda37.jpg";"98796200";"";"2025-11-09 17:05:20"
"Ancient Egyptian lapis lazuli Ancient Egyptian Lapis Lazuli and Faience Bead Pendant – ca. 1550–332 B.C. (No Reserve Price)";"Ancient Egyptian Lapis Lazuli and Faience Bead Pendant – ca. 1550–332 B.C.<br><br>Culture: Ancient Egypt<br>Material: Lapis lazuli and faience<br>Date: ca. 1550–332 B.C. (New Kingdom to Late Period)<br>Size: Pendant approx. 3.5 cm; string approx. 17 in (43 cm)<br>Mounted on: Modern faux leather string<br><br>A striking ancient Egyptian pendant composed of a large lapis lazuli bead of beautiful deep blue colour with natural inclusions, paired with a smaller ancient faience bead below. The lapis lazuli, highly prized in ancient Egypt, symbolised royalty, protection, and the divine, often used in amulets and jewellery for the elite.<br><br>The pendant is mounted on a modern faux leather string, combining timeless antiquity with a contemporary minimalist look. Due to the great age of the beads, it is advised to handle and wear the piece carefully.<br><br>A captivating and wearable piece of ancient Egyptian history.<br><br><br>****Please note: Orders shipped outside the EU may be subject to customs fees and import duties.****";"Archaeology";"https://prf.hn/click/camref:1100l5ti9K/creativeref:1100l187865/destination:https%3A%2F%2Fwww.catawiki.com%2Fen%2Fl%2F98929951";"https://assets.catawiki.nl/assets/2025/10/30/b/5/4/b541929c-2038-4d56-b4f2-d9c0adb8586f.jpg";"https://assets.catawiki.nl/assets/2025/10/30/1/4/8/148a335d-6df7-44ec-bcfe-ca723a4ba100.jpg";"https://assets.catawiki.nl/assets/2025/10/30/2/5/8/2585d1b6-659d-411e-976f-c405a36cc5ef.jpg";"98929951";"25";"2025-11-16 17:18:20"
"Ancient Roman Bronze Rare LionSeal Ring (No Reserve Price)";"A stunning and extremely rare bronze ancient Roman lion seal ring from 1-3 AD.<br>Bezel showing a lion<br>Ring has a top patina.<br>Very Rare piece.<br><br>Weight: 6.21 grams<br>Ring size: 18.8 x 17.5 mm<br>Material: Bronze<br>T.N. Pollio<br>See images for your own impression.<br>Own private collection inherited from Grandfather, who built the collection in the 1960's """;"Archaeology";"https://prf.hn/click/camref:1100l5ti9K/creativeref:1100l187865/destination:https%3A%2F%2Fwww.catawiki.com%2Fen%2Fl%2F99012947";"https://assets.catawiki.nl/assets/2025/11/3/9/b/3/9b36b88d-fdab-4b32-baa6-89816de01712.jpg";"https://assets.catawiki.nl/assets/2025/11/3/7/c/1/7c1b4e5e-b5ea-4ad0-8abc-7a57c74333bc.jpg";"https://assets.catawiki.nl/assets/2025/11/3/1/8/6/186999b6-5ff5-4bd9-8597-6c081a29bfae.jpg";"99012947";"1";"2025-11-16 17:06:25"
"Ancient Roman carnelian Intaglio (No Reserve Price)";"Letter of Provenance<br><br>This document serves as a statement of provenance for this item describe. <br><br><br>The above mentioned item has been in the possession of the family of a private collector since the 1990s. It was legally acquired at that time and has remained in private ownership through successive generations.<br><br>To the best of our knowledge, the item has not been subject to any legal dispute, claim, or restriction. It remains in compliance with all applicable laws governing ownership and transfer.<br><br>This statement is issued in good faith and affirms the continuous and legitimate chain of ownership since its acquisition.";"Archaeology";"https://prf.hn/click/camref:1100l5ti9K/creativeref:1100l187865/destination:https%3A%2F%2Fwww.catawiki.com%2Fen%2Fl%2F98462095";"https://assets.catawiki.nl/assets/2025/10/10/8/3/2/832d0d63-5d86-45a4-87d8-3ddf92df1ba3.jpg";"https://assets.catawiki.nl/assets/2025/10/10/d/0/c/d0c7229c-e374-4cc9-8d15-7f1655d29435.jpg";"https://assets.catawiki.nl/assets/2025/10/10/0/d/3/0d324432-b8d4-464c-85aa-0068044f3993.jpg";"98462095";"58";"2025-11-13 20:33:30"
"Ancient Roman Glass Beads (No Reserve Price)";"A string of beautiful Roman glass beads as pictured.<br>The string consists of approx.. 90 round/tubular glass beads, in various shades of green ranging in size from 1 - 12 mm.<br>Total length:- 47 Cms. Circa 100-400 ADE. From my own personal collection.<br>Comes with provenance statement and will be shipped by tracked and signed mail.";"Archaeology";"https://prf.hn/click/camref:1100l5ti9K/creativeref:1100l187865/destination:https%3A%2F%2Fwww.catawiki.com%2Fen%2Fl%2F99000189";"https://assets.catawiki.nl/assets/2025/11/3/0/a/e/0aed4cc9-b604-4cd8-8edb-59fca8418aef.jpg";"https://assets.catawiki.nl/assets/2025/11/3/a/7/e/a7e47d1c-a483-48e0-a222-45061847d991.jpg";"https://assets.catawiki.nl/assets/2025/11/3/0/8/2/08283283-f5b6-408d-b2c1-4e907da98d45.jpg";"99000189";"1";"2025-11-13 21:40:10"
"Ancient Egyptian to Roman Glass over 100 ancient beads (No Reserve Price)";"A selection of over 100 Roman and Ancient Egyptian mixed media beads consisting of glass, faience ,agate and Lapiz Lazuli. <br>From my own collection since 1997.<br>circa 500 BCE-400 ADE <br>Comes with provenance statement<br>Sent by tracked and signed post.";"Archaeology";"https://prf.hn/click/camref:1100l5ti9K/creativeref:1100l187865/destination:https%3A%2F%2Fwww.catawiki.com%2Fen%2Fl%2F98941663";"https://assets.catawiki.nl/assets/2025/10/31/a/c/c/accbcec7-1a05-44ec-833a-18f1ffa0e469.jpg";"https://assets.catawiki.nl/assets/2025/10/31/e/a/7/ea76cd7c-a47d-4b0b-8606-5d7485c56427.jpg";"https://assets.catawiki.nl/assets/2025/10/31/d/9/a/d9a66e1d-b0a8-48e8-8b98-1d419ae1238a.jpg";"98941663";"4";"2025-11-13 21:12:40"
"Medieval, Crusaders Era Bronze, Stunning Sign Bracelet";"A stunning bronze Crusader Empire sign bracelet, 11-13 AD<br>Very rare piece with Empire Cross Signs on both sides.<br><br>Weight: 18.98 grams<br>Diameter: 49.6 x 47.8 inside<br>Bronze<br>See images for own impression and provenance.<br>Own private collection inherited from Grandfather, who built the collection in the 1960's ""<br>No shipping to the USA.";"Archaeology";"https://prf.hn/click/camref:1100l5ti9K/creativeref:1100l187865/destination:https%3A%2F%2Fwww.catawiki.com%2Fen%2Fl%2F98952540";"https://assets.catawiki.nl/assets/2025/10/7/d/6/a/d6a84dc3-d29a-4b49-a3ad-7a5789b0d48b.jpg";"https://assets.catawiki.nl/assets/2025/10/7/8/6/5/8657743c-c4b6-4dd6-9dbe-5e8aad5a45ce.jpg";"https://assets.catawiki.nl/assets/2025/10/7/3/5/c/35c58394-edc4-450a-8288-02ec9da7b9d0.jpg";"98952540";"75";"2025-11-13 20:14:20"
"Ancient Egyptian Faience Beads set in modern adjustable Ring (No Reserve Price)";"Ancient Egyptian Faience Beads Ring – Late Period 664-332 B.C .<br><br>This eye-catching ring features genuine Ancient Egyptian faience beads, over 2,500 years old, expertly preserved in clear resin to highlight their brilliant colour and fine detail. The beads date to the Middle and Third Intermediate Periods of Ancient Egypt, known for their exquisite craftsmanship and symbolic use of faience in jewellery and ritual objects.<br><br>Material: Authentic ancient faience beads (resin-encased), chrome-plated adjustable band<br><br>Date: c. 1000–500 BC<br><br>Fit: Adjustable; suitable for most sizes<br><br>Weight: Lightweight and comfortable for daily wear<br><br>The vivid blues and greens of the faience beads are beautifully contrasted with a modern chrome-plated setting, allowing the piece to shine as both a historical artefact and a contemporary statement ring. The use of resin ensures durability while showcasing the ancient elements in striking clarity.<br><br>Provenance:<br>From the private collection of a London gentleman; acquired in the early 2000s. Previously part of a UK collection formed in the 1970s.<br><br>Condition: The ancient faience beads are in excellent condition, carefully preserved within resin. The ring setting is modern, new, and adjustable.<br><br>A unique opportunity to wear a fragment of Ancient Egyptian history—perfect for collectors or lovers of timeless, meaningful design.<br><br><br><br>****Please note: Orders shipped outside the EU may be subject to customs fees and import duties.****<br><br><br><br>Thank you!";"Archaeology";"https://prf.hn/click/camref:1100l5ti9K/creativeref:1100l187865/destination:https%3A%2F%2Fwww.catawiki.com%2Fen%2Fl%2F98767010";"https://assets.catawiki.nl/assets/2025/10/23/9/7/6/9769b376-8965-4f2c-833c-95c6beb90272.jpg";"https://assets.catawiki.nl/assets/2025/10/23/f/b/0/fb0df126-ae74-410e-852e-c2d8831bcc3f.jpg";"https://assets.catawiki.nl/assets/2025/10/23/e/f/2/ef21b9b6-1b27-47d5-8dbc-854fb498c27d.jpg";"98767010";"1";"2025-11-13 20:12:40"
"Ancient Roman finger ring";"A bronze ring from the time of the Roman Empire with the head of Jupiter, in excellent condition with dark green patina, wearable as jewelry, originating from an old Belgian collection from 1995. The inner diameter of the ring is 17 mm.";"Archaeology";"https://prf.hn/click/camref:1100l5ti9K/creativeref:1100l187865/destination:https%3A%2F%2Fwww.catawiki.com%2Fen%2Fl%2F98936991";"https://assets.catawiki.nl/assets/2025/9/27/f/d/0/fd0494ba-8f85-4b98-9c67-57bac99dbcfb.jpg";"https://assets.catawiki.nl/assets/2025/9/27/8/b/d/8bd5f1ae-3092-4b2b-b820-766e31586f9d.jpg";"https://assets.catawiki.nl/assets/2025/9/27/0/5/1/0516455a-b821-4059-94c7-5245eb23060c.jpg";"98936991";"61";"2025-11-13 20:26:50"
"Islamic Bronze Ring - Medieval 12th - 14th AD (No Reserve Price)";"Islamic bronze ring – 12th-14th century AD – 21mm – 5.86g<br><br>This robust Islamic ring, crafted from solid bronze, dates back to the 12th–14th century AD, a period marked by the flourishing of craftsmanship and calligraphic artistry across the Islamic world. With its broad band and heavy form, the ring exemplifies the utilitarian and symbolic value that such adornments held—possibly used for personal identity, talismanic purposes, or even as a signet. Though the bezel is now worn smooth, it likely once featured an engraved motif or script that has faded with the passage of centuries.<br><br>The surface bears a thick layer of patina consistent with long-term burial, suggesting archaeological provenance and centuries of oxidation. The metal is stable, with no recent damage, and the ring remains entirely intact. Its weight and size make it a striking piece, evoking the practical elegance of medieval Islamic design and offering a tangible connection to a world where art and faith were deeply intertwined.<br><br>Material: Bronze<br>Dimensions: Inner diameter: 21mm<br>Weight: 5.86g<br>12th–14th Century AD<br>Condition: Good archaeological condition; the surface is heavily worn and encrusted with stable greenish patina. No breaks or cracks.<br><br>A commanding survivor from the medieval Islamic world, this ring evokes the quiet endurance of everyday objects that once bore both function and meaning.<br><br>Provenance: Acquired from an auction house in 2025, previously owned by a collector from the South of Germany, acquired in the 1980s.";"Archaeology";"https://prf.hn/click/camref:1100l5ti9K/creativeref:1100l187865/destination:https%3A%2F%2Fwww.catawiki.com%2Fen%2Fl%2F98825520";"https://assets.catawiki.nl/assets/2025/10/27/c/0/8/c08e068f-5be8-40ac-a9c0-72529ecce9cd.jpg";"https://assets.catawiki.nl/assets/2025/10/27/c/9/e/c9e90cb7-c739-4dac-863b-025690b9c244.jpg";"https://assets.catawiki.nl/assets/2025/10/27/1/2/e/12e3962e-030c-4836-a280-1bee652a87cd.jpg";"98825520";"1";"2025-11-13 21:33:30"
"Ancient Roman Bronze Bangle (No Reserve Price)";"Letter of Provenance<br><br>This document serves as a statement of provenance for the item described.<br><br>The mentioned item has been in the possession of the family of a private collector since the 1990s. It was legally acquired at that time and has remained in private ownership through successive generations.<br><br>To the best of our knowledge, the item has not been subject to any legal dispute, claim, or restriction. It remains in compliance with all applicable laws governing ownership and transfer.<br><br>This statement is issued in good faith and affirms the continuous and legitimate chain of ownership since its acquisition.";"Archaeology";"https://prf.hn/click/camref:1100l5ti9K/creativeref:1100l187865/destination:https%3A%2F%2Fwww.catawiki.com%2Fen%2Fl%2F98972073";"https://assets.catawiki.nl/assets/2025/11/2/e/f/8/ef89cda5-8959-408a-a05d-d50babd56cda.jpg";"https://assets.catawiki.nl/assets/2025/11/2/b/a/a/baa5b94d-6813-4a92-9ef0-296d466a0ba7.jpg";"https://assets.catawiki.nl/assets/2025/11/2/e/3/d/e3d567b2-49e5-486a-b1c1-4b76ca1613d6.jpg";"98972073";"3";"2025-11-13 21:11:00"
"Ancient Roman, Empire Glass beads necklace (No Reserve Price)";"A string of ancient Roman glass beads as pictured.<br>The string consists of approx. 250 beads of various shades of turquoise and blue glass ranging in size from 0.50-3 mm.<br>Total length:- 45 Cms. Circa 100 -400 AD.<br>From my own personal collection.<br>Comes with provenance statement and will be shipped by tracked and signed mail.";"Archaeology";"https://prf.hn/click/camref:1100l5ti9K/creativeref:1100l187865/destination:https%3A%2F%2Fwww.catawiki.com%2Fen%2Fl%2F99000783";"https://assets.catawiki.nl/assets/2025/11/3/d/6/8/d68359bf-088e-4f79-b49d-5995387e370f.jpg";"https://assets.catawiki.nl/assets/2025/11/3/3/d/5/3d549b2c-2311-4507-9a9e-54460d0e350f.jpg";"https://assets.catawiki.nl/assets/2025/11/3/1/d/2/1d28cb4d-b49e-41e9-8639-40ad08568be0.jpg";"99000783";"1";"2025-11-13 21:32:40"
"Near Eastern Bronze arrow head, 15,5 cm";"Provenance: Ex G. While Collection from 1980s; Den of Antiquity International Ltd., United Kingdom, 2020; Formerly Pablo H. Goizauskas Collection, Spain, 2025<br><br>Statement seen by Catawiki. Important information. The seller guarantees that he is entitled to ship this lot. The seller will take care that any necessary permits will be arranged. The seller will inform the buyer about this if this takes more than a few days.<br><br>Important: For destinations out of Spanish territorry: all our object will be shipped after obtaining CERTIFICATE OF EXPORTATION by Ministry of Culture of Spain. We inform our clients that it may take between 4-8 weeks.<br><br>For buyers outside the European Union (EU) a Spanish export license is required. This will take several weeks to arrange.<br><br>Due to Switzerland customs regulations about antiques over 100 years old, this lot cannot be sold to customers residing in Switzerland.";"Archaeology";"https://prf.hn/click/camref:1100l5ti9K/creativeref:1100l187865/destination:https%3A%2F%2Fwww.catawiki.com%2Fen%2Fl%2F98993245";"https://assets.catawiki.nl/assets/2025/9/30/3/7/9/3792251d-f694-49ea-a540-b7f0f6bd3ea1.jpg";"https://assets.catawiki.nl/assets/2025/9/30/4/2/b/42bba0f6-951c-46d2-9d56-1d19477ea727.jpg";"https://assets.catawiki.nl/assets/2025/9/30/1/9/a/19ae9c00-8268-4ac0-ac28-66987a0cf07f.jpg";"98993245";"1";"2025-11-13 20:21:00"
"Medieval, Crusaders Era Bronze, Ring with elegant engravings - 19 mm - Ring (No Reserve Price)";"Antique and rare medieval ring, crafted in bronze, in its original condition and excellent preservation, with no breaks, surrounded by beautiful filigree.<br>The conservation is excellent, with appropriate signs of age.<br><br>Bronze<br>Period: Medieval period, 11th to 13th centuries.<br>Measurement: internal diameter: 19 mm.<br>Weight: 4.65<br>Condition: Excellent, usable.<br><br>International registered delivery.<br><br>Origin<br>Purchased by the current owner in 2004 in Austria, Vienna, at the antique fair.<br>Collected since: 1980s<br>History of previous owners: Former Austrian private collection formed in 1980.<br><br>Important information:<br>The seller can prove that the batch was obtained legally.<br>Declaration of provenance viewed by Catawiki.<br><br>The seller will ensure that all necessary permits are processed.<br>No shipments are made outside the EU.<br><br>IMPORTANT NOTE: This item comes from an ancient private collection, not a company. Its authenticity and period have been verified and acknowledged by Catawiki experts using their own various methods.<br>I suggest that you keep a copy of the auction, which will serve as a certificate of authenticity.<br><br>1183/concord 5<br>";"Archaeology";"https://prf.hn/click/camref:1100l5ti9K/creativeref:1100l187865/destination:https%3A%2F%2Fwww.catawiki.com%2Fen%2Fl%2F98167868";"https://assets.catawiki.nl/assets/2025/9/27/2/4/f/24f16bc5-37a6-4802-bd85-1919a628230f.jpg";"https://assets.catawiki.nl/assets/2025/9/27/5/9/3/593418be-f815-48f3-bcc0-677b227f8cee.jpg";"https://assets.catawiki.nl/assets/2025/9/27/e/d/b/edb2c59f-4634-4574-a6fc-200e0eb2fdb3.jpg";"98167868";"1";"2025-11-13 20:28:30"
"Islamic Bronze Ring - Medieval 12th - 14th AD (No Reserve Price)";"Islamic bronze ring – 12th–14th century AD – Ø 18 mm – 3.03 g<br><br>A delicate medieval Islamic ring cast in bronze, featuring a simple yet elegant band with a slightly flattened bezel zone, likely used for personal adornment or as a symbol of identity or status. The surface bears traces of light wear and age-related patina, with a warm, olive-brown tone indicative of long-term burial and oxidation. The minimalist design, without inscriptions or stone inlay, aligns with Islamic traditions emphasizing calligraphic and geometric refinement over figural representation.<br><br>Rings like this were commonly used throughout the Islamic world, often bearing religious, talismanic, or poetic inscriptions. While this example remains undecorated, its proportion and form reflect the cultural sophistication and aesthetic restraint of Islamic metalwork. It likely belonged to a man of modest means or a traveling merchant, offering a subtle glimpse into everyday life under Islamic rule.<br>Material: Bronze<br>• Dimensions: internal diameter: 18 mm<br>Weight: 3.03 g<br>• Date: 12th–14th Century AD<br>Good condition. Surface wear and minor encrustation consistent with age. No visible restorations; structure intact with even patina.<br><br>A refined relic from the medieval Islamic world, preserving the quiet dignity and cultural elegance of its time.<br><br>Provenance: Acquired from an auction house in 2025, previously owned by a collector from the South of Germany, acquired in the 1980s.";"Archaeology";"https://prf.hn/click/camref:1100l5ti9K/creativeref:1100l187865/destination:https%3A%2F%2Fwww.catawiki.com%2Fen%2Fl%2F98660944";"https://assets.catawiki.nl/assets/2025/10/20/1/1/7/117466b7-b5e9-42e6-bd63-e9c6d668c0d5.jpg";"https://assets.catawiki.nl/assets/2025/10/20/8/3/d/83d12893-0449-4564-b3fd-3543b8ed696d.jpg";"https://assets.catawiki.nl/assets/2025/10/20/e/c/1/ec1e5760-e02d-43fa-ab80-af0850346169.jpg";"98660944";"1";"2025-11-13 20:52:40"
"Medieval, Crusaders Era Bronze, Interesting ring with linear engravings - 15 mm - 11th/13th centuries AD Ring (No Reserve Price)";"";"Archaeology";"https://prf.hn/click/camref:1100l5ti9K/creativeref:1100l187865/destination:https%3A%2F%2Fwww.catawiki.com%2Fen%2Fl%2F98167655";"https://assets.catawiki.nl/assets/2025/9/27/9/c/b/9cbadf44-268f-4eab-a64b-fc8c95b1fed4.jpg";"https://assets.catawiki.nl/assets/2025/9/27/7/0/7/70783435-ab24-41f9-b9cf-dec770472f77.jpg";"https://assets.catawiki.nl/assets/2025/9/27/1/f/2/1f2e283b-af51-4940-b8c7-e03c5eae3346.jpg";"98167655";"1";"2025-11-13 20:34:20"
"Late Roman/Early Byzantine finger ring";"Bronze ring with a beautiful finish and patina, in very good condition, can be worn as jewelry, originally from an old Belgian collection from 1995. The inner diameter of the ring is 18mm.";"Archaeology";"https://prf.hn/click/camref:1100l5ti9K/creativeref:1100l187865/destination:https%3A%2F%2Fwww.catawiki.com%2Fen%2Fl%2F99004132";"https://assets.catawiki.nl/assets/2025/9/26/a/9/0/a90df4cc-462f-4ab0-84ef-eb3ee8161e13.jpg";"https://assets.catawiki.nl/assets/2025/9/26/c/c/b/ccb8c3d1-b9c6-4df1-85e6-c34004167c32.jpg";"https://assets.catawiki.nl/assets/2025/9/26/d/6/2/d6250ab8-1fdb-4c19-b01b-f87c200b2869.jpg";"99004132";"1";"2025-11-13 20:32:40"
"Ancient Roman Bronze aplika - 62 mm";"";"Archaeology";"https://prf.hn/click/camref:1100l5ti9K/creativeref:1100l187865/destination:https%3A%2F%2Fwww.catawiki.com%2Fen%2Fl%2F98971498";"https://assets.catawiki.nl/assets/2025/11/6/a/3/c/a3c3159d-d088-4365-8812-a0c06491e090.jpg";"https://assets.catawiki.nl/assets/2025/11/2/9/6/7/967762bc-db88-4456-8fe6-2d7b738b0ef1.jpg";"https://assets.catawiki.nl/assets/2025/11/2/7/5/c/75c2199a-33ac-4b04-81fb-3922def8bda1.jpg";"98971498";"1";"2025-11-13 20:02:40"
"Near Eastern Bronze Arrowhead (No Reserve Price)";"ITEM: Arrowhead<br>MATERIAL: Bronze<br>CULTURE: Near Eastern<br>PERIOD: 2nd - 1st millenium B.C<br>DIMENSIONS: 144 mm x 21 mm<br>CONDITION: Good condition<br>PROVENANCE: Ex English private collection, acquired between 1980 - 1990<br><br>The Elamite culture began in modern day Iran sometime around 2700 BC and continued through 640 BC and included several dynastic lines. There's no certainty about where the Elamites originated, but there are clues from other sources including the Judeo-Christian Bible which places the Elamites as a Semitic culture that sprung from a descendant of Shem (one of Noah's 3 sons) named Elam. The Elamites were mentioned in the Bible in Ezra and Acts and the Kingdom of Elam is mentioned in Genesis, Nehemiah, Ezra, Jeremiah, Daniel, and I Chronicles. Regardless of the provenance of the Elamites, they occupied a long period of history in the Middle East and especially Persia. During this period, the Elamites maintained power through a strict system of accession and inheritance which allowed power to stay focussed within the Elamite mainstream culture.<br><br>Elamite culture was arranged as many cultures are; around trade and resources. It was a patriarchal (led by men) society, reflecting the vast majority of surrounding civilizations. The area of Iran occupied for millennia by the Elamite Empire was a known trade hot spot. Located along the Persian Gulf with access to major shipping routes across land and sea, Elam was a mainstay in getting numerous resources wherever they needed to go throughout the Middle East and Asia. As a result, the people of Elam benefited from the riches, artwork, and resources of many different cultures and places. Therefore, the Elamite culture was one of great cosmopolitan wealth.<br><br>Comes with Certificate of Authenticity and Export license<br><br>IMPORTANT: Stand not included.<br><br>If you bid outside the European Union and win the item, we will have to apply for an export licence for your country and shipping will take 3 to 5 weeks.";"Archaeology";"https://prf.hn/click/camref:1100l5ti9K/creativeref:1100l187865/destination:https%3A%2F%2Fwww.catawiki.com%2Fen%2Fl%2F98972787";"https://assets.catawiki.nl/assets/2025/11/2/1/c/6/1c6939d5-09f3-4649-8c04-574a0aa21f2f.jpg";"https://assets.catawiki.nl/assets/2025/11/2/e/c/4/ec4f8cbd-6497-4484-97e9-07c82ab52fc1.jpg";"https://assets.catawiki.nl/assets/2025/11/2/c/f/e/cfe88911-0188-4266-812f-39ca7105a725.jpg";"98972787";"2";"2025-11-13 20:21:50"
"Scythian Pendant of a bronze arrowhead (2 pcs.) Excellent condition. (No Reserve Price)";"Pendant of a Scythian bronze arrowhead (2 pcs.) Excellent condition.<br><br>Scythian bronze arrowhead, three-bladed type with socket. The arrowhead is mounted in a modern bow, allowing it to be worn as a pendant. The pendant will be delivered with a leather jewelry cord with a carabiner.<br>Condition: Excellent solid condition, dark smooth and shiny patina. Signs of wear consistent with age and use.Look at many photos for your own impression.<br><br>Size arrowhead : 1-38 x 7 mm.,2-36 х 7 mm.<br>Weight (2 pcs.) : 6.37 grams.<br>The item was purchased in 2015 in Barcelona, ​​Spain from G.A. as part of a private Spanish collection dating back to the 1980s.";"Archaeology";"https://prf.hn/click/camref:1100l5ti9K/creativeref:1100l187865/destination:https%3A%2F%2Fwww.catawiki.com%2Fen%2Fl%2F98414178";"https://assets.catawiki.nl/assets/2025/10/8/4/b/c/4bc7fbf2-1462-4f02-8c34-d4eb031fc069.jpg";"https://assets.catawiki.nl/assets/2025/10/8/d/c/3/dc3e74f2-755c-496f-8ce8-4a2fe06d90d9.jpg";"https://assets.catawiki.nl/assets/2025/10/8/8/0/0/8006b3fa-e61a-48cf-b02b-4fc66a5ac340.jpg";"98414178";"1";"2025-11-15 17:19:22"
"Blood Coral - Silver, Gold-plated - Ring - CORALLO MEDITERRANEO";"Enchanting and impressive ring in Mediterranean coral from the seas of Corsica, where the coral is a dark red and crafted using the filigree technique.<br>Filigree gives jewelry an extraordinary lightness and a very refined appearance.<br>Total weight 7.85 grams<br>Natural cabochon shape 14mm x 10.50mm<br>Width by total height 22.40mm x 22.60mm<br>Adjustable size<br>It will be delivered with gift packaging and a material warranty.";"Archaeology";"https://prf.hn/click/camref:1100l5ti9K/creativeref:1100l187865/destination:https%3A%2F%2Fwww.catawiki.com%2Fen%2Fl%2F98764785";"https://assets.catawiki.nl/assets/2025/9/6/2/3/a/23ab80c2-8750-4c5f-8241-cb961e576416.jpg";"https://assets.catawiki.nl/assets/2025/9/6/3/a/9/3a9b3e22-4889-4df7-8fb9-53516de86d21.jpg";"";"98764785";"25";"2025-11-15 17:35:48"
"Ancient Roman, Empire Glass beads necklace (No Reserve Price)";"A string of ancient Roman glass beads as pictured.<br>The string consists of approx. 130 beads of various shades of blue glass ranging in size from 0.50-5 mm.<br>Total length:- 40 Cms. Circa 100 -400 AD.<br>From my own personal collection.<br>Comes with provenance statement and will be shipped by tracked and signed mail.";"Archaeology";"https://prf.hn/click/camref:1100l5ti9K/creativeref:1100l187865/destination:https%3A%2F%2Fwww.catawiki.com%2Fen%2Fl%2F99050472";"https://assets.catawiki.nl/assets/2025/11/5/0/2/5/02523d91-a637-4f46-92ff-ecf13614865a.jpg";"https://assets.catawiki.nl/assets/2025/11/5/c/7/2/c72a65cf-a6de-42f3-9741-85700209185f.jpg";"https://assets.catawiki.nl/assets/2025/11/5/8/d/8/8d8847c6-2386-459c-a9e9-e1ba2710556d.jpg";"99050472";"1";"2025-11-15 17:13:34"
"Coral - Gold-plated - Necklace with pendant - Italian craftsmanship";"Necklace with a pendant in silver with red coral, turquoise, and natural pearl<br><br>Weight: 9 grams<br>- **Stone Dimensions:** 2.5x3 cm<br><br>Description<br>This charming necklace with pendant features a 925 silver rhodium-plated setting, characterized by an organic design that elegantly wraps around the stones. The main stones—a vibrant red coral, a natural baroque pearl, and a natural turquoise stone—are arranged asymmetrically, creating a unique and captivating visual effect. The coral, with its intense color, beautifully contrasts with the delicate luster of the pearl and turquoise, resulting in a piece of jewelry that captures attention.<br><br>The 45 cm Venetian necklace ensures a comfortable and versatile fit, making it ideal for both everyday wear and special occasions.<br><br>The jewelry is presented in an elegant box, decorated with a stylized motif of red coral that echoes the main element of the piece, making it a perfect gift or a precious personal purchase.<br><br>Fast and Secure Shipping: We offer tracked and insured shipping via SDA or UPS courier.<br><br>Please note that in some countries, the import of objects derived from protected species is prohibited. Although we provide a certificate of origin, buyers are advised to verify their country's customs laws and regulations before proceeding with the purchase.";"Archaeology";"https://prf.hn/click/camref:1100l5ti9K/creativeref:1100l187865/destination:https%3A%2F%2Fwww.catawiki.com%2Fen%2Fl%2F96737027";"https://assets.catawiki.nl/assets/2025/3/29/c/7/d/c7df34bb-d523-48b0-9e26-0d067c401a07.jpg";"https://assets.catawiki.nl/assets/2025/3/29/4/b/3/4b3c2efe-d351-4315-9ff2-6c57881c1311.jpg";"https://assets.catawiki.nl/assets/2025/3/29/5/9/e/59ea3ab3-01cc-41b4-8c50-e05952cbb72a.jpg";"96737027";"25";"2025-11-15 17:05:50"
"Turquoise - Silver - Ring - American turquoise";"Beautiful ring with a flower in stabilized American turquoise from the mines of Arizona.<br>Authentic turquoise<br>Handcrafted and engraved by hand in Torre del Greco.<br>Total weight 7.39 grams.<br>Fiore, frame 21.40mm x 23.30mm<br>Adjustable size<br>It will be delivered with gift packaging and a material warranty.";"Archaeology";"https://prf.hn/click/camref:1100l5ti9K/creativeref:1100l187865/destination:https%3A%2F%2Fwww.catawiki.com%2Fen%2Fl%2F98885125";"https://assets.catawiki.nl/assets/2025/10/20/e/7/a/e7ad3050-126f-464f-82e1-0cc3de37e9d4.jpg";"https://assets.catawiki.nl/assets/2025/10/20/a/4/0/a40d1a1e-2703-40f6-a635-893393045470.jpg";"https://assets.catawiki.nl/assets/2025/10/20/f/c/b/fcbfe303-bda3-4514-be31-e2147a8dc43f.jpg";"98885125";"5";"2025-11-15 18:18:20"
"Blood Coral - Silver - Bracelet - Mediterranean Coral";"Beautiful and versatile handcrafted bracelet with red Mediterranean coral stones and black onyx spheres from Asia.<br>Worked on and made in Torre del Greco.<br>Total weight 18.95gr<br>Total length 20cm plus 1.5cm extension.<br>Onyx sphere 3.5mm<br>Sassetti coral 4.5mm<br>Mounted in 925 sterling silver<br>Incised Fragolina in Mediterranean coral 7.70mm x 8mm<br>It will be delivered with gift packaging and a material warranty.";"Archaeology";"https://prf.hn/click/camref:1100l5ti9K/creativeref:1100l187865/destination:https%3A%2F%2Fwww.catawiki.com%2Fen%2Fl%2F98246074";"https://assets.catawiki.nl/assets/2025/10/1/3/0/8/308b5156-4439-49d7-8129-719de940b8e9.jpg";"https://assets.catawiki.nl/assets/2025/10/1/5/6/2/5629a4e4-14f2-4428-a1aa-389c1914c141.jpg";"https://assets.catawiki.nl/assets/2025/10/1/d/3/d/d3d376c6-98e0-4d84-b26f-ab6299993a3c.jpg";"98246074";"1";"2025-11-15 17:33:52"
"Authentic BALTIC AMBER Set – Mixed Colors & Geometric Bead Shapes - Amber (No Reserve Price)";"This striking amber jewelry set combines natural beauty and artisan design in perfect harmony. The necklace and bracelet feature hand-faceted amber beads in a captivating mix of honey, butterscotch, cognac, and dark cherry tones — each piece radiating its own ancient glow. A unique set that embodies timeless craftsmanship and the warm spirit of the Baltic.<br><br>### Material & Inclusions<br><br>* Genuine Baltic amber from the Eocene period (35–50 million years old)<br>* Natural variety of hues – honey, butterscotch, cognac, and dark cherry<br>* Visible ancient inclusions and air bubbles inside select beads<br>* No synthetic, pressed, or reconstituted materials used<br><br>### Craftsmanship & Design<br><br>* Hand-faceted amber beads cut into geometric freeform shapes<br>* Polished to a glossy finish revealing natural inner patterns<br>* Carefully hand-strung to highlight color transitions<br>* Bracelet made with quality elastic cord for comfortable wear<br>* Necklace with secure clasp closure for everyday or special occasions<br><br>### UV Testing & Authenticity<br><br>* Passes UV fluorescence test with characteristic blue-green glow<br>* 100% natural Baltic amber, not dyed or heat-treated<br>* Expertly handcrafted in the Baltic region<br><br>### Dimensions<br><br>* Necklace length: approximately 57 cm<br>* Bracelet inner diameter: approximately 6 cm (stretch design)<br>* Bead size range: approximately 10 mm<br><br>### Condition<br><br>* New, handcrafted condition<br>* No cracks, chips, or repairs<br>* Ready to wear or gift immediately<br><br>### Shipping & Packaging<br><br>* Ships securely from Lithuania via registered international airmail<br>* Tracking number provided<br>* Estimated delivery times:<br> * Europe: 4–8 business days<br> * USA & Canada: 7–14 business days<br> * Rest of the world: 10–21 business days";"Archaeology";"https://prf.hn/click/camref:1100l5ti9K/creativeref:1100l187865/destination:https%3A%2F%2Fwww.catawiki.com%2Fen%2Fl%2F99056584";"https://assets.catawiki.nl/assets/2025/11/5/3/b/6/3b65946b-2ac0-4900-872f-6bc910abc0a3.jpg";"https://assets.catawiki.nl/assets/2025/11/5/6/3/1/631db9ca-efd5-4b82-9476-b39ad5c600be.jpg";"https://assets.catawiki.nl/assets/2025/11/5/b/8/c/b8c51815-39c4-4e7a-9301-c3ea40a3c333.jpg";"99056584";"40";"2025-11-15 17:23:14"
"Scythian Bronze Arrowhead - 3 cm (No Reserve Price)";"Beautiful arrowhead from Scythian culture transformed into ancient jewelry with a resistant hypoallergenic sterling silver cord and featuring a cross and skull bead.<br>Dated to 200 B.C. and belonging to a lot acquired at an auction house, previously owned by a private collector in 1980.<br>A statement sheet is provided since such a sheet in these pieces is a synonym of guarantee and legitimacy.<br>Customs costs outside the European Union will be paid by the winning bidder.";"Archaeology";"https://prf.hn/click/camref:1100l5ti9K/creativeref:1100l187865/destination:https%3A%2F%2Fwww.catawiki.com%2Fen%2Fl%2F98774379";"https://assets.catawiki.nl/assets/2025/10/24/b/7/6/b76c57f3-83f8-4746-9ba7-4d8fc84fc7c2.jpg";"https://assets.catawiki.nl/assets/2025/10/24/1/1/8/11836307-6bae-445a-892f-c850d114650d.jpg";"https://assets.catawiki.nl/assets/2025/10/24/4/1/c/41c88d95-590e-4cc5-80ff-93c1e7f3acaa.jpg";"98774379";"1";"2025-11-15 17:39:40"
"Rosary - Amber - 1980-1990 - Rare Prayer Beads Rosary";"Rare indian Amber Prayer Beads Rosary Tesbih Misbaha - Barrel Amber Beads - for prayer and meditation- 33x beads rosary in Brown color<br>Amber clears depression, stimulates the intellect and promotes self-confidence and creative self-expression. It encourages decision-making, spontaneity and brings wisdom, balance and patience.<br><br>Made from Amber beads shaped like a barrel<br>in Brown color<br>Bead size: huge barrels of 15 x 15 mm<br>Weight 92 g (please see photos as the part of the description).<br>​.....<br>about us<br>Seeking beauty is one of the characteristics of human existence and art has long been a means to satisfy this instinctive desire. Some arts are rooted in the history and culture of nations, and this age makes them doubly beautiful. We are here to share with you the pleasure of this beauty and history, and in this way we will welcome any competition and challenge. You may never buy anything from us, but we are sure that your first purchase will not be your last!<br>With respect";"Archaeology";"https://prf.hn/click/camref:1100l5ti9K/creativeref:1100l187865/destination:https%3A%2F%2Fwww.catawiki.com%2Fen%2Fl%2F98006569";"https://assets.catawiki.nl/assets/2025/9/19/e/1/7/e170b2a0-1e6d-4e68-b0bc-64388687438d.jpg";"https://assets.catawiki.nl/assets/2025/9/19/0/8/9/08957471-3f93-47a3-a4ba-4849cb0e5fe1.jpg";"https://assets.catawiki.nl/assets/2025/9/19/7/b/1/7b124c6c-9e99-49a9-8a30-a8df3b059b04.jpg";"98006569";"1";"2025-11-15 17:37:44"
"Ancient Roman Bronze, Stunning Gladius Pendant (No Reserve Price)";"Roman bronze big gladius/sword pendant (military amulet) (AD 2nd–3rd centuries)<br>A miniature Roman bronze pendant/amulet shaped like a sword.<br>Stunning quality piece!!!<br><br><br>Weight: 4.38 grams<br>Height: 33.2 mm<br>Wide: 10 mm<br>Material: Bronze<br>See image for your own impression<br>Own private collection inherited from Grandfather, who built the collection in the 1960's """;"Archaeology";"https://prf.hn/click/camref:1100l5ti9K/creativeref:1100l187865/destination:https%3A%2F%2Fwww.catawiki.com%2Fen%2Fl%2F98822350";"https://assets.catawiki.nl/assets/2025/10/26/d/b/7/db76e104-1c9f-4f5b-a350-18906988a414.jpg";"https://assets.catawiki.nl/assets/2025/10/26/4/c/7/4c7a3b3a-0501-4674-8e80-02c0332bfd31.jpg";"https://assets.catawiki.nl/assets/2025/10/26/0/d/1/0d1d0e48-b2d3-49f3-8a31-8959558522d8.jpg";"98822350";"";"2025-11-09 17:27:00"
"Ancient Roman Stunning Silver Lion Seal Ring (No Reserve Price)";"A rare silver ancient Roman lion seal ring from 2-3 AD.<br>Very rare piece in stunning condition.<br><br>Weight: 3.84 grams<br>Ring Size: 16.2 x 14.1 mm<br>Silver<br>T.N. Pollio<br>See images for your own impression.<br>Own private collection inherited from Grandfather, who built the collection in the 1960's """;"Archaeology";"https://prf.hn/click/camref:1100l5ti9K/creativeref:1100l187865/destination:https%3A%2F%2Fwww.catawiki.com%2Fen%2Fl%2F98822198";"https://assets.catawiki.nl/assets/2025/10/26/c/6/4/c64e09d2-dd1b-4854-a815-b0bcf654651a.jpg";"https://assets.catawiki.nl/assets/2025/10/26/5/f/2/5f23257b-4755-4972-9b31-d4f23f03770c.jpg";"https://assets.catawiki.nl/assets/2025/10/26/6/c/f/6cf4a26c-4f51-4194-9fa2-c6eb07a2e4f9.jpg";"98822198";"";"2025-11-09 17:11:50"
"Ancient Roman Silver Rare Horseman Seal Ring (No Reserve Price)";"A stunning and extremely rare silver ancient Roman horseman seal ring from 1-3 AD<br>Bezel shows a Horsman.<br>Very Rare piece.<br><br>Weight: 5.31 grams<br>Ring size: 17.2 x 14.1 mm<br>Silver<br>T.N. Pollio<br>See images for your own impression.<br>Own private collection inherited from Grandfather, who built the collection in the 1960's """;"Archaeology";"https://prf.hn/click/camref:1100l5ti9K/creativeref:1100l187865/destination:https%3A%2F%2Fwww.catawiki.com%2Fen%2Fl%2F98898821";"https://assets.catawiki.nl/assets/2025/10/22/6/6/5/6655d620-3c06-4106-acd4-0d0dd52b91ad.jpg";"https://assets.catawiki.nl/assets/2025/10/22/1/f/0/1f048a86-18a7-45ac-8d60-112bc33fd23e.jpg";"https://assets.catawiki.nl/assets/2025/10/22/a/7/9/a79ecf48-1837-4368-99a2-8397ce3933f5.jpg";"98898821";"";"2025-11-09 18:10:20"
"Medieval, Crusaders Era Bronze, Rare X Seal Ring (No Reserve Price)";"Rare Crusader Empire bronze seal ring 11-13 AD<br>Bezel Show X<br>Interesting piece!!!!<br><br>Weight: 2.49 grams<br>Ring Size: 20.8 x 19.4 mm<br>Material: Bronze<br>T.N. Pollio<br>See images for your own impression.<br>Own private collection inherited from Grandfather, who built the collection in the 1960's """;"Archaeology";"https://prf.hn/click/camref:1100l5ti9K/creativeref:1100l187865/destination:https%3A%2F%2Fwww.catawiki.com%2Fen%2Fl%2F98898489";"https://assets.catawiki.nl/assets/2025/10/29/8/6/f/86ff6f90-a2d6-434f-a04a-c41f53ea3b3b.jpg";"https://assets.catawiki.nl/assets/2025/10/29/f/7/3/f7305bbb-a33d-49d6-b793-f71552331165.jpg";"https://assets.catawiki.nl/assets/2025/10/29/b/d/b/bdba718b-17d4-4985-9ef7-64dae4098727.jpg";"98898489";"";"2025-11-09 17:49:45"
"Ancient Roman Rock Crystal Pendant, wire-wrapped";"Please note: due to customs regulations we can only ship inside the European Union. Please ensure you have a valid EU shipping address before placing a bid. <br><br>Pendant set with an authentic Roman rock crystal bead, wire-wrapped and fitted with a handmade bail. The ancient bead, dating to the Roman period, has been re-mounted with modern fittings, making it suitable for modern wear while preserving its historical character.<br><br>The wire-wrapping technique, dating back to around 2000 BC, was a favoured method among ancient jewellery makers of many ancient civilizations. Renowned for its versatility and durability, this technique was cherished throughout history for creating intricate and timeless designs.<br><br>Length: ± 28,7 mm (including bail) <br><br>Condition: good condition and wearable. The ancient beads are restrung and combined with modern materials and fittings. Signs of wear consistent with age and use. See images.<br>Composed with beads originating from various old collections, acquired in the UK between 2016-2024.<br><br>Every ancient bead shows subtle variations and signs of age, reflecting its history and adding to the unique charm of every composition.<br><br>Certificate of Authenticity (PDF) is available upon request for lots with a hammer price of €100 or higher.<br><br><br>ROCK CRYSTAL, a transparent and colourless quartz, was believed by the ancients to be formed from ice which had hardened into stone through intense freezing. <br>Pliny the Elder reports that it was. found in many places, but the best was brought from India. <br><br>It was highly valued by the Romans and throughout history was used for decorative objects or in jewellery. It is associated with new beginnings and as a harbinger of all things possible. It is also believed to enhance harmony, spiritual growth and wisdom, and it can increase inspiration, creativity and help with concentration.";"Archaeology";"https://prf.hn/click/camref:1100l5ti9K/creativeref:1100l187865/destination:https%3A%2F%2Fwww.catawiki.com%2Fen%2Fl%2F97539179";"https://assets.catawiki.nl/assets/2025/8/28/7/b/7/7b75a6a3-eb71-43cf-8f5c-23c583295dd7.jpg";"https://assets.catawiki.nl/assets/2025/8/28/4/a/9/4a973616-5fd2-454a-8217-9a8952585b36.jpg";"https://assets.catawiki.nl/assets/2025/8/28/6/6/4/664985c4-637a-4843-832c-dfc1cfa5ed03.jpg";"97539179";"";"2025-11-09 17:17:15"
"Greco-Roman Bronze Arrowhead Pendant (No Reserve Price)";"Attention: due to customs regulations we can only ship inside the European Union. Please ensure you have a valid EU shipping address before placing a bid. <br><br>Bronze arrowhead pendant, socketed trilobate type. The arrowhead is mounted in a modern bail to allow for wearing as a pendant. The pendant will be delivered on a leather jewellery cord with clasp, perfect for modern wear or suitable to put on display.<br><br>Size: ± 42,6 mm (including bail)<br><br>Condition: good solid condition, Olive green smooth and shiny patina. Signs of wear consistent with age and use. See images.<br>Certificate of Authenticity (PDF) is available upon request for lots with a hammer price of €100 or higher.<br><br>ARROWHEADS<br>Bilobate heads appear to have first been developed in the Pontic Steppe area in the 8th century BC. Over time, the design of the arrowheads developed to suit different purposes. Narrower forms were ideal for penetrating armour or protective leather clothing. Trimming the design made the arrowheads lighter and more ideal for longer distances. Barbed arrowheads are designed to cause more damage upon impact and create larger wounds.<br><br>Arrowheads were used in major Greek and Roman battles.<br>The Greeks used archers in the army and navy and created a special archer corps around 480 BC. In 425 BC Athenian archers helped to defeat the Spartans at the Battle of Sphacteria. Odysseus was a legendary archer and his bow played a major role in Homer's epic poem the Odyssey.<br>The Romans used mercenary auxiliary troops of archers to augment the Legions. Mounted archers were used during the Civil wars between Caesar and Pompei, Germanicus made use of bowmen against the Chatii and Septimus Severus used archers in Mespotamia.<br><br>";"Archaeology";"https://prf.hn/click/camref:1100l5ti9K/creativeref:1100l187865/destination:https%3A%2F%2Fwww.catawiki.com%2Fen%2Fl%2F99076347";"https://assets.catawiki.nl/assets/2024/11/2/a/b/7/ab783d29-d784-4719-abed-18bca33b3914.jpg";"https://assets.catawiki.nl/assets/2024/11/2/b/b/2/bb244681-af41-4c62-b1d4-10f61584f155.jpg";"https://assets.catawiki.nl/assets/2024/11/2/6/a/a/6aa97f3a-b95b-41ec-ada3-baef6de18556.jpg";"99076347";"1";"2025-11-16 17:25:55"
"Medieval (Gothic) - Bronze Aristocratic Ring - 2.6 cm (No Reserve Price)";"Approximately 11 - 14th C AD<br>Material: Bronze Alloy<br>Object: Decorated Ring <br>Dimensions: 2.6 x 2.4 x 1.5 cm<br>Condition: Excellent condition<br>Ex-collection Dr. Matthias Köhler (1966)<br>The auction is provided with German export documents<br><br>We guarantee originality.<br><br>Provenance: Property of a private collector from southern Germany, formed in the 1970s - 1980s.<br>The Seller can prove that the lot was obtained legally.<br>Important information. The seller guarantees that he is entitled to ship this lot.<br>The seller will take care that any necessary permits will be arranged.<br>The seller will inform the buyer about this if this takes more than a few days.";"Archaeology";"https://prf.hn/click/camref:1100l5ti9K/creativeref:1100l187865/destination:https%3A%2F%2Fwww.catawiki.com%2Fen%2Fl%2F98906471";"https://assets.catawiki.nl/assets/2025/10/30/e/2/e/e2ed74fe-92f0-4402-aecd-1ce5cb9f6b8b.jpg";"https://assets.catawiki.nl/assets/2025/10/30/f/b/0/fb05a7fc-6e18-4d43-9cf6-9e3a3bf13712.jpg";"https://assets.catawiki.nl/assets/2025/10/30/1/0/f/10f49e5c-f253-4c24-b842-65e95e559722.jpg";"98906471";"4";"2025-11-16 17:15:05"
"Scythian Pendant of a Scythian bronze arrowhead.Excellent condition. (No Reserve Price)";"Pendant of a Scythian bronze arrowhead.Excellent condition.<br><br>Scythian bronze arrowhead, three-bladed type with socket. The arrowhead is mounted in a modern bow, allowing it to be worn as a pendant. The pendant will be delivered with a leather jewelry cord with a carabiner.<br>Condition: Excellent solid condition, dark smooth and shiny patina. Signs of wear consistent with age and use.Look at many photos for your own impression.<br><br>Size arrowhead : 34 x 7 mm.<br>Weight: 2.89 grams.<br>The item was purchased in 2015 in Barcelona, ​​Spain from G.A. as part of a private Spanish collection dating back to the 1980s.";"Archaeology";"https://prf.hn/click/camref:1100l5ti9K/creativeref:1100l187865/destination:https%3A%2F%2Fwww.catawiki.com%2Fen%2Fl%2F98712734";"https://assets.catawiki.nl/assets/2025/10/22/7/9/3/7931fac3-2792-432a-8203-3822b769f41b.jpg";"https://assets.catawiki.nl/assets/2025/10/22/c/5/9/c59dd71d-2bf3-4ffc-b563-58cd0bcfc067.jpg";"https://assets.catawiki.nl/assets/2025/10/22/f/c/a/fca11046-acc2-470a-b3bf-d18946dcdd0b.jpg";"98712734";"2";"2025-11-16 17:50:50"
"Ancient Roman Necklace with Roman glass amulet pendant";"Attention: due to customs regulations we can only ship inside the European Union. Please ensure you have a valid EU shipping address before placing a bid. <br><br>Necklace with Roman glass amulet pendant with an integral suspension loop. The Roman pendant will be delivered on a modern jasseron necklace, making it suitable for modern wear while preserving its historical charm.<br><br>Length: ± 42,5 cm<br>Diameter beads: ± 26,8 x 25,9 x 7,4 mm maximum<br><br>Condition: good solid condition and wearable. The ancient bead is combined with a modern gold-plated jasseron chain. Signs of wear consistent with age and use. See images.<br>Composed with beads originating from various old collections, acquired in the UK between 2016-2024.<br><br>Every ancient bead shows subtle variations and signs of age, reflecting its history and adding to the unique charm of every composition.<br><br>Certificate of Authenticity (PDF) is available upon request.<br><br>ANCIENT GLASS<br>Glass has always been found in nature, but the humans first created glass about 4.000 years ago. when ancient craftsmen in Mesopotamia discovered the art of mixing sand, soda and lime to make glass.<br>For centuries, glass was a luxury item and reserved for the upper classes.<br><br>Glassmaking centers around the Mediterranean world experimented with new techniques (casting, core-forming, mosaic glass) and with colours by adding metallic oxides (cobalt, copper, etc) to the mixture.<br><br>The Romans learned the glass-making craft after the conquest of Egypt in the 1st century BC. During the 1st century AD the glassblowing technique revolutionized the production and made it possible to produce larger quantities. By adding manganese dioxide Roman glassmakers successfully produced colourless or ‘aqua’ glass for the first time.<br><br>Roman glass became a very popular material, used for beads, glass windows, mosaic tiles, tableware pieces etc. Roman glass was traded all over the Roman Empire and far beyond to Central Africa, Scandinavia and via the Silk Route to China.<br>";"Archaeology";"https://prf.hn/click/camref:1100l5ti9K/creativeref:1100l187865/destination:https%3A%2F%2Fwww.catawiki.com%2Fen%2Fl%2F99078649";"https://assets.catawiki.nl/assets/2025/9/9/a/f/6/af6d1c8a-3491-4267-a487-1245172ef9d9.jpg";"https://assets.catawiki.nl/assets/2025/9/9/9/b/2/9b207377-356b-4786-91a7-204b0b575661.jpg";"https://assets.catawiki.nl/assets/2025/9/9/c/5/4/c546aa9d-23ec-41a7-91b7-23e107f7f654.jpg";"99078649";"1";"2025-11-16 17:58:25"
"Ancient Egyptian Necklace made of Turquoise, Glass and Faience Mummy beads - 46 cm (No Reserve Price)";"IMPORTANT!<br>Due to new custom regulations we can no longer ship outside the E.U. Please make sure you have an EU shipping address before bidding.<br><br>- Strung on modern wire with Silver Lobster Lock(925).<br><br>- Total length: 46 cm. Hanger: 4,5 cm. Average bead size: 2-4 mm.<br><br>Registered shipping.<br><br>Provenance/Known History:<br><br>Ancient Egyptian Faience Mummy beads: Ex William Ohly 1883-1955, Abbey Museum, New Barnet, by descent. After that A&O Gallery, UK.<br><br>Ancient Egyptian Turquoise beads: Ex. Private UK collection. Collected before 1970. After that J.T.O., The Netherlands.<br><br>Ancient Egyptian/Roman Glass beads: UK, London Art Market, 1990's. After that A&O Gallery, UK.<br><br>Important information:<br><br>- A declaration of authenticity by my shop is provided with this lot.<br><br>- Invoices, import- and export papers etc. will not be shared with customers.<br><br>- Please do not pay for a won item before you are finished bidding in the auction. The system will not be able to combine your orders into one shipping if all items aren't paid at once.";"Archaeology";"https://prf.hn/click/camref:1100l5ti9K/creativeref:1100l187865/destination:https%3A%2F%2Fwww.catawiki.com%2Fen%2Fl%2F99084903";"https://assets.catawiki.nl/assets/2025/11/6/c/6/7/c674be6c-2a1a-4e5a-b5f7-730b5ecdb2f8.jpg";"https://assets.catawiki.nl/assets/2025/11/6/9/d/1/9d17d0c1-1e78-4d29-81ab-8a4fa255696f.jpg";"https://assets.catawiki.nl/assets/2025/11/6/6/e/5/6e584d30-1a46-4b71-9774-e066da39f250.jpg";"99084903";"3";"2025-11-16 17:21:35"
"Medieval Silver Seal ring with stylistic depicting of Agnus Dei and monogram design";"A beautiful Late Medieval silver signet ring with an interesting stylistic design featuring a lamb, which could refer to the Agnus Dei symbol. The other inscriptions may represent a monogram<br><br>Material: solid silver<br>Weight: 8,74 grams<br>Date: Late Medieval, approx. 13-15th century AD.<br>Measurement: 22x22mm Ringsize: 20mm USA: 10<br>Condition: Good, traces of age. <br><br>International registered Delivery. <br><br>Provenance: The Supplier warrants that it has obtained this lot in a legal manner.<br>From a private French collection collected since 1990's; acquired on the European art market in the 90's.<br><br>Important information: <br>The Seller can prove that the lot was obtained legally , provenance statement seen by Catawiki. <br>Important information. The seller guarantees that he is entitled to ship this lot. <br>The seller will take care that any necessary permits will be arranged. <br>The seller will inform the buyer about this if this takes more than a few days.";"Archaeology";"https://prf.hn/click/camref:1100l5ti9K/creativeref:1100l187865/destination:https%3A%2F%2Fwww.catawiki.com%2Fen%2Fl%2F98979236";"https://assets.catawiki.nl/assets/2025/11/2/5/6/b/56b8ca14-9b96-4d09-a9f7-11d9921f466a.jpg";"https://assets.catawiki.nl/assets/2025/11/2/3/f/9/3f9d44d0-0119-4d59-8272-bf709b5ba8a3.jpg";"https://assets.catawiki.nl/assets/2025/11/2/4/7/e/47e576d7-b320-4afe-bd48-5ca6b66a7e97.jpg";"98979236";"1";"2025-11-16 17:59:30"
"Celtic Bronze Druid Infinity amulet pendant (No Reserve Price)";"Please note: due to customs regulations we can only ship inside the European Union. Please ensure you have a valid EU shipping address before placing a bid. <br><br>Celtic bronze open circle 'Infinity' amulet. The amulet will be delivered on a modern leather jewellery cord with clasp, perfect for modern wear or to put on display.<br><br>The pendant is formed in a continuous circular loop, symbolising infinity and eternal connection; themes that are deeply rooted in Celtic belief and art. A simple yet powerful design, evoking the Celtic reverence for the unbroken cycle of life, nature, and renewal.<br><br>Diameter: ± 59,6 mm maximum<br><br>Condition: good solid condition, weathered surface showing variegated patina. Signs of wear consistent with age and use. See images.<br>Certificate of Authenticity: available upon request (pdf-format) for items with a hammer price of € 100 or more.";"Archaeology";"https://prf.hn/click/camref:1100l5ti9K/creativeref:1100l187865/destination:https%3A%2F%2Fwww.catawiki.com%2Fen%2Fl%2F96530987";"https://assets.catawiki.nl/assets/2025/7/4/7/e/f/7ef4c4db-0d26-40ad-985f-62dbd621b3cf.jpg";"https://assets.catawiki.nl/assets/2025/7/4/b/b/1/bb1902e9-9926-4c79-9716-8aaf44b4e09c.jpg";"https://assets.catawiki.nl/assets/2025/7/4/6/1/7/61751139-791b-45ea-8ebc-b9cf07a479f1.jpg";"96530987";"1";"2025-11-16 17:46:30"
"Ancient Roman Earrings";"Attention: due to customs regulations we can only ship inside the European Union. Please ensure you have a valid EU shipping address before placing a bid. <br><br>Handmade earrings with Roman turquoise glass beads. The ancient beads are restrung with modern fittings, making them suitable for modern wear while preserving their historical charm.<br>The earrings will be delivered in a jewellery box, a perfect gift for any occasion.<br><br>Length: ± 44 mm<br>Diameter beads: ± 4,6 mm<br><br>Condition: good condition and wearable. The ancient beads are restrung and combined with modern gold-plated spacer beads and fittings. Signs of wear consistent with age and use. See images.<br>Composed with beads originating from various old collections, acquired in the UK between 2016-2024.<br><br>Every ancient bead shows subtle variations and signs of age, reflecting its history and adding to the unique charm of every composition.<br><br>Certificate of Authenticity (PDF) is available upon request for lots with a hammer price of €100 or higher.<br><br>ANCIENT GLASS<br>Glass has always been found in nature, but the humans first created glass about 4.000 years ago. when ancient craftsmen in Mesopotamia discovered the art of mixing sand, soda and lime to make glass.<br>For centuries, glass was a luxury item and reserved for the upper classes.<br><br>Glassmaking centers around the Mediterranean world experimented with new techniques (casting, core-forming, mosaic glass) and with colours by adding metallic oxides (cobalt, copper, etc) to the mixture.<br><br>The Romans learned the glass-making craft after the conquest of Egypt in the 1st century BC. During the 1st century AD the glassblowing technique revolutionized the production and made it possible to produce larger quantities. By adding manganese dioxide Roman glassmakers successfully produced colourless or ‘aqua’ glass for the first time.<br><br>Roman glass became a very popular material, used for beads, glass windows, mosaic tiles, tableware pieces etc. Roman glass was traded all over the Roman Empire and far beyond to Central Africa, Scandinavia and via the Silk Route to China.<br>";"Archaeology";"https://prf.hn/click/camref:1100l5ti9K/creativeref:1100l187865/destination:https%3A%2F%2Fwww.catawiki.com%2Fen%2Fl%2F97558302";"https://assets.catawiki.nl/assets/2025/8/29/4/b/6/4b6c7184-0899-4909-a1a6-7bb2808bf751.jpg";"https://assets.catawiki.nl/assets/2025/8/29/6/f/0/6f0adbdb-cb5c-4681-8e14-ae57aacf77b9.jpg";"https://assets.catawiki.nl/assets/2025/8/29/c/6/7/c6795177-d55b-4dd3-a2cd-156c951b956a.jpg";"97558302";"1";"2025-11-16 17:03:10"
"Medieval, Crusaders Era Bronze Cross Pendant on a Leather Necklace - 42 cm (No Reserve Price)";"IMPORTANT!<br>Due to new custom regulations we can no longer ship outside the E.U. Please make sure you have an EU shipping address before bidding.<br><br>- Total length leather necklace but adjustable: 42 cm. Cross: 3.5 x 2.8 x 0.2 cm.<br><br>- Medieval bronze cross pendants, like the one pictured, were worn as personal devotional objects that symbolized the wearer's faith and offered protection. This particular cross was associated originates from the Crusader period from the 11th to the 13th centuries.<br><br>Registered shipping.<br><br>Provenance/Known History:<br><br>Ex. Private UK collection. Collected before 1970. After that A.A. Gallery, UK.<br><br>Important information:<br><br>- A declaration of authenticity by my shop is provided with this lot.<br><br>- Invoices, import- and export papers etc. will not be shared with customers.<br><br>- Please do not pay for a won item before you are finished bidding in the auction. The system will not be able to combine your orders into one shipping if all items aren't paid at once.";"Archaeology";"https://prf.hn/click/camref:1100l5ti9K/creativeref:1100l187865/destination:https%3A%2F%2Fwww.catawiki.com%2Fen%2Fl%2F99086563";"https://assets.catawiki.nl/assets/2025/11/6/a/9/5/a95898cc-0159-4315-81a0-51b6289a1f94.jpg";"https://assets.catawiki.nl/assets/2025/11/6/9/5/9/9593e3ba-a145-4c45-8637-fd49a6dddfb3.jpg";"https://assets.catawiki.nl/assets/2025/11/6/c/0/2/c0248310-589d-4ef8-acea-bf2521c8f91a.jpg";"99086563";"13";"2025-11-16 18:09:15"
"Mesopotamian decorative Stone on a Leather Necklace - 42 cm (No Reserve Price)";"IMPORTANT!<br>Due to new custom regulations we can no longer ship outside the E.U. Please make sure you have an EU shipping address before bidding.<br><br>- Length of Leather necklace is adjustable, ca. 42 cm. Decorative Bead: 1.7 x 1 x 1 cm.<br><br>- Leather necklace is modern. The decorative Bead is Mesopotamian.<br><br>Registered shipping.<br><br>Provenance/Known History:<br><br>London Art Market, 2000's, UK. After that A&O Gallery, UK.<br><br>Important information:<br><br>- A declaration of authenticity by my shop is provided with this lot.<br><br>- Invoices, import- and export papers etc. will not be shared with customers.<br><br>- Please do not pay for a won item before you are finished bidding in the auction. The system will not be able to combine your orders into one shipping if all items aren't paid at once.";"Archaeology";"https://prf.hn/click/camref:1100l5ti9K/creativeref:1100l187865/destination:https%3A%2F%2Fwww.catawiki.com%2Fen%2Fl%2F99086799";"https://assets.catawiki.nl/assets/2025/11/6/9/8/5/98541021-3b8b-49ba-8a11-3fe83458ab19.jpg";"https://assets.catawiki.nl/assets/2025/11/6/6/b/3/6b379736-b27c-4502-b709-4f4c1124c738.jpg";"https://assets.catawiki.nl/assets/2025/11/6/0/0/9/0092198d-5eea-4a8b-9502-2a00a5a678ba.jpg";"99086799";"1";"2025-11-16 17:14:00"
"Ancient Roman Gold decorative Beads 5x - 1.8 mm (No Reserve Price)";"IMPORTANT!<br>Due to new custom regulations we can no longer ship outside the E.U. Please make sure you have an EU shipping address before bidding.<br><br>- Bigger Bead: 18 x 7 x 7 mm. <br>- Smaller beads: ca. 4 x 4 x 2 mm. Sizes vary sightly.<br><br>- Total weight: 1078 mg.<br><br>Registered shipping.<br><br>Provenance/Known History:<br><br>Ex. Private North American collection. Collected in the 1990's. After that A&O Gallery, UK.<br><br>Important information:<br><br>- A declaration of authenticity by my shop is provided with this lot.<br><br>- Invoices, import- and export papers etc. will not be shared with customers.<br><br>- Please do not pay for a won item before you are finished bidding in the auction. The system will not be able to combine your orders into one shipping if all items aren't paid at once.<br><br><br><br>Catawiki disclaimer: This piece has been dated based on style by the seller . No further tests, such as, a TL test, analysis of metals(XRF-test), lapidary tests, analysis of pigments or radiography scans have been conducted to check the integrity of the piece.";"Archaeology";"https://prf.hn/click/camref:1100l5ti9K/creativeref:1100l187865/destination:https%3A%2F%2Fwww.catawiki.com%2Fen%2Fl%2F99066148";"https://assets.catawiki.nl/assets/2025/11/5/a/2/c/a2cb1621-e7f4-4b42-815d-b0486d3f909c.jpg";"https://assets.catawiki.nl/assets/2025/11/5/0/1/2/01206e16-4c8c-4133-bfdf-1e611e2a45a0.jpg";"https://assets.catawiki.nl/assets/2025/11/5/a/3/9/a3953ff1-cb5c-45a9-b59b-468229faaca3.jpg";"99066148";"4";"2025-11-16 17:48:40"
"Near Eastern Bronze clothing/ hair needle with decoration 6,3 cm (No Reserve Price)";"In Luristan art, the figure of the mountain goat, with its imposing curved horns, symbolizes vitality, fertility, and connection with the divine. Often depicted alongside the tree of life or in scenes of regeneration, it embodies natural cycles and the power of the mountain. Its presence in ritual bronzes and prestige objects reveals both its sacred value and its association with power and status.<br><br>Provenance: Ex private UK collection. Collected before the 1970s; Jaspers' Antiques, 2022; Formerly from the Pablo H. Goizauskas Collection, Spain, 2025<br><br>Statement seen by Catawiki. Important information. The seller guarantees that he is entitled to ship this lot. The seller will take care that any necessary permits will be arranged. The seller will inform the buyer about this if this takes more than a few days.<br><br>Important: For destinations out of Spanish territorry: all our object will be shipped after obtaining CERTIFICATE OF EXPORTATION by Ministry of Culture of Spain. We inform our clients that it may take between 4-8 weeks.<br><br>For buyers outside the European Union (EU) a Spanish export license is required. This will take several weeks to arrange.<br><br>Due to Switzerland customs regulations about antiques over 100 years old, this lot cannot be sold to customers residing in Switzerland.";"Archaeology";"https://prf.hn/click/camref:1100l5ti9K/creativeref:1100l187865/destination:https%3A%2F%2Fwww.catawiki.com%2Fen%2Fl%2F99002100";"https://assets.catawiki.nl/assets/2025/11/3/8/8/e/88ebc5d3-3c0f-4f12-b817-f62deb04ae8e.jpg";"https://assets.catawiki.nl/assets/2025/11/3/5/7/5/5755495a-bc58-45b9-9737-c3eb6e689192.jpg";"https://assets.catawiki.nl/assets/2025/11/3/d/a/7/da7f6e53-a650-4af0-871d-3665af0955c1.jpg";"99002100";"2";"2025-11-13 21:08:30"
"Late Roman/Early Byzantine finger ring";"Medieval bronze ring with a beautiful green patina in very good condition, can be worn as jewelry, originally from an old Belgian collection of 1994. The inner diameter of the ring measures 20mm.";"Archaeology";"https://prf.hn/click/camref:1100l5ti9K/creativeref:1100l187865/destination:https%3A%2F%2Fwww.catawiki.com%2Fen%2Fl%2F99004149";"https://assets.catawiki.nl/assets/2025/9/27/a/5/8/a5814766-af74-4a3b-8ef2-ff84e61cb1ac.jpg";"https://assets.catawiki.nl/assets/2025/9/27/b/5/a/b5a092e6-7182-4b65-99a7-eefd93359b9d.jpg";"https://assets.catawiki.nl/assets/2025/9/27/0/8/1/081c80bc-c8a0-405e-9362-fd0a2fa75e5a.jpg";"99004149";"1";"2025-11-13 20:36:00"
"Medieval, Crusaders Era finger ring";"Medieval bronze ring with a beautiful green patina, in very good condition, can be worn as jewelry, originally from an old Belgian collection of 1994. The inner diameter of the ring is 18mm.";"Archaeology";"https://prf.hn/click/camref:1100l5ti9K/creativeref:1100l187865/destination:https%3A%2F%2Fwww.catawiki.com%2Fen%2Fl%2F98966782";"https://assets.catawiki.nl/assets/2025/9/27/6/1/9/6194327d-b5ad-40f4-88a7-f519f4215d8d.jpg";"https://assets.catawiki.nl/assets/2025/9/27/5/3/c/53c7f99b-745c-4e2f-858b-e89febd8c135.jpg";"https://assets.catawiki.nl/assets/2025/9/27/5/0/7/507d5b7a-7b3c-468a-a55d-196539b4374c.jpg";"98966782";"47";"2025-11-13 21:11:50"
"Ancient Egyptian to Roman Glass over 100 ancient beads (No Reserve Price)";"A selection of over 100 Roman and Ancient Egyptian mixed media beads consisting of glass, faience ,agate and Lapiz Lazuli.<br>From my own collection since 1997.<br>circa 500 BCE-400 ADE <br>Comes with provenance statement<br>Sent by tracked and signed post.";"Archaeology";"https://prf.hn/click/camref:1100l5ti9K/creativeref:1100l187865/destination:https%3A%2F%2Fwww.catawiki.com%2Fen%2Fl%2F98942957";"https://assets.catawiki.nl/assets/2025/10/31/5/e/c/5ec7f10d-6fcd-4749-a515-767b4f19a6c0.jpg";"https://assets.catawiki.nl/assets/2025/10/31/1/1/6/1169b9bf-11c9-47f2-b9aa-5877a3c7deaf.jpg";"https://assets.catawiki.nl/assets/2025/10/31/a/3/4/a34c788b-8279-4d31-b593-80da4c4cdfc0.jpg";"98942957";"3";"2025-11-13 20:37:40"
"Post Medieval - Bronze - Beautiful open applique with floral decoration - 23 mm - 17th-18th Plaque - 0.23 mm (No Reserve Price)";"";"Archaeology";"https://prf.hn/click/camref:1100l5ti9K/creativeref:1100l187865/destination:https%3A%2F%2Fwww.catawiki.com%2Fen%2Fl%2F99052508";"https://assets.catawiki.nl/assets/2025/3/13/5/4/6/546765a1-b3cb-41ad-a882-c1e842f9d888.jpg";"https://assets.catawiki.nl/assets/2025/3/13/a/e/a/aeabca21-865a-4f30-9eeb-283c135e7984.jpg";"https://assets.catawiki.nl/assets/2025/3/13/5/a/8/5a8181e4-f1b4-417e-9fbd-75022d805bb3.jpg";"99052508";"1";"2025-11-13 21:30:10"
"Medieval, Crusaders Era - Bronze Crusader Ring - 2.4 cm (No Reserve Price)";"Approximately 15th C AD - Medieval Crusader Era<br>Material: Bronze Alloy<br>Object: Shield Ring <br>Dimensions: 2.4 x 2.4 x 0.9 cm<br>Condition: Excellent condition.<br><br>We guarantee originality.<br><br>Provenance: Property of a private collector from southern Germany, formed in the 1970s - 1980s.<br>The Seller can prove that the lot was obtained legally.<br>Important information. The seller guarantees that he is entitled to ship this lot.<br>The seller will take care that any necessary permits will be arranged.<br>The seller will inform the buyer about this if this takes more than a few days.";"Archaeology";"https://prf.hn/click/camref:1100l5ti9K/creativeref:1100l187865/destination:https%3A%2F%2Fwww.catawiki.com%2Fen%2Fl%2F98906483";"https://assets.catawiki.nl/assets/2025/10/30/e/c/6/ec69fb2a-ede7-44f4-8dd9-4e3d7aebcd09.jpg";"https://assets.catawiki.nl/assets/2025/10/30/7/9/8/798b07f3-1f05-4dd0-99ea-04f6df5d2186.jpg";"https://assets.catawiki.nl/assets/2025/10/30/4/3/5/435c59c4-ecef-4693-8e2c-7659aa2180a3.jpg";"98906483";"7";"2025-11-13 20:35:10"
"Medieval, Crusaders Era finger ring";"Large medieval bronze ring with beautiful craftsmanship and patina in very good condition, can be worn as jewelry, originally from an old Belgian collection from 1995. The inner diameter of the ring is 21mm.";"Archaeology";"https://prf.hn/click/camref:1100l5ti9K/creativeref:1100l187865/destination:https%3A%2F%2Fwww.catawiki.com%2Fen%2Fl%2F98966714";"https://assets.catawiki.nl/assets/2025/9/26/7/a/a/7aa0e108-4143-4ad9-bd63-c20009544a29.jpg";"https://assets.catawiki.nl/assets/2025/9/26/9/0/a/90a5e25d-ab9e-472a-8729-55279975064f.jpg";"https://assets.catawiki.nl/assets/2025/9/26/3/2/c/32c7b90d-c5ba-4e15-aa08-b7dc912ca10d.jpg";"98966714";"1";"2025-11-13 20:43:30"
"Viking Era Bronze Belt Buckle Plate with Interlaced Serpent Motifs (No Reserve Price)";"An evocative and rare survival of Viking metal artistry, reflecting both the martial and mythic spirit of Norse craftsmanship.<br><br>This finely cast bronze buckle plate features a rectangular form with a rounded crown and twin loops at the base for fastening. Its surface is richly decorated in low relief, bordered with a precise dotted pattern. The central field reveals a complex composition of interlacing serpents, their bodies woven in intricate knots — a powerful Viking motif symbolizing protection, eternity, and the binding forces of fate (wyrd).<br><br>Such serpent interlace designs are closely related to the Urnes and Borre art styles of the Viking Age, where serpents and beasts were often used to convey strength, guardianship, and the endless cycle of life and destiny.<br><br>A superbly preserved piece that captures the essence of Norse symbolic design, once adorning the belt of a warrior or nobleman.<br><br>Culture: Viking<br>Material: Bronze<br>Date: ca. 9th–10th century CE<br>Dimensions: 60 × 25 mm<br>Condition: Excellent for its age, with a stable dark brown and green patina; minor wear consistent with age and use; fastening loops intact.";"Archaeology";"https://prf.hn/click/camref:1100l5ti9K/creativeref:1100l187865/destination:https%3A%2F%2Fwww.catawiki.com%2Fen%2Fl%2F99070818";"https://assets.catawiki.nl/assets/2025/11/6/c/c/d/ccd96b39-66a9-49ea-bd54-e6a04e4f2432.jpg";"https://assets.catawiki.nl/assets/2025/11/6/2/5/5/255bd0dd-9ac9-4b8f-b397-3ca4a077d5cf.jpg";"https://assets.catawiki.nl/assets/2025/9/25/a/7/1/a719b6d6-bf57-4e1f-a6b7-da45d076b615.jpg";"99070818";"6";"2025-11-13 20:09:20"
"Medieval, Crusaders Era finger ring";"Medieval bronze ring with a beautiful green patina in very good condition, can be worn as jewelry, originally from an old Belgian collection of 1995. The inner diameter of the ring measures 17mm.";"Archaeology";"https://prf.hn/click/camref:1100l5ti9K/creativeref:1100l187865/destination:https%3A%2F%2Fwww.catawiki.com%2Fen%2Fl%2F99004124";"https://assets.catawiki.nl/assets/2025/9/27/f/a/3/fa33344d-f853-48ff-88a1-7218484dd716.jpg";"https://assets.catawiki.nl/assets/2025/9/27/5/3/8/53848b43-f234-4993-a38e-bc6521c26eaa.jpg";"https://assets.catawiki.nl/assets/2025/9/27/9/d/f/9df8151f-6b3e-4c9e-b1a7-1d485b548e39.jpg";"99004124";"1";"2025-11-13 21:17:40"
"Medieval, Crusaders Era finger ring";"Medieval bronze ring with a beautiful green patina in very good condition, can be worn as jewelry, originally from an old Belgian collection of 1995. The inner diameter of the ring is 19mm.";"Archaeology";"https://prf.hn/click/camref:1100l5ti9K/creativeref:1100l187865/destination:https%3A%2F%2Fwww.catawiki.com%2Fen%2Fl%2F98966728";"https://assets.catawiki.nl/assets/2025/9/27/4/9/7/497ff529-18fb-43e5-8f5f-12e5b7824108.jpg";"https://assets.catawiki.nl/assets/2025/9/27/e/b/7/eb73ea82-44bb-46f9-b341-920b94067b8a.jpg";"https://assets.catawiki.nl/assets/2025/9/27/9/6/b/96bd6cc1-ac1d-4811-9bbf-10fccee8b8e4.jpg";"98966728";"1";"2025-11-13 20:45:10"
"Islamic Bronze Ring - Medieval 11th - 13th AD (No Reserve Price)";"Islamic bronze ring – 11th/13th century AD – 18mm inner diameter – 3.95g<br><br>This finely crafted Islamic bronze ring dates from the 11th to 13th century AD and features a broad band with a flat bezel bearing a deeply worn but still discernible geometric or possibly symbolic motif. The wear pattern and stylistic execution suggest it may have served both as a personal seal and a marker of identity, typical of Islamic rings from this period. The ring’s proportions—wide and solid—indicate it belonged to a male wearer of some status.<br><br>The piece shows a wonderful patina of age, with the edges softened by centuries of handling. While the central motif is eroded, traces of its original engraving remain visible under careful light. The thickness of the band and the stylistic simplicity reflect regional metalwork preferences during the high medieval Islamic world, particularly in North Africa or the Levant. This ring stands as a material witness to both personal adornment and the administrative practices of the medieval Islamic world.<br><br>Material: Bronze<br>Dimensions: 18 mm internal diameter<br>Weight: 3.95 g<br>Date: 11th–13th century AD<br>Condition: Good condition with consistent wear; engraved bezel significantly worn but visible; band complete and structurally stable.<br><br>An enduring fragment of medieval Islamic daily life, this ring captures the subtle fusion of utility and artistry typical of the period’s material culture.<br><br>Provenance: Acquired from an auction house in 2025, previously owned by a collector from the South of Germany, acquired in the 1980s.";"Archaeology";"https://prf.hn/click/camref:1100l5ti9K/creativeref:1100l187865/destination:https%3A%2F%2Fwww.catawiki.com%2Fen%2Fl%2F98826258";"https://assets.catawiki.nl/assets/2025/10/27/4/8/6/48660d96-98fb-4e24-aeca-00244d7ec4ad.jpg";"https://assets.catawiki.nl/assets/2025/10/27/a/1/6/a168bc88-24b6-4601-a3b9-f613c142fe0a.jpg";"https://assets.catawiki.nl/assets/2025/10/27/e/e/a/eea3982f-32ec-42d7-b04f-0da8a9d2ad44.jpg";"98826258";"1";"2025-11-13 21:00:10"
"Ancient Egyptian Faience Beads set in modern adjustable Ring (No Reserve Price)";"Ancient Egyptian Faience Beads Ring – Late Period 664-332 B.C .<br><br>This eye-catching ring features genuine Ancient Egyptian faience beads, over 2,500 years old, expertly preserved in clear resin to highlight their brilliant colour and fine detail. The beads date to the Middle and Third Intermediate Periods of Ancient Egypt, known for their exquisite craftsmanship and symbolic use of faience in jewellery and ritual objects.<br><br>Material: Authentic ancient faience beads (resin-encased), chrome-plated adjustable band<br><br>Date: c. 1000–500 BC<br><br>Fit: Adjustable; suitable for most sizes<br><br>Weight: Lightweight and comfortable for daily wear<br><br>The vivid blues and greens of the faience beads are beautifully contrasted with a modern chrome-plated setting, allowing the piece to shine as both a historical artefact and a contemporary statement ring. The use of resin ensures durability while showcasing the ancient elements in striking clarity.<br><br>Provenance:<br>From the private collection of a London gentleman; acquired in the early 2000s. Previously part of a UK collection formed in the 1970s.<br><br>Condition: The ancient faience beads are in excellent condition, carefully preserved within resin. The ring setting is modern, new, and adjustable.<br><br>A unique opportunity to wear a fragment of Ancient Egyptian history—perfect for collectors or lovers of timeless, meaningful design.<br><br><br><br>****Please note: Orders shipped outside the EU may be subject to customs fees and import duties.****<br><br><br><br>Thank you!";"Archaeology";"https://prf.hn/click/camref:1100l5ti9K/creativeref:1100l187865/destination:https%3A%2F%2Fwww.catawiki.com%2Fen%2Fl%2F98764214";"https://assets.catawiki.nl/assets/2025/10/23/4/7/1/47189035-2fdf-41c2-bc05-6ee86d2d4c80.jpg";"https://assets.catawiki.nl/assets/2025/10/23/1/2/5/125a64d8-cfe8-40c7-a209-d5aacc479dac.jpg";"https://assets.catawiki.nl/assets/2025/10/23/f/5/4/f542a603-bd25-4ae8-a47d-82dbe1ab8fad.jpg";"98764214";"19";"2025-11-13 20:46:50"
"Ancient Roman Bronze aplika - 60 mm";"";"Archaeology";"https://prf.hn/click/camref:1100l5ti9K/creativeref:1100l187865/destination:https%3A%2F%2Fwww.catawiki.com%2Fen%2Fl%2F98963727";"https://assets.catawiki.nl/assets/2025/11/1/f/b/7/fb71140e-2261-41ee-8787-b13ceaea0987.jpg";"https://assets.catawiki.nl/assets/2025/11/1/a/7/b/a7bad314-d937-4069-8d7d-897ec216c3de.jpg";"https://assets.catawiki.nl/assets/2025/11/1/d/3/c/d3cbc650-a0cb-41f9-b59c-82c5affbc997.jpg";"98963727";"1";"2025-11-13 20:11:00"
"Ancient Roman Glass Beads (No Reserve Price)";"A string of beautiful Roman glass beads as pictured.<br>The string consists of approx.. 200 glass beads, in various shades of turquoise/ blue ranging in size from 0.50 - 7 mm.<br>Total length:- 44 Cms. Circa 100-400 AD. From my own personal collection.<br>Comes with provenance statement and will be shipped by tracked and signed mail.";"Archaeology";"https://prf.hn/click/camref:1100l5ti9K/creativeref:1100l187865/destination:https%3A%2F%2Fwww.catawiki.com%2Fen%2Fl%2F98957724";"https://assets.catawiki.nl/assets/2025/11/1/3/6/a/36a0e217-a810-42b2-9dc7-27d315d67ef2.jpg";"https://assets.catawiki.nl/assets/2025/11/1/3/5/6/356a4e7a-1509-486b-af42-1214437282ef.jpg";"https://assets.catawiki.nl/assets/2025/11/1/2/b/b/2bb2103c-35b3-4dbb-b9c4-7dcf0e1f8b27.jpg";"98957724";"1";"2025-11-13 20:15:10"
"Medieval Bronze Ring - Ancient (No Reserve Price)";"Letter of Provenance<br><br>This document serves as a statement of provenance for the item described.<br><br><br>The mentioned item has been in the possession of the family of a private collector since the 1990s. It was legally acquired at that time and has remained in private ownership through successive generations.<br><br>To the best of our knowledge, the item has not been subject to any legal dispute, claim, or restriction. It remains in compliance with all applicable laws governing ownership and transfer.<br><br>This statement is issued in good faith and affirms the continuous and legitimate chain of ownership since its acquisition.";"Archaeology";"https://prf.hn/click/camref:1100l5ti9K/creativeref:1100l187865/destination:https%3A%2F%2Fwww.catawiki.com%2Fen%2Fl%2F98890056";"https://assets.catawiki.nl/assets/2025/10/29/b/4/3/b43fef3b-f211-4f26-8d79-38381fe1c87a.jpg";"https://assets.catawiki.nl/assets/2025/10/29/4/1/d/41de3791-2376-40b4-b13b-a80ec233409d.jpg";"https://assets.catawiki.nl/assets/2025/10/29/3/f/6/3f6f1b34-75ab-471f-856f-d74ca81f4e86.jpg";"98890056";"3";"2025-11-13 21:03:30"
"Ancient Roman agate Intaglio (No Reserve Price)";"Letter of Provenance<br><br>This document serves as a statement of provenance for the item described below.<br><br>Item Description:<br><br><br>The above mentioned item has been in the possession of the family of a private collector since the 1990s. It was legally acquired at that time and has remained in private ownership through successive generations.<br><br>To the best of our knowledge, the item has not been subject to any legal dispute, claim, or restriction. It remains in compliance with all applicable laws governing ownership and transfer.<br><br>This statement is issued in good faith and affirms the continuous and legitimate chain of ownership since its acquisition.";"Archaeology";"https://prf.hn/click/camref:1100l5ti9K/creativeref:1100l187865/destination:https%3A%2F%2Fwww.catawiki.com%2Fen%2Fl%2F98125477";"https://assets.catawiki.nl/assets/2025/9/25/b/a/b/bab82e77-3228-443e-b3dd-c8e955f88190.jpg";"https://assets.catawiki.nl/assets/2025/9/25/9/3/a/93a146b0-17cf-42f9-a094-db39d6655ee9.jpg";"https://assets.catawiki.nl/assets/2025/9/25/e/7/2/e72a5f15-93f3-4d3e-954a-05307a61fb3a.jpg";"98125477";"1";"2025-11-13 20:29:20"
"Bactrian + Roman Bracelet made of Lapis and Glass beads - 18 cm (No Reserve Price)";"IMPORTANT!<br>Due to new custom regulations we can no longer ship outside the E.U. Please make sure you have an EU shipping address before bidding.<br><br>- Strung on modern wire with Rosé Silver Lobster Lock (925).<br><br>- Total length: 18 cm. Average size beads: 3-6 mm.<br><br>- Lapis beads: Ancient Bactrian, ca. 10th Century AD. Glass beads: Ancient Roman, ca. 1st Century BC - 3rd Century AD.<br><br>Registered shipping.<br><br>Provenance/Known History:<br><br>London Art Market, 1990's, UK. After that A&O Gallery.<br><br>Important information:<br><br>- A declaration of authenticity by my shop is provided with this lot.<br><br>- Invoices, import- and export papers etc. will not be shared with customers.<br><br>- Please do not pay for a won item before you are finished bidding in the auction. The system will not be able to combine your orders into one shipping if all items aren't paid at once.";"Archaeology";"https://prf.hn/click/camref:1100l5ti9K/creativeref:1100l187865/destination:https%3A%2F%2Fwww.catawiki.com%2Fen%2Fl%2F99086318";"https://assets.catawiki.nl/assets/2025/11/6/1/9/f/19f98940-175e-4818-973a-1611b6fef8fb.jpg";"https://assets.catawiki.nl/assets/2025/11/6/1/2/3/123d4942-db9a-410f-9f94-79e39b6c96b0.jpg";"https://assets.catawiki.nl/assets/2025/11/6/2/a/e/2ae87111-5e88-46ba-b0bc-66586dfa25f4.jpg";"99086318";"1";"2025-11-13 20:24:20"
"Scythian Bronze Arrowhead, set of 3 - 3 cm (No Reserve Price)";"Three beautiful arrowheads from Scythian culture transformed into ancient jewelry using cord and a couple of beads.<br>Patina and signs of use.<br>Data from 200 B.C.<br>And belonging to a lot acquired at an auction house and previously owned by a private collector in 1980.<br>A statement sheet is provided since such a sheet in these pieces is a synonym of guarantee and legitimacy.<br>Customs costs outside the European Union will be paid by the winning bidder.";"Archaeology";"https://prf.hn/click/camref:1100l5ti9K/creativeref:1100l187865/destination:https%3A%2F%2Fwww.catawiki.com%2Fen%2Fl%2F98761685";"https://assets.catawiki.nl/assets/2025/10/23/6/f/1/6f16ffcd-790b-445c-9a96-e2e1092d1db4.jpg";"https://assets.catawiki.nl/assets/2025/10/23/b/6/d/b6d1cdd8-8d99-4651-8879-647c1b9933ec.jpg";"https://assets.catawiki.nl/assets/2025/10/23/3/5/8/3582f1bc-f29a-4a19-80c0-7197a88d6932.jpg";"98761685";"1";"2025-11-15 18:03:50"
"Medieval Silver Friendship Ring - 24 mm (No Reserve Price)";"A very good condition Ancient Silver Medieval Ring with clasped hands decoration to the bezel depicting friendship or even marriage. Ring dating to about the 14th C A.D.<br>Object acquired in 2025 in London, UK from 'DM' as part of a Private European Collection dating to the pre- 1990s.<br><br>The seller guarantees that he acquired this piece according to all national and international laws related to the ownership of cultural property. Provenance statement seen by Catawiki.<br><br>The seller will take care that any necessary permits, like an export license will be arranged if necessary, and will inform the buyer about the status of it if this takes more than a few days. <br><br>Any lots subjected to additional fees when at the customs office in the destination country, if any, will be paid by the buyer and it is the buyer’s responsibility to contact their customs office to pay any fees and release the item or if there is an extended delay in the processing checks.<br>It is the buyer’s responsibility to be in contact with their customs office to ensure a smooth delivery.";"Archaeology";"https://prf.hn/click/camref:1100l5ti9K/creativeref:1100l187865/destination:https%3A%2F%2Fwww.catawiki.com%2Fen%2Fl%2F99110614";"https://assets.catawiki.nl/assets/2025/11/7/1/6/8/168e03e5-9576-47e3-a716-f94b24c1addb.jpg";"https://assets.catawiki.nl/assets/2025/11/7/2/7/6/2763c3b2-a85b-460f-815f-42fe3e322fd9.jpg";"https://assets.catawiki.nl/assets/2025/11/7/c/c/2/cc243249-665f-41e6-ae5c-2ef028b33842.jpg";"99110614";"4";"2025-11-15 18:16:24"
"Byzantine Bronze Decorated Buckle Plate - 38 mm (No Reserve Price)";"A very nice condition Ancient Byzantine Bronze Buckle Plate, with lovely decoration and dating to about the 10th - 12th C A.D.<br>Object acquired in 2025 in London, UK from 'DM' as part of a Private European Collection dating to the pre- 1990s.<br><br>The seller guarantees that he acquired this piece according to all national and international laws related to the ownership of cultural property. Provenance statement seen by Catawiki.<br><br>The seller will take care that any necessary permits, like an export license will be arranged if necessary, and will inform the buyer about the status of it if this takes more than a few days. <br><br>Any lots subjected to additional fees when at the customs office in the destination country, if any, will be paid by the buyer and it is the buyer’s responsibility to contact their customs office to pay any fees and release the item or if there is an extended delay in the processing checks.<br>It is the buyer’s responsibility to be in contact with their customs office to ensure a smooth delivery.";"Archaeology";"https://prf.hn/click/camref:1100l5ti9K/creativeref:1100l187865/destination:https%3A%2F%2Fwww.catawiki.com%2Fen%2Fl%2F99110839";"https://assets.catawiki.nl/assets/2025/11/7/2/8/1/281a5679-04e7-45c9-a605-4932bd5715cb.jpg";"https://assets.catawiki.nl/assets/2025/11/7/c/2/4/c248f4d8-1f91-420d-83c5-7fdee4bdbbec.jpg";"https://assets.catawiki.nl/assets/2025/11/7/9/4/3/94328d85-0d96-4d9b-9960-03504304cf91.jpg";"99110839";"1";"2025-11-15 18:09:38"
"Islamic different materials A lot of very interesting objects — from an old French collection. - 65 mm (No Reserve Price)";"";"Archaeology";"https://prf.hn/click/camref:1100l5ti9K/creativeref:1100l187865/destination:https%3A%2F%2Fwww.catawiki.com%2Fen%2Fl%2F99105606";"https://assets.catawiki.nl/assets/2025/11/7/9/7/e/97ece926-eab4-41b7-b5c7-01a9d710d4e4.jpg";"https://assets.catawiki.nl/assets/2025/11/7/f/1/d/f1d7d6f4-1cf0-497c-9191-65269615812e.jpg";"https://assets.catawiki.nl/assets/2025/11/7/d/6/a/d6a70cbb-f847-40b9-8837-061cde5639d6.jpg";"99105606";"1";"2025-11-15 17:01:00"
"Byzantine Silver, Carnelian Cross pendant";"The flaring, hexagonal section arms with rounded tips, the center with a square bezel set with a cornelian stone. Suspension loop.<br><br>Size: 4 cm L (including loop) - 1 9/16 inch<br>Material: Silver, 6.3 grms - Carnelian<br>Culture: Byzantine, c. 9th-10th Century A.D.<br>Condition: Intact<br><br><br>Provenance: British private collection formed before 2000. <br>The seller guarantees that this item has been legally acquired & will be legally exported, related documents seen by Catawiki.<br>This item do not need an export licence within the EU. <br>The seller will inform the buyer if it needs a UK export licence outside the EU<br><br>Worldwide shipping by Registered Mail. <br>Comes with a Certificate of Authenticity <br>N.B. Import duties may be incurred on orders shipped to countries outside the UK. <br><br>Catawiki disclaimer: This piece has been dated based on style by the seller . No further tests, such as, a TL test, analysis of metals(XRF-test), lapidary tests, analysis of pigments or radiography scans have been conducted to check the integrity of the piece.<br>";"Archaeology";"https://prf.hn/click/camref:1100l5ti9K/creativeref:1100l187865/destination:https%3A%2F%2Fwww.catawiki.com%2Fen%2Fl%2F98835977";"https://assets.catawiki.nl/assets/2025/10/27/9/c/e/9ce779de-8418-45ae-a446-fd655ac3116d.jpg";"https://assets.catawiki.nl/assets/2025/10/27/8/3/0/83080b3c-040b-4ee4-81e2-6ec505db69eb.jpg";"https://assets.catawiki.nl/assets/2025/10/27/e/6/0/e60512e7-5f0b-4197-a795-c3ef34052822.jpg";"98835977";"1";"2025-11-15 17:07:46"
"Blood Coral - Silver - 2 piece jewellery set - CORALLO MEDITERRANEO";"Beautiful jewelry made of Mediterranean coral branches, left in their natural form.<br>Worked on and made in Torre del Greco.<br>Mounted in 925 sterling silver<br>Total weight 11.30 grams.<br>Ring, 5.67 grams, adjustable size.<br>Earrings 5.63g<br>Ring band 22.70mm x 22.60mm including mounting.<br>Earring ramie 20.50mm x 20mm including setting.<br>It will be delivered with gift packaging and a material warranty.";"Archaeology";"https://prf.hn/click/camref:1100l5ti9K/creativeref:1100l187865/destination:https%3A%2F%2Fwww.catawiki.com%2Fen%2Fl%2F98573491";"https://assets.catawiki.nl/assets/2025/10/1/8/7/9/8798840a-6d5d-4c5e-b31a-dc677918a9ed.jpg";"https://assets.catawiki.nl/assets/2025/10/1/e/b/1/eb131729-540d-4e61-9f93-192a354a5192.jpg";"https://assets.catawiki.nl/assets/2025/10/1/7/c/2/7c25309c-c97b-473a-b084-0c8a4ec084c5.jpg";"98573491";"1";"2025-11-15 17:14:32"
"Blood Coral - Silver, Gold-plated - Earrings - CORALLO MEDITERRANEO";"A timeless classic: coral cabochons in the Mediterranean style, crafted with the filigree technique.<br>Filigree gives jewelry an extraordinary lightness and a very refined appearance.<br>Total weight 3.09 g<br>Measurements 14.50mm x 12.60mm including frame.<br>Cabochon measures 8mm x 6mm.<br>Made of 925 silver plated with gold<br>They will be delivered with gift packaging and material guarantee";"Archaeology";"https://prf.hn/click/camref:1100l5ti9K/creativeref:1100l187865/destination:https%3A%2F%2Fwww.catawiki.com%2Fen%2Fl%2F98734498";"https://assets.catawiki.nl/assets/2025/9/6/4/6/c/46c39c30-f40e-4085-b76b-9c463e76cb34.jpg";"https://assets.catawiki.nl/assets/2025/9/6/2/2/f/22f435ee-5929-4d6c-b171-49933bcf0d79.jpg";"https://assets.catawiki.nl/assets/2025/9/6/c/4/9/c491dcf0-f927-4d8f-af3f-e11eccb9b690.jpg";"98734498";"1";"2025-11-15 17:29:02"
"Ancient Greek Bronze Arrowhead - 3 cm (No Reserve Price)";"A beautiful ancient Greek arrowhead transformed into antique jewelry using a durable, allergy-resistant sterling silver cord with a cross and skull bead.<br>Dated to 200 B.C., belonging to a lot acquired at an auction house and previously owned by a private collector in 1966.<br>A statement sheet is provided since such a sheet in these pieces is a synonym of guarantee and legitimacy.<br>Customs costs outside the European Union will be paid by the winning bidder.";"Archaeology";"https://prf.hn/click/camref:1100l5ti9K/creativeref:1100l187865/destination:https%3A%2F%2Fwww.catawiki.com%2Fen%2Fl%2F98774058";"https://assets.catawiki.nl/assets/2025/10/24/f/3/f/f3faea4c-35c2-475a-bed6-118a6de710f2.jpg";"https://assets.catawiki.nl/assets/2025/10/24/0/5/f/05fb696e-3b94-483c-abff-8d19a25a0245.jpg";"https://assets.catawiki.nl/assets/2025/10/24/0/8/7/087d5419-a455-4596-a186-b86cc21f829c.jpg";"98774058";"2";"2025-11-15 17:15:30"
"Coral - Silver - Necklace - handmade craftsmanship";"Unisex handcrafted necklace in genuine Mediterranean red coral<br><br>Discover the timeless elegance of this handcrafted necklace, a true jewel that combines tradition and artisanal mastery. Entirely handmade by expert artisans, this necklace is a unique work of art designed to enhance every look.<br><br>Product Features<br><br>Material: The necklace is made of small links of Mediterranean red coral with a clasp in 925 silver plated in yellow gold, known for their vibrant color and natural beauty. Each small link measures about 13x6 mm and has been carefully selected to ensure a harmonious and sophisticated appearance.<br><br>Closure: The 7 mm sterling silver lobster clasp plated in yellow gold not only ensures remarkable durability but also adds a touch of luxury and refinement.<br><br>Dimensions: With a total length of 48 cm, the necklace comfortably fits any neckline, while its weight of 22 grams makes it lightweight and comfortable to wear.<br><br>Packaging:<br>The necklace comes with original packaging, elegantly decorated with a coral motif, which not only protects the jewelry but also adds an extra touch of style and sophistication. Perfect as a gift idea too!<br><br>Shipping:<br>We offer fast, tracked, and insured shipping via SDA or UPS to ensure that your jewelry arrives in perfect condition and promptly.<br><br>**Important:**<br>Please note that in some countries, the importation of objects derived from protected species is prohibited, even if accompanied by a certificate of origin. Before placing a bid, we invite you to verify the customs laws and regulations of your country. By purchasing, you confirm that you are aware of these provisions.";"Archaeology";"https://prf.hn/click/camref:1100l5ti9K/creativeref:1100l187865/destination:https%3A%2F%2Fwww.catawiki.com%2Fen%2Fl%2F98749638";"https://assets.catawiki.nl/assets/2025/7/11/7/d/5/7d5757a8-ded4-41e9-a2d3-ba4640ed2258.jpg";"https://assets.catawiki.nl/assets/2025/7/11/e/4/2/e424842e-26fc-4fe6-88fa-921028db1419.jpg";"https://assets.catawiki.nl/assets/2025/7/11/f/e/9/fe9424a9-a251-47ff-88e5-91ec603e2f00.jpg";"98749638";"1";"2025-11-15 17:49:20"
"Rosary - Amber - 1970-1980 - Rare Prayer Beads Rosary";"Rare indian Amber Prayer Beads Rosary Tesbih Misbaha - Barrel Amber Beads - for prayer and meditation- 33x beads rosary in Honey Fawn color<br>Amber clears depression, stimulates the intellect and promotes self-confidence and creative self-expression. It encourages decision-making, spontaneity and brings wisdom, balance and patience.<br><br>Made from Amber beads shaped like a barrel<br>in Honey Fawn color<br>Bead size: barrels of 14 x 11 mm<br>Weight 59 g (please see photos as the part of the description).<br>​.....<br>about us<br>Seeking beauty is one of the characteristics of human existence and art has long been a means to satisfy this instinctive desire. Some arts are rooted in the history and culture of nations, and this age makes them doubly beautiful. We are here to share with you the pleasure of this beauty and history, and in this way we will welcome any competition and challenge. You may never buy anything from us, but we are sure that your first purchase will not be your last!<br>With respect";"Archaeology";"https://prf.hn/click/camref:1100l5ti9K/creativeref:1100l187865/destination:https%3A%2F%2Fwww.catawiki.com%2Fen%2Fl%2F98134819";"https://assets.catawiki.nl/assets/2025/9/25/4/6/8/46830c25-463a-4ccc-a2fb-651fef43093d.jpg";"https://assets.catawiki.nl/assets/2025/9/25/a/4/0/a40891d1-4e5d-4f2f-afb6-5c377ba49c54.jpg";"https://assets.catawiki.nl/assets/2025/9/25/4/6/3/463af252-39ee-4a99-b367-b5dd4f78c372.jpg";"98134819";"1";"2025-11-15 17:01:58"
"Genuine Amber Bracelet – Dark Cognac Polished Beads - Amber (No Reserve Price)";"This bracelet showcases the rich depth and warmth of natural Baltic amber. The dark cognac tone reveals layers of inclusions and inner reflections that shift beautifully in the light. Each bead is polished to a soft luster while maintaining the organic essence of raw amber. Its smooth, rounded shape and deep color make it a refined yet earthy piece suitable for everyday wear or collection.<br><br>### Material & Inclusions<br><br>* Genuine Baltic amber in dark cognac tone<br>* Polished nugget-shaped beads with visible natural inclusions<br>* Subtle variations in tone and transparency<br>* Strung on high-quality elastic for flexible fit<br><br>### Craftsmanship & Design<br><br>* Handmade using authentic Baltic amber<br>* Every bead is slightly unique in shade and internal texture<br>* Smooth finish enhances amber’s natural glow<br>* Lightweight and comfortable for daily wear<br><br>### UV Testing & Authenticity<br><br>* Tested under UV light – glows blue-green<br>* 100% genuine Baltic amber, not pressed or reconstituted<br>* Ethically sourced from the Baltic region<br><br>### Dimensions<br><br>* Inner: approx. 6 (elastic)<br>* Bead size: 12 mm (rounded nugget form)<br>* Bracelet weight: approx. 27 g<br><br>### Condition<br><br>* New, handmade item<br>* Natural imperfections and inclusions confirm authenticity<br><br>### Shipping & Packaging<br><br>* Ships from Lithuania via registered international airmail<br>* Tracking number included after dispatch<br>* Estimated delivery:<br> * Europe: 4–8 business days<br> * USA & Canada: 7–14 business days<br> * Rest of the world: 10–21 business days";"Archaeology";"https://prf.hn/click/camref:1100l5ti9K/creativeref:1100l187865/destination:https%3A%2F%2Fwww.catawiki.com%2Fen%2Fl%2F99061827";"https://assets.catawiki.nl/assets/2025/11/5/b/9/d/b9d4a553-f3b3-4651-a947-03ed7debea78.jpg";"https://assets.catawiki.nl/assets/2025/11/5/e/2/7/e277b109-879b-4ce2-bc92-bc41147faae7.jpg";"https://assets.catawiki.nl/assets/2025/11/5/7/c/1/7c10b687-592f-46f0-b9ee-08c118f0ff64.jpg";"99061827";"39";"2025-11-15 17:45:28"
"Red Coral from Alghero: A Necklace of Sardinian Beauty - Corallium Rubrum - Italian Exclusivity - Height: 670 mm - Width: 23 mm- 82 g";"This extraordinary necklace of Red Coral from Alghero, originating from the beautiful island of Sardinia, is a true work of art of nature. The Corallium Rubrum, the precious material used to create this jewelry, is renowned worldwide for its beauty and rarity.<br>The necklace is composed of no less than 60 coral stones, arranged in a captivating graduated pattern. The central piece, with the coral measuring approximately 23 millimeters, is a true gem of extraordinary size. The total length of the necklace, when fully extended, is 67 centimeters, and it features an elegant silver lobster clasp that adds a touch of practicality.<br>The quality of this jewelry piece features an intense red color that stands out with elegance and brightness. Alghero Coral is among the most sought after on the market, thanks to its rarity and its splendid shade of red.<br>Corallium Rubrum species is an endemic species of the Mediterranean, requiring specific living conditions: constant water salinity, reduced water movement, and subdued lighting. If the suspended sediment rate in the water is too high, it limits its survival.";"Archaeology";"https://prf.hn/click/camref:1100l5ti9K/creativeref:1100l187865/destination:https%3A%2F%2Fwww.catawiki.com%2Fen%2Fl%2F97052504";"https://assets.catawiki.nl/assets/2025/8/2/9/1/5/915dc283-0cdc-404c-80ac-58e5ca7886ea.jpg";"https://assets.catawiki.nl/assets/2025/8/2/7/3/4/73496e6e-cf9d-462b-99a3-780ec40277bf.jpg";"https://assets.catawiki.nl/assets/2025/8/2/8/5/2/85269c07-15ea-4c36-b301-7b58abbd2dd3.jpg";"97052504";"100";"2025-11-15 17:18:24"
"Turquoise - Silver, Gold-plated - Bracelet";"Enchanting in its tone, the bracelet in American turquoise from the Arizona mines and handcrafted in Torre del Greco.<br>Weight 16.67 grams<br>Length 20cm<br>Set in 925 silver, gold plated.<br>Stone width 8mm-12mm<br>Versatile and perfect for many outfits.<br>It will be delivered with a gift box and a material warranty.";"Archaeology";"https://prf.hn/click/camref:1100l5ti9K/creativeref:1100l187865/destination:https%3A%2F%2Fwww.catawiki.com%2Fen%2Fl%2F99067191";"https://assets.catawiki.nl/assets/2025/10/22/d/5/c/d5ca91ad-46d9-47bc-ad33-50c1225685a6.jpg";"https://assets.catawiki.nl/assets/2025/10/22/c/3/7/c377f57f-30db-478d-84d2-1e0d6815a934.jpg";"https://assets.catawiki.nl/assets/2025/10/22/3/a/e/3ae9d96a-85f7-4f2d-aab4-b25951dcc3c0.jpg";"99067191";"1";"2025-11-15 18:13:30"
"Ancient Egyptian Agate Banded Lotus Amulet (No Reserve Price)";"Carved with a central bud and two engraved leaves. <br><br>Size: 1.7 cm L (including loop) - 11/16 inch<br>Material: Agate<br>Culture: Egyptian, c. 600-300 B.C.<br>Condition: Intact<br><br><br>Provenance: British private collection formed before 2000. <br>The seller guarantees that this item has been legally acquired & will be legally exported, related documents seen by Catawiki.<br>This item do not need an export licence within the EU. <br>The seller will inform the buyer if it needs a UK export licence outside the EU<br><br>Worldwide shipping by Registered Mail. <br>Comes with a Certificate of Authenticity <br>N.B. Import duties may be incurred on orders shipped to countries outside the UK.";"Archaeology";"https://prf.hn/click/camref:1100l5ti9K/creativeref:1100l187865/destination:https%3A%2F%2Fwww.catawiki.com%2Fen%2Fl%2F98836048";"https://assets.catawiki.nl/assets/2025/10/27/4/0/0/4006775a-52ad-455c-a87c-395530094e71.jpg";"https://assets.catawiki.nl/assets/2025/10/27/1/4/1/141e9789-438c-424c-9841-b9a0e76166be.jpg";"https://assets.catawiki.nl/assets/2025/10/27/9/2/6/926fb6a9-5327-472e-8820-badbf1cbdb20.jpg";"98836048";"17";"2025-11-15 18:02:52"
"Exclusive Amber Necklace – HUGE ≈21mm Golden Cognac Orbs & Modern Cord Style - Amber (No Reserve Price)";"This modern amber necklace captures the elegance of simplicity and the warmth of natural light. Three perfectly rounded golden amber orbs radiate a deep cognac glow, gently reflecting movement and color. A minimalist yet luxurious design that blends timeless nature with contemporary style.<br><br>### Material & Inclusions<br><br>* Genuine Baltic amber from the Eocene period (35–50 million years old)<br>* Natural golden-cognac tones with luminous internal inclusions<br>* Each bead shows unique organic patterns and trapped air bubbles<br>* No synthetic, pressed, or reconstituted materials used<br><br>### Craftsmanship & Design<br><br>* Three large, hand-polished amber spheres set along a durable black cord<br>* Detailed metal accents between beads enhance the modern aesthetic<br>* Smooth glossy finish highlights amber’s transparency and inner life<br>* Designed for comfort and everyday wear or elegant occasions<br><br>### UV Testing & Authenticity<br><br>* Passes UV fluorescence test with greenish-blue glow<br>* 100% natural Baltic amber, not dyed or heat-treated<br>* Handmade in the Baltic region with artisan precision<br><br>### Dimensions<br><br>* Necklace fits any size<br>* Bead diameter: approximately 19–22 mm<br>* Lightweight and comfortable to wear<br><br>### Condition<br><br>* New, handcrafted condition<br>* No cracks, chips, or repairs<br>* Ready to wear or gift immediately<br><br>### Shipping & Packaging<br><br>* Ships securely from Lithuania via registered international airmail<br>* Tracking number provided<br>* Estimated delivery times:<br> * Europe: 4–8 business days<br> * USA & Canada: 7–14 business days<br> * Rest of the world: 10–21 business days";"Archaeology";"https://prf.hn/click/camref:1100l5ti9K/creativeref:1100l187865/destination:https%3A%2F%2Fwww.catawiki.com%2Fen%2Fl%2F99057480";"https://assets.catawiki.nl/assets/2025/11/5/d/9/e/d9e917d9-8eed-4105-8dad-9477e73ccc26.jpg";"https://assets.catawiki.nl/assets/2025/11/5/9/3/8/9383bb0d-b601-43ec-9788-2c6aa6ef63c2.jpg";"https://assets.catawiki.nl/assets/2025/11/5/b/1/1/b116718d-1305-4dab-b473-479eea95a6ac.jpg";"99057480";"25";"2025-11-15 17:42:34"
"Coral - Silver - Ring - Pink Coral Engraving";"Particular and artisanal pink coral ring, handcrafted, originating from Asian seas, and worked and made in Torre del Greco.<br>Total weight 9.25 grams<br>Flat engraved rose 22mm x 14.50mm naked.<br>24mm x 18mm including frame.<br>Adjustable size<br>Mounted in 925 sterling silver<br>It will be delivered with gift packaging and a material warranty.";"Archaeology";"https://prf.hn/click/camref:1100l5ti9K/creativeref:1100l187865/destination:https%3A%2F%2Fwww.catawiki.com%2Fen%2Fl%2F98830264";"https://assets.catawiki.nl/assets/2025/10/27/0/9/a/09a41803-cc60-4631-8b07-cf9c7ee773b8.jpg";"https://assets.catawiki.nl/assets/2025/10/27/b/b/9/bb9900a4-e654-4a74-84e5-a0398bcda1ef.jpg";"https://assets.catawiki.nl/assets/2025/10/27/d/0/3/d03518d4-4392-4be7-b295-44fe0d0c36ff.jpg";"98830264";"1";"2025-11-15 17:56:06"
"Coral - Silver - Necklace - Pink coral and cameo";"Very beautiful necklace in this shade of very delicate almost white pink coral from the Pacific Sea, cameo engraved on sardonic shell with a floral motif.<br>All handmade.<br>Closure in sterling silver 925<br>Total weight 123.70g<br>Girocollo 47cm<br>Cameo 50mm x 36mm<br>Tuft under cameo 17cm<br>It is a spell when worn.";"Archaeology";"https://prf.hn/click/camref:1100l5ti9K/creativeref:1100l187865/destination:https%3A%2F%2Fwww.catawiki.com%2Fen%2Fl%2F98973883";"https://assets.catawiki.nl/assets/2025/3/12/b/a/a/baaec868-71e0-4bc1-a202-df98acc1480c.jpg";"https://assets.catawiki.nl/assets/2025/3/12/b/7/e/b7edd9bb-e294-4c9d-bae3-216a5d635dc7.jpg";"https://assets.catawiki.nl/assets/2025/3/12/6/e/a/6ea53fb9-b9dc-49db-9efe-f892ab038a78.jpg";"98973883";"1";"2025-11-15 17:44:30"
"Ancient Roman Rare Beautiful Millefiori Glass Amulet Pendant In A Shape Of A Bird (No Reserve Price)";"Ancient Roman glass amulet made in the early first millennium BC around the decline of Roman Republic Period and the beginning of Roman Empire. It's a rare type of jewellery depicting an intricately carved avian form with highlighted characteristic parts of a bird's body such as a pointed beak, gently rounded belly, and distinct tail. Ornament has undergone a professional clearing process to highlight its beautiful multi-colored millefiori glass surface. In the middle it has a drilled hole for suspension so it can be worn as a pendant.<br><br>Artifact includes Certificate Of Authenticity document (lifetime authenticity warranty) and jewelry strap for suspension.<br><br>Dimensions: 6 mm (W) x 15 mm (H)<br><br>Very good condition - intact and well-preserved<br><br>PROVENANCE INFORMATION<br>Artifact was acquired by our company from a Belgian art institute in 2023. Previous ownership history:<br><br>- H.E.B.I. private collection<br> (former ambassador)<br><br>- Dr. István Zelnik collection<br><br>* Dr. István Zelnik is a former highly ranked Hungarian diplomat, researcher, author of more than 30 essays, albums and books about Southeast Asian art, politics and economy. He is also a well known collector who owns one of the largest private collections of Asian art in Europe with more than 80 000 objects including more than 10 000 gold artifacts, jewellery and ritual objects (it is considered as one of the 3 most important private gold collections in the world).<br><br>- Art Institute collection<br> Brussels, Belgium";"Archaeology";"https://prf.hn/click/camref:1100l5ti9K/creativeref:1100l187865/destination:https%3A%2F%2Fwww.catawiki.com%2Fen%2Fl%2F98589453";"https://assets.catawiki.nl/assets/2025/10/9/a/4/f/a4f16279-2ff4-460a-8932-9bd7f9724f12.jpg";"https://assets.catawiki.nl/assets/2025/10/9/f/b/8/fb81059b-0f9a-4468-94d2-43c5700d7157.jpg";"https://assets.catawiki.nl/assets/2025/10/9/b/0/1/b0181197-87c6-4a05-af10-306865e5341e.jpg";"98589453";"";"2025-11-09 17:07:30"
"Medieval, Crusaders Era Bronze, Lot of 5 Seals Ring (No Reserve Price)";"A lot of 5 bronze rings from 11-14 AD, Crusader period.<br>Very nice pieces.<br><br>Weight: 17.41 grams<br>Size: Various mm<br>Material: Bronze<br>See images for your own impression.<br>Own private collection inherited from Grandfather, who built the collection in the 1960's """;"Archaeology";"https://prf.hn/click/camref:1100l5ti9K/creativeref:1100l187865/destination:https%3A%2F%2Fwww.catawiki.com%2Fen%2Fl%2F98795610";"https://assets.catawiki.nl/assets/2025/10/25/a/f/f/affac4db-dfd0-4732-952f-55e8b7a53840.jpg";"https://assets.catawiki.nl/assets/2025/10/25/d/c/e/dce35a95-c700-40fc-b3f9-6a7350ed0b98.jpg";"https://assets.catawiki.nl/assets/2025/10/25/2/2/8/2282cfbb-5ebb-43f9-b799-2e795eeb95b0.jpg";"98795610";"";"2025-11-09 17:59:30"
"Ancient Roman, Empire Ring with Roman green glass bead (No Reserve Price)";"Please note: due to customs regulations we can only ship inside the European Union. Please ensure you have a valid EU shipping address before placing a bid. <br><br>Ring with a Roman green glass bead. The ancient bead, dating from the Roman period is set on a modern gold-plated ring and is free to rotate (swivel-type).<br><br>Outside diameter: ± 23 mm<br>Inside diameter: ± 20,2 - 17,8 mm<br>Diameter beads: ± 6,5 mm<br><br>Condition: good condition and wearable. The ancient bead is combined with modern gold-plated spacer beads and fittings. Signs of wear consistent with age and use. See images.<br>Composed with beads originating from various old collections, acquired in the UK between 2016-2024.<br><br>Every ancient bead shows subtle variations and signs of age, reflecting its history and adding to the unique charm of every composition.<br><br>Certificate of Authenticity: available upon request (pdf-format) for items with a hammer price of € 100 or more.<br><br><br>ANCIENT GLASS<br>Glass has always been found in nature, but the humans first created glass about 4.000 years ago. when ancient craftsmen in Mesopotamia discovered the art of mixing sand, soda and lime to make glass.<br>For centuries, glass was a luxury item and reserved for the upper classes.<br><br>Glassmaking centers around the Mediterranean world experimented with new techniques (casting, core-forming, mosaic glass) and with colours by adding metallic oxides (cobalt, copper, etc) to the mixture.<br><br>The Romans learned the glass-making craft after the conquest of Egypt in the 1st century BC. During the 1st century AD the glassblowing technique revolutionized the production and made it possible to produce larger quantities. By adding manganese dioxide Roman glassmakers successfully produced colourless or ‘aqua’ glass for the first time.<br><br>Roman glass became a very popular material, used for beads, glass windows, mosaic tiles, tableware pieces etc. Roman glass was traded all over the Roman Empire and far beyond to Central Africa, Scandinavia and via the Silk Route to China.<br>";"Archaeology";"https://prf.hn/click/camref:1100l5ti9K/creativeref:1100l187865/destination:https%3A%2F%2Fwww.catawiki.com%2Fen%2Fl%2F96309817";"https://assets.catawiki.nl/assets/2025/6/22/c/e/d/cede3a09-e9da-494b-a311-d50db9b8c157.jpg";"https://assets.catawiki.nl/assets/2025/6/22/0/4/b/04bc7a0f-16be-4f2c-b4f6-dd40b2735509.jpg";"https://assets.catawiki.nl/assets/2025/6/22/1/a/1/1a1cf362-d21b-4bdf-946e-f041df5babb3.jpg";"96309817";"";"2025-11-09 17:38:55"
"Ancient Roman Bronze Rare Person Seal Ring (No Reserve Price)";"A stunning and extremely rare bronze ancient Roman person seal ring from 1-3 AD<br>Bezel shows a man.<br>Ring has a top patina.<br>Very Rare piece.<br><br>Weight: 2.16 Gram<br>Ring Size: 17.3 x 15.4 mm<br>Material: Bronze<br>T.N. Pollio<br>See images for your own impression.<br>Own private collection inherited from Grandfather, who built the collection in the 1960's """;"Archaeology";"https://prf.hn/click/camref:1100l5ti9K/creativeref:1100l187865/destination:https%3A%2F%2Fwww.catawiki.com%2Fen%2Fl%2F98896997";"https://assets.catawiki.nl/assets/2025/10/29/0/6/e/06e82608-2412-4ac1-8fb2-f330e9e54943.jpg";"https://assets.catawiki.nl/assets/2025/10/29/d/9/a/d9afd167-6374-4a7c-b900-faf4409a5547.jpg";"https://assets.catawiki.nl/assets/2025/10/29/2/5/2/252b16fe-5a93-466c-a3ec-424d8e45c8c9.jpg";"98896997";"";"2025-11-09 17:48:40"
"Ancient Egypt four Udjat amulets - 1.7 cm";"Superb Egyptian Udjat amulets (4) in faience from the New Kingdom to Late Period (1539-322 BC).<br><br>Acquired from a French private collection, M.S in the 80s.<br>The piece includes an authenticity certificate.<br><br>The seller can prove that the lot was obtained legally. Important information. The seller guarantees that he is entitled to ship this lot. The seller will ensure that any necessary permits are arranged; this process can take between 2 and 4 weeks.<br><br>IMPORTANT: Due to the new laws on the export of archaeological pieces, we have decided to NO LONGER sell outside the European territory for the following countries: SWITZERLAND & UNITED STATES of AMERICA.<br><br>For destinations outside European territory: all our items will be shipped after obtaining a definitive EXPORT LICENSE from the Ministry of Culture of Spain. We inform our clients that this process may take between 4-8 weeks. According to Spanish legislation, items sent outside the European Union are subject to export taxes. These taxes will be added to the invoice at the buyer's expense. The export fees are calculated based on the final auction price, and the tax rate is not applied directly to the total value of the item to be exported; instead, different percentage rates are applied to sections of the price.<br>Up to 6,000 euros: 5%. / From 6,001 to 60,000 euros: 10%.<br><br>Please note that for far destinations (Asia, Middle East, etc.), there will be an additional cost for shipping.";"Archaeology";"https://prf.hn/click/camref:1100l5ti9K/creativeref:1100l187865/destination:https%3A%2F%2Fwww.catawiki.com%2Fen%2Fl%2F98915596";"https://assets.catawiki.nl/assets/2024/7/1/4/3/2/432e3852-482f-44c2-a698-ccce25e5efae.jpg";"https://assets.catawiki.nl/assets/2024/7/1/b/4/d/b4d15faf-3e3c-4fc5-807d-a2ab06a23046.jpg";"https://assets.catawiki.nl/assets/2024/7/1/c/3/e/c3e4811d-df2a-4f8f-a2b2-0043b33ef2f8.jpg";"98915596";"";"2025-11-09 17:01:00"
"Medieval, Crusaders Era Silver St. Peter, Cross pendant (No Reserve Price)";"Please note: due to customs regulations we can only ship inside the European Union. Please ensure you have a valid EU shipping address before placing a bid. <br><br>Medieval Crusaders era, silver alloy Cross of Saint Peter pendant with circle-dot in the centre and linear decoration on each arm, representing the four Evangelists. Complete with integral suspension loop. The cross will be delivered on a leather jewellery cord, suitable for modern wear.<br><br>Size: ± 26,1 x 18,8 mm<br>Condition: good solid condition, complete, wearable on modern jewellery cord. Signs of wear consistent with age and use.<br><br>Certificate of Authenticity (PDF) is available upon request for lots with a hammer price of €100 or higher.<br><br><br>CROSS OF SAINT PETER: this type of cross with the crossbeam placed near the foot is associated with Saint Peter because of the tradition that he was crucified head down (crux inversa in Latin).<br><br>During the first centuries AD, Christian symbols were worshipped and worn in secret. After Christianity was adopted as an official religion (380 AD) the cross became a prominent symbol. It provided comfort and piece in times of troubles, particularly during the Crusades and during the many pandemics that swept over Europe.<br><br>To the present day Christians wear crosses and sacred pendants close to their hearts as tangible signs of their faith and Gods presence in their lives.";"Archaeology";"https://prf.hn/click/camref:1100l5ti9K/creativeref:1100l187865/destination:https%3A%2F%2Fwww.catawiki.com%2Fen%2Fl%2F97925843";"https://assets.catawiki.nl/assets/2025/9/16/0/0/f/00f40dc7-79ce-436e-a289-b41c8e62fc5b.jpg";"https://assets.catawiki.nl/assets/2025/9/16/b/5/a/b5a232b0-b518-49fb-92b8-ef8cc95bda7d.jpg";"https://assets.catawiki.nl/assets/2025/9/16/2/a/b/2abbaed4-11a4-4160-9433-5469b39bdc5d.jpg";"97925843";"";"2025-11-09 17:12:55"
"Byzantine Bronze, Rare Cross Pendant (No Reserve Price)";"Bronze High Priest Cross Byzantine 7-10 AD<br>Rare image of the Virgin Mary<br><br>Weight: 38.74 grams<br>Height: 111.4 mm<br>Wide: 37.3 mm<br>Material: Bronze<br>See image for your own impression<br>Own private collection inherited from Grandfather, who built the collection in the 1960's """;"Archaeology";"https://prf.hn/click/camref:1100l5ti9K/creativeref:1100l187865/destination:https%3A%2F%2Fwww.catawiki.com%2Fen%2Fl%2F98889915";"https://assets.catawiki.nl/assets/2025/10/29/6/0/3/6037961d-735d-4a7e-96c8-4ade0b5202d1.jpg";"https://assets.catawiki.nl/assets/2025/10/29/6/4/1/6418632c-df55-4d32-8066-1054f57866a1.jpg";"https://assets.catawiki.nl/assets/2025/10/29/5/c/0/5c05f485-458d-4be5-9cf3-3d663fa422cf.jpg";"98889915";"";"2025-11-09 17:29:10"
"Medieval, Crusaders Era Lead Rare Pentagram Pendant (No Reserve Price)";"Rare Crusader Pentagram Pendant Late 12 AD<br>Stunning piece.<br><br><br>Weight: 3.51 grams<br>Height: 25.8 mm<br>Wide: 21.7 mm<br>Material: Bronze<br>See image for your own impression<br>Own private collection inherited from Grandfather, who built the collection in the 1960's """;"Archaeology";"https://prf.hn/click/camref:1100l5ti9K/creativeref:1100l187865/destination:https%3A%2F%2Fwww.catawiki.com%2Fen%2Fl%2F98890175";"https://assets.catawiki.nl/assets/2025/10/29/a/6/5/a65f6c18-eb2e-43c8-a63a-537c6b81bf6c.jpg";"https://assets.catawiki.nl/assets/2025/10/29/2/8/0/280d281f-a40d-4978-a71b-aa2d81b99943.jpg";"https://assets.catawiki.nl/assets/2025/10/29/5/e/e/5ee2c575-bff2-40c2-b75d-14a042f60be1.jpg";"98890175";"";"2025-11-09 17:36:45"
"Ancient Roman Bronze Key - 57.8 mm (No Reserve Price)";"A stunning bronze Roman key in stunning condition, 1-3 AD.<br>This piece has a top patina<br><br>Weight: 12.59 grams<br>Length: 57.8 mm<br>High: 25.6 mm<br>Very high quality<br>Look at the pictures and also see the provenance there.<br>Own private collection inherited from Grandfather, who built the collection in the 1960's """;"Archaeology";"https://prf.hn/click/camref:1100l5ti9K/creativeref:1100l187865/destination:https%3A%2F%2Fwww.catawiki.com%2Fen%2Fl%2F98889010";"https://assets.catawiki.nl/assets/2025/10/29/4/e/9/4e9723f5-ba9f-46fd-b11b-066eaab25a3c.jpg";"https://assets.catawiki.nl/assets/2025/10/29/c/d/0/cd0d387d-d58d-4643-a262-a04bff551ca7.jpg";"https://assets.catawiki.nl/assets/2025/10/29/b/8/2/b8251cbd-05de-450f-af9f-cfd666017698.jpg";"98889010";"";"2025-11-09 18:01:40"
"Medieval, Crusaders Era Bronze, Top 10 Magic Eye Big Cross Pendant";"Stunning Cross Pendant Crusader 11-13 AD<br>10 Magic Eye!!!!!<br>Top Patina & Big Piece<br><br>Weight: 15.25 grams<br>Height: 70.4 mm<br>Wide: 50.1 mm<br>Material: Bronze<br>See image for your own impression<br>Own private collection inherited from Grandfather, who built the collection in the 1960's """;"Archaeology";"https://prf.hn/click/camref:1100l5ti9K/creativeref:1100l187865/destination:https%3A%2F%2Fwww.catawiki.com%2Fen%2Fl%2F98888809";"https://assets.catawiki.nl/assets/2025/10/29/1/a/f/1af898d3-8407-4a40-96f5-53bc707e477c.jpg";"https://assets.catawiki.nl/assets/2025/10/29/c/5/1/c51c9874-63d7-4582-92f3-961c179379f9.jpg";"https://assets.catawiki.nl/assets/2025/10/29/d/3/9/d39f0abb-4874-4a14-877a-093c43d5c4e9.jpg";"98888809";"";"2025-11-09 17:32:25"
"Ancient Egypt, Late Period Earrings with faience and carnelian beads";"Attention: due to customs regulations we can only ship inside the European Union. Please ensure you have a valid EU shipping address before placing a bid. <br><br>Earrings with Egyptian multicoloured faience and globular carnelian beads. The authentic beads are restrung with modern materials and fittings.<br>The earrings will be delivered in a jewellery box, a perfect gift for any occasion.<br><br>Total length: ± 50,5 mm<br>Diameter beads: ± 5,2 mm<br><br>Condition: good condition and wearable. The ancient beads are restrung and combined with modern gold-plated spacer beads and fittings. Signs of wear consistent with age and use. See images.<br>Composed with beads originating from various old collections, acquired in the UK between 2016-2024.<br><br>Every ancient bead shows subtle variations and signs of age, reflecting its history and adding to the unique charm of every composition.<br><br>Certificate of Authenticity available upon request (pdf-document).<br><br>CARNELIAN<br>The Egyptians believed carnelian had magical powers; it was believed it could ward off evil, help the blood circulation and make the skin look healthy and youthful. <br>Carnelian was known as the 'Blood of Isis' (Goddess of nature and guide of souls to the Underworld). Accordingly, a carnelian amulet called a 'thet' was placed on mummies to assist the dead in their journey to the afterlife. <br>The Egyptian faith in carnelian was so strong that, along with turquoise and lapis lazuli, it was the most used stone in ancient Egyptian jewellery.<br><br>FAIENCE<br>Faience was very popular and widely used in ancient Egypt. The earliest evidence of faience production was discovered in a 7500 year old workshop near the temple in Abydos. The production and style of faience changed through Egyptian history. <br><br>Different colourants were used for aesthetic and symbolic purposes, or to imitate the more expensive and rare semi-precious gemstones like turquoise, carnelian, lapis lazuli, garnets or obsidian. Egyptians believed that faience in the colour of gemstones had the same properties. Red had protective powers, dark lapis blue gave strength, courage and wisdom, bright turquoise was associated with fertility and offered protection to the wearer. <br><br>As faience was more available than semi-precious gemstones it became a popular and widely used material for small objects like scarabs and other forms of amulets, beads, jewellery, small size statuettes, cosmetic vessels and ritual objects.<br><br>In ancient Egypt, faience objects were seen as magical, reflecting the eternal shimmer of the sun and infused with the powers of rebirth and sparkle with the brilliance of eternity.<br><br><br>";"Archaeology";"https://prf.hn/click/camref:1100l5ti9K/creativeref:1100l187865/destination:https%3A%2F%2Fwww.catawiki.com%2Fen%2Fl%2F99083621";"https://assets.catawiki.nl/assets/2025/2/23/9/f/9/9f9e7290-83b8-438d-9e4d-ac765fc896cb.jpg";"https://assets.catawiki.nl/assets/2025/2/23/2/3/8/2387d090-eb8e-417e-8e17-838bf19dee9c.jpg";"https://assets.catawiki.nl/assets/2025/2/23/e/3/5/e359cad4-57fa-4e19-8454-4b74960cf86a.jpg";"99083621";"1";"2025-11-16 17:34:35"
"Ancient Egyptian Earrings made of Turquoise and Faience Mummy beads with Amarna Leaf amulets - 4.7 cm (No Reserve Price)";"IMPORTANT!<br>Due to new custom regulations we can no longer ship outside the E.U. Please make sure you have an EU shipping address before bidding.<br><br>- Strung on modern wire with Gold Filled Silver Ear Rings (925).<br><br>- Total length: 4.7 cm. Average bead size: 2-4 mm.<br><br>Registered shipping.<br><br>Provenance/Known History:<br><br>Ancient Egyptian Faience Mummy beads: Ex William Ohly 1883-1955, Abbey Museum, New Barnet, by descent. After that A&O Gallery, UK.<br><br>Ancient Egyptian Turquoise beads: Ex. Private UK collection. Collected before 1970. After that J.T.O., The Netherlands.<br><br>Ancient Egyptian Amarna Leaf amulets: Ex. Private UK collection. Collected 1920-1940’s.. After that A.&O Gallery, UK.<br><br>Important information:<br><br>- A declaration of authenticity by my shop is provided with this lot.<br><br>- Invoices, import- and export papers etc. will not be shared with customers.<br><br>- Please do not pay for a won item before you are finished bidding in the auction. The system will not be able to combine your orders into one shipping if all items aren't paid at once.";"Archaeology";"https://prf.hn/click/camref:1100l5ti9K/creativeref:1100l187865/destination:https%3A%2F%2Fwww.catawiki.com%2Fen%2Fl%2F99085846";"https://assets.catawiki.nl/assets/2025/11/6/1/f/b/1fb1e8e6-a981-4758-9d71-b9b9e75a88de.jpg";"https://assets.catawiki.nl/assets/2025/11/6/9/e/6/9e64e1dd-3c4c-440d-809b-3597621798ec.jpg";"https://assets.catawiki.nl/assets/2025/11/6/7/6/4/76473de9-ac95-44f7-aede-b40f2b2af33c.jpg";"99085846";"2";"2025-11-16 17:11:50"
"Medieval, Crusaders Era Silver, Rare Dubbel Empire Cross Seal Ring (No Reserve Price)";"A Rare Crusader Silver Seal Ring 11-13 AD<br>Double Empire Cross on Bezel with Victory Leaf<br>High Quality .<br><br>Weight: 4.23 Gram<br>Ring Size: 19.6 x 19.3 mm<br>Silver<br>T.N. Pollio<br>See images for your own impression.<br>Own private collection inherited from Grandfather, who built the collection in the 1960's """;"Archaeology";"https://prf.hn/click/camref:1100l5ti9K/creativeref:1100l187865/destination:https%3A%2F%2Fwww.catawiki.com%2Fen%2Fl%2F99044006";"https://assets.catawiki.nl/assets/2025/10/15/b/b/6/bb62bb06-6a4b-42d1-a375-91b64f04c0c2.jpg";"https://assets.catawiki.nl/assets/2025/10/15/1/0/7/10795f9a-93f0-4fa2-a3a9-9d6314fe2e8a.jpg";"https://assets.catawiki.nl/assets/2025/10/15/2/5/0/2500d5e1-d998-49f8-a77a-1e220002b939.jpg";"99044006";"2";"2025-11-16 17:54:05"
"Ancient Egyptian Faience Bead Necklace (Roman Period, 30 B.C. - 323 A.D.) (No Reserve Price)";"Egyptian Faience Bead Necklace (Roman Period, 30 B.C. - 323 A.D.)<br><br>This exquisite necklace is composed of ancient Egyptian faience beads, dating back to the Roman Period (30 B.C. - 323 A.D.). Faience, known for its lustrous glaze and vibrant colors, was highly prized in ancient Egypt for its symbolic and aesthetic value.<br><br>The beads, each meticulously handcrafted over 2,000 years ago, are strung together to create a beautiful piece that harmonizes antiquity with modern design. The beads exhibit the characteristic turquoise and earthy tones, representing life, rebirth, and protection, themes often associated with faience in Egyptian culture.<br><br>The necklace is delicately strung on a 17-inch modern string, weighing approximately 2-3 grams. While the string itself is a contemporary addition, the beads remain authentic, offering a timeless connection to the past.<br><br>This rare artifact not only reflects ancient Egyptian craftsmanship but also serves as a wearable piece of history.<br><br>Condition: Excellent ancient beads, restrung on modern string for durability.<br>Dimensions: Approx. 17 inches in length, 1.5 grams in weight.<br>Period: Roman Period (30 B.C. - 323 A.D.).<br>On a faux leather black string.<br><br>Provenance: Acquired from an established antiquities auction house.<br><br>A must-have for collectors of ancient jewelry or anyone with an appreciation for the rich history of ancient Egypt!<br><br><br><br>****Please note: Orders shipped outside the EU may be subject to customs fees and import duties.****<br><br><br>";"Archaeology";"https://prf.hn/click/camref:1100l5ti9K/creativeref:1100l187865/destination:https%3A%2F%2Fwww.catawiki.com%2Fen%2Fl%2F99038726";"https://assets.catawiki.nl/assets/2025/10/20/3/d/4/3d44cece-205c-4ed5-ac06-d37f346b79ea.jpg";"https://assets.catawiki.nl/assets/2025/10/20/e/4/5/e45cf660-8e74-4fbb-8814-ffc78251ff23.jpg";"https://assets.catawiki.nl/assets/2025/10/20/1/d/7/1d77638d-4083-47c3-96df-05a20770612e.jpg";"99038726";"1";"2025-11-16 17:41:05"
"Central Asian Natural banded agate Ritual talisman with Buddha eye - 25 mm";"A beautiful, multicolored ritual talisman made from natural banded agate with a Buddha eye from the ancient Central Asian culture.<br><br>Second millennium AD or older.<br><br>In good condition. It was cleaned in a tumbler, so its surfaces are shiny and smooth, but the beautiful antique patina has been preserved. Original, antique, hand-cut, carved, polished, and drilled. The holes are antique, handmade, irregular, but have been re-drilled with modern techniques to make the piece wearable if old holes were blocked. Signs of use and age on the surface. A small missing part on the edge (see photo).<br><br>Purchased by Dr. Zelnik on the local art market in London in the mid-1990s.<br><br>Important information:<br><br>The seller guarantees that they are authorized to ship this item. Due to complex cultural laws, we cannot ship this item outside the EU/UK/Switzerland or to the USA.<br><br>Provenance:<br><br>This article comes from the collection of Dr. István Zelnik, which is the result of over 50 years of collecting.<br>Former diplomat, collector of Asian art, researcher.<br><br>Publications:<br><br>More than 20 essays on Southeast Asian politics and economics.<br>Co-author of 10 albums and books on Southeast Asian art.";"Archaeology";"https://prf.hn/click/camref:1100l5ti9K/creativeref:1100l187865/destination:https%3A%2F%2Fwww.catawiki.com%2Fen%2Fl%2F98778926";"https://assets.catawiki.nl/assets/2025/5/7/4/f/e/4fef2d49-4da9-4706-9336-0aa9f51dd325.jpg";"https://assets.catawiki.nl/assets/2025/5/7/7/9/a/79ae8f75-466c-41da-a4bd-5ddca5d11744.jpg";"https://assets.catawiki.nl/assets/2025/5/7/c/c/9/cc94d4ee-0b79-42c2-9423-93d6071ad2a1.jpg";"98778926";"1";"2025-11-16 17:49:45"
"Ancient Egyptian Faience Bead Necklace (Roman Period, 30 B.C. - 323 A.D.) (No Reserve Price)";"Egyptian Faience Bead Necklace (Roman Period, 30 B.C. - 323 A.D.)<br><br>This exquisite necklace is composed of ancient Egyptian faience beads, dating back to the Roman Period (30 B.C. - 323 A.D.). Faience, known for its lustrous glaze and vibrant colors, was highly prized in ancient Egypt for its symbolic and aesthetic value.<br><br>The beads, each meticulously handcrafted over 2,000 years ago, are strung together to create a beautiful piece that harmonizes antiquity with modern design. The beads exhibit the characteristic turquoise and earthy tones, representing life, rebirth, and protection, themes often associated with faience in Egyptian culture.<br><br>The necklace is delicately strung on a 17-inch modern string, weighing approximately 2-3 grams. While the string itself is a contemporary addition, the beads remain authentic, offering a timeless connection to the past.<br><br>This rare artifact not only reflects ancient Egyptian craftsmanship but also serves as a wearable piece of history.<br><br>Condition: Excellent ancient beads, restrung on modern string for durability.<br>Dimensions: Approx. 17 inches in length, 1.5 grams in weight.<br>Period: Roman Period (30 B.C. - 323 A.D.).<br>On a faux leather black string.<br><br>Provenance: Acquired from an established antiquities auction house.<br><br>A must-have for collectors of ancient jewelry or anyone with an appreciation for the rich history of ancient Egypt!<br><br><br><br>****Please note: Orders shipped outside the EU may be subject to customs fees and import duties.****<br><br><br>";"Archaeology";"https://prf.hn/click/camref:1100l5ti9K/creativeref:1100l187865/destination:https%3A%2F%2Fwww.catawiki.com%2Fen%2Fl%2F99038716";"https://assets.catawiki.nl/assets/2025/10/20/e/c/0/ec0495f3-105a-4df1-849a-3282399fca3b.jpg";"https://assets.catawiki.nl/assets/2025/10/20/7/6/4/764c2c9f-1a30-4655-8e22-c29ae626df62.jpg";"https://assets.catawiki.nl/assets/2025/10/20/8/e/6/8e6893ea-c96b-4fee-93b2-4642a1098cd2.jpg";"99038716";"1";"2025-11-16 17:10:45"
"Renaissance Silver ring with Jesus of Nazareth, King of the Jews";"This is a magnificent Renaissance silver ring, dating from the mid 16th to early 17th century, with image of Jesus and inscription ”INRI”, meaning IESVS·NAZARENVS·REX·IVDÆORVM: “Jesus of Nazareth, King of the Jews,” emphasizing the importance of faith and devotion. Also a band with inscription IESUS NAZAREN REX IV. Such a ring was designed to be worn especially by bishops, abbots, and priests.<br><br>Material: silver<br>Date: Late Renaissance, mid 16th – early 17th century AD<br>Measurement: overall: 18 x 17 mm, ringsize: 16 mm (5,5 USA)<br>Condition: Extremely fine condition<br><br>International registered Delivery.<br><br>Provenance: The Supplier warrants that it has obtained this lot in a legal manner.<br>From a private Dutch collection collected since 1990's; acquired on the European art market in the 90's.<br><br>Important information:<br>The Seller can prove that the lot was obtained legally , provenance statement seen by Catawiki.<br>Important information. The seller guarantees that he is entitled to ship this lot.<br>The seller will take care that any necessary permits will be arranged.<br>The seller will inform the buyer about this if this takes more than a few days.";"Archaeology";"https://prf.hn/click/camref:1100l5ti9K/creativeref:1100l187865/destination:https%3A%2F%2Fwww.catawiki.com%2Fen%2Fl%2F99012541";"https://assets.catawiki.nl/assets/2025/2/16/1/7/9/1793b9f3-74b9-4612-beab-eb6f574a78a7.jpg";"https://assets.catawiki.nl/assets/2025/2/26/7/a/d/7ad02d32-1fa2-4efc-9425-970e7d3cbb34.jpg";"https://assets.catawiki.nl/assets/2025/2/16/2/1/e/21ed21de-0f91-46a4-b884-d10b255740ee.jpg";"99012541";"20";"2025-11-16 17:12:55"
"Renaissance Gold Gold Ring With Engravings And Garnet Cabochon";"A beautiful late medieval 15/16th-century Renaissance gold ring with engravings and a garnet gemstone cabochon.<br><br>Material: Solid High carat gold<br>Weight: 3,93 grams<br>Date: (Post) Medieval, 15th – early 16th century AD<br>Measurement: Ring size: 19 mm USA: 9<br>Condition: Good condition, traces of age, see photos<br><br>International registered Delivery.<br><br>Provenance: The Supplier warrants that it has obtained this lot in a legal manner.<br>Previously the property from a Dutch private collector; was acquired on the European art market in the 1990s<br><br>Important information:<br>The Seller can prove that the lot was obtained legally , provenance statement seen by Catawiki.<br>Important information. The seller guarantees that he is entitled to ship this lot.<br>The seller will take care that any necessary permits will be arranged.<br>The seller will inform the buyer about this if this takes more than a few days.<br><br><br><br>Catawiki disclaimer: This piece has been dated based on style by the seller . No further tests, such as, a TL test, analysis of metals(XRF-test), lapidary tests, analysis of pigments or radiography scans have been conducted to check the integrity of the piece.";"Archaeology";"https://prf.hn/click/camref:1100l5ti9K/creativeref:1100l187865/destination:https%3A%2F%2Fwww.catawiki.com%2Fen%2Fl%2F94652137";"https://assets.catawiki.nl/assets/2024/11/17/c/d/c/cdca94fd-4c87-4bf6-a7f2-1846878ac390.jpg";"https://assets.catawiki.nl/assets/2024/11/17/2/c/d/2cd19ea9-a98a-4d3c-8c04-37f7a00d36c9.jpg";"https://assets.catawiki.nl/assets/2024/12/8/6/4/d/64da0588-ae35-4d45-97e9-be85bc27b7be.jpg";"94652137";"700";"2025-11-16 17:47:35"
"Ancient Roman Gold Earring decorated with Glass and Golden beads - 3 cm (No Reserve Price)";"IMPORTANT!<br>Due to new custom regulations we can no longer ship outside the E.U. Please make sure you have an EU shipping address before bidding.<br><br>- Weight: 1955 mg.<br><br>Registered shipping.<br><br>Provenance/Known History:<br><br>Ex. Private collection of a deceased Japanese gentleman, acquired between 1970 and 2010. After that A&O Gallery, UK.<br><br>Important information:<br><br>- A declaration of authenticity by my shop is provided with this lot.<br><br>- Invoices, import- and export papers etc. will not be shared with customers.<br><br>- Please do not pay for a won item before you are finished bidding in the auction. The system will not be able to combine your orders into one shipping if all items aren't paid at once.<br><br><br><br>Catawiki disclaimer: This piece has been dated based on style by the seller . No further tests, such as, a TL test, analysis of metals(XRF-test), lapidary tests, analysis of pigments or radiography scans have been conducted to check the integrity of the piece.";"Archaeology";"https://prf.hn/click/camref:1100l5ti9K/creativeref:1100l187865/destination:https%3A%2F%2Fwww.catawiki.com%2Fen%2Fl%2F99024110";"https://assets.catawiki.nl/assets/2025/11/4/f/d/b/fdbadd7e-f5fb-4d1d-b0d5-0155adebfbde.jpg";"https://assets.catawiki.nl/assets/2025/11/4/8/8/1/881c1567-dd86-411e-bdec-676f74d33ef8.jpg";"https://assets.catawiki.nl/assets/2025/11/4/1/f/7/1f7accf9-9e5f-4b2c-84d2-cfe3600b7e94.jpg";"99024110";"1";"2025-11-16 17:30:15"
"Ancient Roman Ancient Roman glass and stone and other Beads Necklace in Chroome-plated Heart casing ,(100 B.C. - (No Reserve Price)";"Ancient Roman Stone and glass (recut) Beads Necklace in Chroome-plated Heart casing ,(100 B.C. - 100)<br><br>Roman Glass Fragments Beads Necklace<br>Period: 100 B.C. – 300 A.D.<br>Material: Ancient Roman glass recut , restrung<br>Dimensions: Approx. 43 cm (17 in) length<br>Weight: 15.5 g<br><br>A delicate necklace composed of ancient Roman glass beads, dating back nearly 2,000 years. The beads, formed from fragments of Roman glass vessels, display beautiful shades of pale blue, aqua, and soft green, with shimmering iridescence developed over centuries of burial.<br><br>Each bead carries unique weathering patterns and mineral deposits, reflecting the passage of time and the ancient glass-making traditions of the Roman Empire. The beads have been carefully restrung on modern thread for safe wear and display.<br><br>Condition:<br>Good condition, with natural signs of age-related wear, surface weathering, and encrustations consistent with genuine archaeological glass. Restrung for preservation.<br><br>Provenance:<br>Acquired from an established European collection.<br><br>A wearable and authentic piece of Roman history, bringing the artistry and elegance of antiquity into the present.<br><br><br>CUSTOMS<br><br>*** On orders outside the EU a customs fee will be applied upon arrival to the country of the buyer***<br>";"Archaeology";"https://prf.hn/click/camref:1100l5ti9K/creativeref:1100l187865/destination:https%3A%2F%2Fwww.catawiki.com%2Fen%2Fl%2F98838199";"https://assets.catawiki.nl/assets/2025/10/27/3/b/5/3b5b4076-a329-4472-96e0-55d147d62117.jpg";"https://assets.catawiki.nl/assets/2025/10/27/7/6/6/7662579d-aca9-4e31-bc9b-c9533e0aab91.jpg";"https://assets.catawiki.nl/assets/2025/10/27/3/e/c/3ec2e86d-097a-4798-a461-680aa729507c.jpg";"98838199";"1";"2025-11-16 17:43:15"
"Ancient Central Asian Talisman on purchase Cylinder Pearl - 56 mm (No Reserve Price)";"A beautiful talisman made from a natural banded agate pearl from the ancient Central Asian culture.<br><br>millennium AD<br><br>In good condition. It has been cleaned, but the beautiful antique patina has been preserved. Original, antique, hand-cut, carved, and polished. The holes are antique, handmade, but drilled over with modern techniques to make the piece wearable when the old holes are blocked. Signs of use and age on the surface.<br><br>Purchased by Dr. Zelnik on the local art market in London in the mid-1990s.<br><br>Important information:<br><br>The seller guarantees that they are authorized to ship this item. Due to the complicated cultural laws, we can only ship this item within the EU and to the United Kingdom or Switzerland.<br><br>Provenance:<br><br>This article comes from the collection of Dr. István Zelnik, which is the result of over 50 years of collecting.<br>Former diplomat, collector of Asian art, researcher.<br><br>Publications:<br><br>More than 20 essays on Southeast Asian politics and economics.<br>Co-author of 10 albums and books on Southeast Asian art.";"Archaeology";"https://prf.hn/click/camref:1100l5ti9K/creativeref:1100l187865/destination:https%3A%2F%2Fwww.catawiki.com%2Fen%2Fl%2F98778572";"https://assets.catawiki.nl/assets/2025/6/2/0/4/e/04ebd87a-428c-4fde-8ec1-5e658e6d6106.jpg";"https://assets.catawiki.nl/assets/2025/6/2/0/7/f/07f70172-14cd-4c71-9c83-81906fb28780.jpg";"https://assets.catawiki.nl/assets/2025/6/2/5/5/b/55b43044-dc5c-4b73-9fa7-a28e8fc94bfd.jpg";"98778572";"1";"2025-11-16 17:32:25"
"Medieval bronze ring with insert.Excellent condition. (No Reserve Price)";"Medieval bronze ring with insert.Excellent condition.<br><br>Medieval period 1400-1700 AD.<br>Excellent condition, intact. Beautiful smooth patina.Signs of wear consistent with age and use. Wearable. 100% original. Look at many photos for your own impression.<br>Ring size: 19 mm.<br>Weight: 1.43 grams.<br>The item was purchased in 2015 in Barcelona, ​​Spain from G.A. as part of a private Spanish collection dating back to the 1980s.";"Archaeology";"https://prf.hn/click/camref:1100l5ti9K/creativeref:1100l187865/destination:https%3A%2F%2Fwww.catawiki.com%2Fen%2Fl%2F99074230";"https://assets.catawiki.nl/assets/2025/11/6/5/b/8/5b8a37c2-29ac-4ff8-87c3-36cb45ff6f58.jpg";"https://assets.catawiki.nl/assets/2025/11/6/6/2/e/62e7f2b0-423e-469d-b5ed-7d26bbac9ac0.jpg";"https://assets.catawiki.nl/assets/2025/11/6/3/2/1/321e7091-bfb1-4d25-afa3-2caead970c67.jpg";"99074230";"5";"2025-11-13 20:53:30"
"Viking Era Bronze pendant ring. Excellent condition. (No Reserve Price)";"Bronze pendant ring from the Viking Age. Excellent condition.<br><br>Can be worn as a pendant.<br>Bronze is strong!<br>Beautiful smooth dark green patina.Signs of wear consistent with age and use. Wearable. 100% original. Look at many photos for your own impression.<br>Weight - 2.78 grams.<br>Size : 29 mm.<br>Condition: Excellent, wearable,100% original.<br>The object was purchased in 2015 in Barcelona, ​​Spain, from G.A. as part of a private Spanish collection dating back to the 1980s.";"Archaeology";"https://prf.hn/click/camref:1100l5ti9K/creativeref:1100l187865/destination:https%3A%2F%2Fwww.catawiki.com%2Fen%2Fl%2F99074472";"https://assets.catawiki.nl/assets/2025/11/6/3/0/5/30520ce2-e642-4ac8-a209-40adf4a53deb.jpg";"https://assets.catawiki.nl/assets/2025/11/6/b/f/0/bf0c7460-abe8-44b9-80ce-2336d3072ea3.jpg";"https://assets.catawiki.nl/assets/2025/11/6/1/e/7/1e7242e4-b9f4-42d2-8250-8f539aca129f.jpg";"99074472";"1";"2025-11-13 21:01:00"
"Medieval (Gothic) - Bronze Green Stone Decorated Ring - 2.5 cm (No Reserve Price)";"Approximately 15th C AD - Medieval <br>Material: Bronze Alloy<br>Object: Green Stone Decorated Ring <br>Dimensions: 2.5 x 2.2 x 0.8 cm<br>Condition: Excellent condition<br>Ex-collection Dr. Matthias Köhler (1966)<br>The auction is provided with German export documents<br><br>We guarantee originality.<br><br>Provenance: Property of a private collector from southern Germany, formed in the 1970s - 1980s.<br>The Seller can prove that the lot was obtained legally.<br>Important information. The seller guarantees that he is entitled to ship this lot.<br>The seller will take care that any necessary permits will be arranged.<br>The seller will inform the buyer about this if this takes more than a few days.";"Archaeology";"https://prf.hn/click/camref:1100l5ti9K/creativeref:1100l187865/destination:https%3A%2F%2Fwww.catawiki.com%2Fen%2Fl%2F98906490";"https://assets.catawiki.nl/assets/2025/10/30/d/a/7/da73deb8-f7e1-4f08-abb3-170edb363c6c.jpg";"https://assets.catawiki.nl/assets/2025/10/30/2/b/c/2bcce3cf-2109-42ce-906c-8a663767ddaa.jpg";"https://assets.catawiki.nl/assets/2025/10/30/b/3/e/b3ea677f-93a6-44be-9194-3c9ee3c13186.jpg";"98906490";"24";"2025-11-13 20:50:10"
"Medieval bronze ring with a Maltese Cross. Excellent condition. (No Reserve Price)";"Medieval bronze ring with a Maltese Cross. Excellent condition.<br><br>Medieval period 1400-1700 AD.<br>Excellent condition, intact. Beautiful smooth patina.Signs of wear consistent with age and use. Wearable. 100% original. Look at many photos for your own impression.<br>Ring size: 21 mm.<br>Weight: 2.12 grams.<br>The item was purchased in 2015 in Barcelona, ​​Spain from G.A. as part of a private Spanish collection dating back to the 1980s.";"Archaeology";"https://prf.hn/click/camref:1100l5ti9K/creativeref:1100l187865/destination:https%3A%2F%2Fwww.catawiki.com%2Fen%2Fl%2F99074085";"https://assets.catawiki.nl/assets/2025/11/6/d/b/1/db1f7c42-cdf0-4bf8-bdb2-75a4fa05798e.jpg";"https://assets.catawiki.nl/assets/2025/11/6/1/9/d/19df88ce-f182-4299-b201-17ed29bf5adf.jpg";"https://assets.catawiki.nl/assets/2025/11/6/4/d/3/4d39e1ad-8d7e-4368-b4e9-244e57b16a1a.jpg";"99074085";"15";"2025-11-13 20:39:20"
"(Renaissance) - Bronze Decoration - Relic - 4.3 cm (No Reserve Price)";"Approximately 18th C AD - Central European Renaissance<br>Dimensions: 4.3 x 4.3 x 1.7 cm<br>Material: Bronze<br>Object: Aristocratic Decoration<br>Condition: Fine condition.<br>We guarantee originality.<br><br>Provenance: Property of a private collector from southern Germany, formed in the 1970s - 1980s.<br>The Seller can prove that the lot was obtained legally.<br>Important information. The seller guarantees that he is entitled to ship this lot.<br>The seller will take care that any necessary permits will be arranged.<br>The seller will inform the buyer about this if this takes more than a few days.";"Archaeology";"https://prf.hn/click/camref:1100l5ti9K/creativeref:1100l187865/destination:https%3A%2F%2Fwww.catawiki.com%2Fen%2Fl%2F98906578";"https://assets.catawiki.nl/assets/2025/10/30/6/f/8/6f837f52-8e9d-4680-8a4c-b2899c022fd5.jpg";"https://assets.catawiki.nl/assets/2025/10/30/b/a/9/ba9866a7-7ff9-44c5-b771-ebc127c6e969.jpg";"https://assets.catawiki.nl/assets/2025/10/30/5/2/1/52126f65-1de3-4f5e-83bf-660bf3e45777.jpg";"98906578";"1";"2025-11-13 21:22:40"
"Medieval bronze ring with insert. Excellent condition. (No Reserve Price)";"Medieval bronze ring with insert.Excellent condition.<br><br>Medieval period 1400-1700 AD.<br>Excellent condition, intact. Beautiful smooth patina.Signs of wear consistent with age and use. Wearable. 100% original. Look at many photos for your own impression.<br>Ring size: 20 mm.<br>Weight: 3.63 grams.<br>The item was purchased in 2015 in Barcelona, ​​Spain from G.A. as part of a private Spanish collection dating back to the 1980s.";"Archaeology";"https://prf.hn/click/camref:1100l5ti9K/creativeref:1100l187865/destination:https%3A%2F%2Fwww.catawiki.com%2Fen%2Fl%2F99078662";"https://assets.catawiki.nl/assets/2025/11/6/2/c/7/2c7d762f-0922-4995-8846-fc4cf3097c11.jpg";"https://assets.catawiki.nl/assets/2025/11/6/f/d/6/fd6da406-76fd-4ef5-84f2-1058b1604408.jpg";"https://assets.catawiki.nl/assets/2025/11/6/2/d/0/2d0a7beb-22e3-4c59-bae4-4b9b7b3be295.jpg";"99078662";"1";"2025-11-13 21:34:20"
"Ancient Egyptian Faience beads necklace (No Reserve Price)";"A string of ancient Egyptian/Roman beads as pictured.<br>The string consists of over 140 beads of coral ranging in size from 0.50-6 mm.<br>From my own personal collection.<br>Total length:- 32.00 Cms. Circa 300 BC-200 AD.<br>Comes with provenance statement and will be shipped by tracked and signed mail.";"Archaeology";"https://prf.hn/click/camref:1100l5ti9K/creativeref:1100l187865/destination:https%3A%2F%2Fwww.catawiki.com%2Fen%2Fl%2F98959808";"https://assets.catawiki.nl/assets/2025/11/1/5/f/3/5f3ad1c4-23cf-46c7-bbec-5849010bd140.jpg";"https://assets.catawiki.nl/assets/2025/11/1/a/f/4/af46a875-b099-4c31-90be-9178ce407d0f.jpg";"https://assets.catawiki.nl/assets/2025/11/1/7/d/f/7dfad3dd-0190-45e2-b2cc-384b7d1b4b40.jpg";"98959808";"1";"2025-11-13 21:21:00"
"Ancient Egyptian Faience Bead Necklace (Roman Period, 30 B.C. - 323 A.D.) (No Reserve Price)";"Egyptian Faience Bead Necklace (Roman Period, 30 B.C. - 323 A.D.)<br><br>This exquisite necklace is composed of ancient Egyptian faience beads, dating back to the Roman Period (30 B.C. - 323 A.D.). Faience, known for its lustrous glaze and vibrant colors, was highly prized in ancient Egypt for its symbolic and aesthetic value.<br><br>The beads, each meticulously handcrafted over 2,000 years ago, are strung together to create a beautiful piece that harmonizes antiquity with modern design. The beads exhibit the characteristic turquoise and earthy tones, representing life, rebirth, and protection, themes often associated with faience in Egyptian culture.<br><br>The necklace is delicately strung on a 17-inch modern string, weighing approximately 2-3 grams. While the string itself is a contemporary addition, the beads remain authentic, offering a timeless connection to the past.<br><br>This rare artifact not only reflects ancient Egyptian craftsmanship but also serves as a wearable piece of history.<br><br>Condition: Excellent ancient beads, restrung on modern string for durability.<br>Dimensions: Approx. 17 inches in length, 1.5 grams in weight.<br>Period: Roman Period (30 B.C. - 323 A.D.).<br>On a faux leather black string.<br><br>Provenance: Acquired from an established antiquities auction house.<br><br>A must-have for collectors of ancient jewelry or anyone with an appreciation for the rich history of ancient Egypt!<br><br><br><br>****Please note: Orders shipped outside the EU may be subject to customs fees and import duties.****<br><br><br>";"Archaeology";"https://prf.hn/click/camref:1100l5ti9K/creativeref:1100l187865/destination:https%3A%2F%2Fwww.catawiki.com%2Fen%2Fl%2F98900430";"https://assets.catawiki.nl/assets/2025/10/29/c/e/d/cede848f-3712-4741-abf6-3508ccf81a98.jpg";"https://assets.catawiki.nl/assets/2025/10/29/5/6/c/56c62331-b631-4a49-a851-29b4037c1e9e.jpg";"https://assets.catawiki.nl/assets/2025/10/29/b/a/a/baaad91f-ba3f-4ca2-8a06-2387cc449905.jpg";"98900430";"1";"2025-11-13 20:11:50"
"Ancient Roman medical tool (No Reserve Price)";"Letter of Provenance<br><br>This document serves as a statement of provenance for this item described.<br><br>The mentioned item has been in the possession of the family of a private collector since the 1990s. It was legally acquired at that time and has remained in private ownership through successive generations.<br><br>To the best of our knowledge, the item has not been subject to any legal dispute, claim, or restriction. It remains in compliance with all applicable laws governing ownership and transfer.<br><br>This statement is issued in good faith and affirms the continuous and legitimate chain of ownership since its acquisition.";"Archaeology";"https://prf.hn/click/camref:1100l5ti9K/creativeref:1100l187865/destination:https%3A%2F%2Fwww.catawiki.com%2Fen%2Fl%2F98896702";"https://assets.catawiki.nl/assets/2025/10/29/5/e/1/5e1d4f8f-de06-44d9-a920-dfd45fe2352c.jpg";"https://assets.catawiki.nl/assets/2025/10/29/3/7/5/3752662b-bf99-4243-a320-47319b241505.jpg";"https://assets.catawiki.nl/assets/2025/10/29/3/7/2/372a0dff-af4f-47ad-8edc-938b61b073d3.jpg";"98896702";"2";"2025-11-13 21:35:10"
"Medieval, Crusaders Era finger ring (No Reserve Price)";"Medieval bronze ring with a beautiful green patina, in very good condition, can be worn as jewelry, originally from an old Belgian collection of 1994. The inner diameter of the ring is 18mm.";"Archaeology";"https://prf.hn/click/camref:1100l5ti9K/creativeref:1100l187865/destination:https%3A%2F%2Fwww.catawiki.com%2Fen%2Fl%2F98934798";"https://assets.catawiki.nl/assets/2025/9/27/f/4/1/f417ab46-a34a-4489-bcaa-ba1311733688.jpg";"https://assets.catawiki.nl/assets/2025/9/27/1/c/7/1c7120ea-f31a-4017-87b9-4fc9432f694c.jpg";"https://assets.catawiki.nl/assets/2025/9/27/c/5/4/c548bf25-aa4f-49b7-8be4-003cc0980786.jpg";"98934798";"1";"2025-11-13 21:36:00"
"Ancient Roman Bronze Ring (No Reserve Price)";"Letter of Provenance<br><br>This document serves as a statement of provenance for this item described.<br><br>The mentioned item has been in the possession of the family of a private collector since the 1990s. It was legally acquired at that time and has remained in private ownership through successive generations.<br><br>To the best of our knowledge, the item has not been subject to any legal dispute, claim, or restriction. It remains in compliance with all applicable laws governing ownership and transfer.<br><br>This statement is issued in good faith and affirms the continuous and legitimate chain of ownership since its acquisition.";"Archaeology";"https://prf.hn/click/camref:1100l5ti9K/creativeref:1100l187865/destination:https%3A%2F%2Fwww.catawiki.com%2Fen%2Fl%2F98853291";"https://assets.catawiki.nl/assets/2025/10/28/0/7/b/07b8fead-1c4e-468a-abb3-b1fb47e5252d.jpg";"https://assets.catawiki.nl/assets/2025/10/28/2/2/0/22011c22-c455-4264-a4c6-ac5625f0bc33.jpg";"https://assets.catawiki.nl/assets/2025/10/28/2/1/0/2107d680-9389-4fc4-b713-12ea6574f6b4.jpg";"98853291";"9";"2025-11-13 20:58:30"
"Islamic Bronze Ring - Medieval 12th - 14th AD (No Reserve Price)";"Islamic bronze ring – 12th/14th century AD – 19 mm – 1.55 g<br><br>This elegant Islamic bronze ring, dating from the 12th to 14th century AD, exemplifies the refined simplicity of medieval craftsmanship in the Islamic world. The flat bezel is engraved with a cross-hatched symbol or motif, perhaps calligraphic or geometric in nature, which may have held personal, talismanic, or cultural meaning to its original wearer. The band is thin yet resilient, shaped in a seamless curve that speaks to the artisan’s skill and the utilitarian grace of its design.<br><br>Despite the passage of centuries, the ring has retained its structural integrity. The patina is dark and smooth, characteristic of ancient bronze, and enhances its historic aura. Slight bending on the hoop indicates long use or burial, but the ring remains visually compelling and wearable in a symbolic sense. Such rings would have circulated widely across the Islamic world, carried along the routes of merchants, pilgrims, and scholars alike.<br><br>Material: Bronze<br>Dimensions: 19 mm internal diameter<br>Weight: 1.55 g<br>Date: 12th–14th century AD<br>Good condition for age, with a smooth dark patina and minor deformation to the hoop; engraved bezel remains legible.<br><br>A subtle fragment of medieval Islamic culture—minimal yet imbued with silent significance, bearing the trace of lives and belief across time.<br><br>Provenance: Acquired from an auction house in 2025, previously owned by a collector from the South of Germany, acquired in the 1980s.";"Archaeology";"https://prf.hn/click/camref:1100l5ti9K/creativeref:1100l187865/destination:https%3A%2F%2Fwww.catawiki.com%2Fen%2Fl%2F98661458";"https://assets.catawiki.nl/assets/2025/10/20/3/d/a/3da0dee0-97f6-4961-adf5-215d6017b2f1.jpg";"https://assets.catawiki.nl/assets/2025/10/20/d/d/6/dd6eea52-a8fc-4980-a77f-f67cfb3f1576.jpg";"https://assets.catawiki.nl/assets/2025/10/20/c/a/7/ca79b2bb-13bb-46b2-b5c1-d25af4e014d3.jpg";"98661458";"1";"2025-11-13 20:31:00"
"Ancient Egypt Terracotta Meroitic Amulet - 5 cm";"";"Archaeology";"https://prf.hn/click/camref:1100l5ti9K/creativeref:1100l187865/destination:https%3A%2F%2Fwww.catawiki.com%2Fen%2Fl%2F99026727";"https://assets.catawiki.nl/assets/2025/4/1/1/d/c/1dc321e1-ce4b-4e98-b9d1-efdc7aef74c3.jpg";"https://assets.catawiki.nl/assets/2025/4/1/f/4/2/f42d4fc5-1b02-41b5-81f8-c243e194b14e.jpg";"https://assets.catawiki.nl/assets/2025/4/1/a/4/8/a48bd4cc-d228-4abb-9280-82a215290d8d.jpg";"99026727";"1";"2025-11-13 20:17:40"
"Ancient Roman Crystal Intaglio (No Reserve Price)";"Letter of Provenance<br><br>This document serves as a statement of provenance for the item described:<br><br><br>The mentioned item has been in the possession of the family of a private collector since the 1990s. It was legally acquired at that time and has remained in private ownership through successive generations.<br><br>To the best of our knowledge, the item has not been subject to any legal dispute, claim, or restriction. It remains in compliance with all applicable laws governing ownership and transfer.<br><br>This statement is issued in good faith and affirms the continuous and legitimate chain of ownership since its acquisition.";"Archaeology";"https://prf.hn/click/camref:1100l5ti9K/creativeref:1100l187865/destination:https%3A%2F%2Fwww.catawiki.com%2Fen%2Fl%2F98486498";"https://assets.catawiki.nl/assets/2025/10/12/7/7/5/77598d97-a9a5-4ddb-8754-cfba1a853627.jpg";"https://assets.catawiki.nl/assets/2025/10/12/7/d/1/7d18977e-aad4-49ca-abdf-7ac1ae0e6cef.jpg";"https://assets.catawiki.nl/assets/2025/10/12/2/a/8/2a8081f4-ffda-4e88-ba3b-0c48920d66c4.jpg";"98486498";"1";"2025-11-13 20:27:40"
"Byzantine or Crusader Period Style Bronze Belt Plate with Engraved Figure and Protective Symbols (No Reserve Price)";"Cast bronze rectangular belt plate with two small attachment loops at the top and a rectangular slot below.<br>The front is engraved with a robed, haloed figure surrounded by simple linear and symbolic motifs often interpreted as protective signs. The reverse is plain.<br>Rich green patina with traces of age and surface wear.<br><br>Such fittings are characteristic of military or devotional belts from the Byzantine and early Crusader world (approx. 6th–12th century CE). The engraved image may have served as a talismanic emblem offering protection to the wearer.<br><br>Material: Bronze <br>Dimensions: 37.2mm<br>Weight: 11g<br>Condition: Good; stable patina, minor edge wear, complete.";"Archaeology";"https://prf.hn/click/camref:1100l5ti9K/creativeref:1100l187865/destination:https%3A%2F%2Fwww.catawiki.com%2Fen%2Fl%2F99042244";"https://assets.catawiki.nl/assets/2025/11/4/c/2/a/c2a97056-8f93-4d91-9aa5-6faebf05ce81.jpg";"https://assets.catawiki.nl/assets/2025/11/4/8/7/3/87331bab-be16-477b-9e09-744c9f277578.jpg";"https://assets.catawiki.nl/assets/2025/11/5/5/0/d/50d2b587-b6d9-4189-b256-6ce36a133f4a.jpg";"99042244";"2";"2025-11-13 20:54:20"
"Medieval, Crusaders Era Very Beautiful Medallic Coin Amulet of Hetoum — Set in a Newly Crafted Gold-Plated Silver Frame (No Reserve Price)";"A stunning Crusader Armenian medallic coin amulet, attributed to the era of King Hetoum I of Cilician Armenia (13th century) — a powerful ruler who allied with the Crusader states in their struggle for the Holy Land.<br>Mounted in a handcrafted sterling silver frame richly plated with gold, this piece unites history, faith, and craftsmanship in a wearable work of art.<br><br>Materials: Ancient silver coin, gold-plated silver frame<br>Diameter: 40 mm — Weight: 12.50 g<br>Period: Medieval, Crusader Armenia<br>Condition: Excellent; ancient coin beautifully preserved in a new frame<br><br>A meaningful and impressive symbol of protection and Christian heritage, connecting the legacy of the Crusader knights and the Armenian Kingdom of Cilicia.";"Archaeology";"https://prf.hn/click/camref:1100l5ti9K/creativeref:1100l187865/destination:https%3A%2F%2Fwww.catawiki.com%2Fen%2Fl%2F99026656";"https://assets.catawiki.nl/assets/2025/11/4/4/7/7/477b6cbc-6b0b-4663-bdc3-026b49aff42f.jpg";"https://assets.catawiki.nl/assets/2025/11/4/b/6/5/b6518304-5fea-441e-948e-e5f6ce64da3b.jpg";"https://assets.catawiki.nl/assets/2025/11/4/b/5/5/b557fe4d-9058-413a-888e-5ebf68c65464.jpg";"99026656";"45";"2025-11-13 20:03:30"
"Medieval, Crusaders Era Beautiful Cross Amulet – Symbol of Faith and Protection (No Reserve Price)";"Finely cast bronze cross pendant of balanced, tubular form with rounded terminals and an integral suspension loop. The surface shows a dark patina with warm highlights on the raised details.<br><br>Crosses of this type were widely worn during the Crusader and medieval Christian periods (c. 11th–13th century CE) as personal symbols of faith, divine protection, and safe passage. They were often carried by pilgrims and soldiers journeying to the Holy Land, serving as both a devotional emblem and a talisman of spiritual strength.<br><br>This example displays elegant proportions and a smooth, time-worn surface that attest to its age and use.<br><br>Material: Bronze<br>Dimensions: 35.1 mm<br>Weight: 3.5 g<br>Condition: Very good; minor wear, stable patina with attractive surface tone.";"Archaeology";"https://prf.hn/click/camref:1100l5ti9K/creativeref:1100l187865/destination:https%3A%2F%2Fwww.catawiki.com%2Fen%2Fl%2F99055280";"https://assets.catawiki.nl/assets/2025/11/5/f/2/7/f2757083-c77c-4e76-99d8-12944d1b8663.jpg";"https://assets.catawiki.nl/assets/2025/11/5/6/5/f/65f277ac-29ae-4835-a902-6c001714fb54.jpg";"https://assets.catawiki.nl/assets/2025/11/5/3/1/5/315a7451-8244-4e97-a07a-241b184e6aae.jpg";"99055280";"90";"2025-11-13 21:26:50"
"Rare BALTIC AMBER Fossil Bracelet – Mysterious Forest Glow & Deep Tones - Amber (No Reserve Price)";"This captivating bracelet showcases the deep and mysterious beauty of natural Baltic amber in dark greenish-brown tones, revealing its ancient character under UV light. A true fossil treasure that glows with history and organic charm.<br><br>### Material & Inclusions<br><br>* Genuine Baltic amber from the Eocene period (35–50 million years old)<br>* Naturally dark green, brown, and olive hues with earthy fossil texture<br>* Subtle organic inclusions and ancient speckles visible in each bead<br>* No pressed, synthetic, or reconstituted amber — only 100% natural material<br><br>### Craftsmanship & Design<br><br>* Smoothly hand-polished disc-shaped amber beads<br>* Strung on durable stretch cord for a comfortable and flexible fit<br>* Unique natural tone variations — each piece is one of a kind<br><br>### Dimensions<br><br>* Amber bead size: approximately 12 mm x 12 mm<br>* Bracelet circumference: approximately 16 cm<br>* Stretch design fits most adult wrists comfortably<br><br>### UV Testing & Authenticity<br><br>* Passes UV fluorescence test with striking greenish-blue luminescence<br>* Verified 100% natural Baltic amber — not dyed, pressed, or heat-treated<br>* Handcrafted and tested in the Baltic region<br><br>### Condition<br><br>* New, handcrafted condition<br>* No cracks, chips, or surface damage<br>* Ready to wear or gift immediately<br><br>### Shipping & Packaging<br><br>* Ships securely from Lithuania via registered international airmail<br>* Tracking number provided for every order<br>* Estimated delivery times:<br> * Europe: 4–8 business days<br> * USA & Canada: 7–14 business days<br> * Rest of the world: 10–21 business days";"Archaeology";"https://prf.hn/click/camref:1100l5ti9K/creativeref:1100l187865/destination:https%3A%2F%2Fwww.catawiki.com%2Fen%2Fl%2F99079313";"https://assets.catawiki.nl/assets/2025/11/6/9/1/2/91210afe-0c81-4c90-b955-cf45ca05cb80.jpg";"https://assets.catawiki.nl/assets/2025/11/6/0/2/a/02a2a52d-89ba-4a05-8644-a8cd1e6c3e81.jpg";"https://assets.catawiki.nl/assets/2025/11/6/e/4/e/e4ed5ed1-6d04-4c46-a2af-eac2c86d1ee7.jpg";"99079313";"30";"2025-11-15 18:10:36"
"Victorian Bronze Decorated Rings - 20 mm (No Reserve Price)";"A pair of nice condition Ancient Victorian Bronze Rings with good decorations (see photos) and dating to about the 19th C A.D.<br>Object acquired in 2025 in London, UK from 'DM' as part of a Private European Collection dating to the pre- 1990s.<br><br>The seller guarantees that he acquired this piece according to all national and international laws related to the ownership of cultural property. Provenance statement seen by Catawiki.<br><br>The seller will take care that any necessary permits, like an export license will be arranged if necessary, and will inform the buyer about the status of it if this takes more than a few days. <br><br>Any lots subjected to additional fees when at the customs office in the destination country, if any, will be paid by the buyer and it is the buyer’s responsibility to contact their customs office to pay any fees and release the item or if there is an extended delay in the processing checks.<br>It is the buyer’s responsibility to be in contact with their customs office to ensure a smooth delivery.";"Archaeology";"https://prf.hn/click/camref:1100l5ti9K/creativeref:1100l187865/destination:https%3A%2F%2Fwww.catawiki.com%2Fen%2Fl%2F99110801";"https://assets.catawiki.nl/assets/2025/11/7/4/a/1/4a1e357a-3c87-4d9b-9438-902c8d16e05b.jpg";"https://assets.catawiki.nl/assets/2025/11/7/6/c/c/6ccaab6b-dcb3-4cd7-af00-fdb59c1d1f32.jpg";"https://assets.catawiki.nl/assets/2025/11/7/0/8/0/0804b315-3246-4bda-9346-c1081a1a2a90.jpg";"99110801";"1";"2025-11-15 18:00:56"
"Rare Fossil Insect BALTIC AMBER Ring – MOSQUITO Inclusion – Timeless Elegance - Amber (No Reserve Price)";"### Material & Inclusions<br><br>Authentic Baltic amber with a rich honey tone, showcasing a remarkably preserved **MOSQUITO (Culicidae)**. The specimen displays fine anatomical detail — elongated legs, delicate antennae, and a clearly visible proboscis extending from the head, identifying it as a true mosquito rather than a midge. The body segmentation and faint wing venation are sharply defined, frozen in pristine condition for over 40 million years. Tiny organic particles and gas bubbles enhance the amber’s natural depth and confirm its genuine, untreated origin.<br><br>### Craftsmanship & Presentation<br><br>Shaped into a smooth oval cabochon that highlights the fossil beautifully from every angle. The minimalist ring design ensures the amber remains the focal point — pure, organic, and timeless. Its subtle golden translucence creates a striking contrast when worn, making it a perfect piece for fossil enthusiasts or lovers of natural history jewelry.<br><br>### UV Testing & Fluorescence<br><br>Glows with the characteristic blue-green fluorescence under ultraviolet light, confirming genuine Baltic origin. No dyes, fillers, or synthetic enhancements — the piece is entirely natural.<br><br>### Ring Dimensions<br><br>Ring size: EU 57<br>Amber size: approximately 8.7 × 8 mm<br><br>### Geological Origin<br><br>Age: approximately 35–50 million years<br>Epoch: Eocene<br>Region: Baltic Sea area — world-renowned for amber of exceptional clarity and fossil preservation<br><br>### Condition & Authenticity<br><br>A one-of-a-kind natural Baltic amber ring featuring a genuine MOSQUITO inclusion. Free from cracks, fillers, or artificial modifications. A rare and scientifically valuable piece of prehistoric life, preserved in stunning visual condition.<br><br>### Shipping & Packaging<br><br>* Ships securely worldwide with tracking and eco-friendly protective packaging<br>* Estimated delivery: 5–7 business days internationally<br><br>Would you like me to proceed with the next pendant?<br>";"Archaeology";"https://prf.hn/click/camref:1100l5ti9K/creativeref:1100l187865/destination:https%3A%2F%2Fwww.catawiki.com%2Fen%2Fl%2F99079002";"https://assets.catawiki.nl/assets/2025/11/6/a/c/4/ac40dbcb-1a0c-4998-b08d-164485b8fdfc.jpg";"https://assets.catawiki.nl/assets/2025/11/6/9/6/7/967c4603-9cc9-4cba-a338-ec21c44642c3.jpg";"https://assets.catawiki.nl/assets/2025/11/6/8/8/0/8804946b-7f96-41ea-a6b2-f96764b18f3d.jpg";"99079002";"15";"2025-11-15 18:15:26"
"Coral - Silver, Gold-plated - Necklace - Pink coral and quartz";"Particular and handcrafted necklace in pink coral from Asian seas and rose quartz from Asia.<br>The beautiful shades that harmonize with each other, and the central cameo carved on a shell of Cassis Madagascariensis.<br>Floral cameo with pink coral buttons.<br>Worked on and made in Torre del Greco.<br>Weight 59.45g<br>Choker length 42cm<br>Cammeo 37mm x 50mm<br>Tuft 7cm<br>Coral sphere 8mm<br>Quartz sphere 8.30mm<br>Mounted in sterling silver 925, gold-plated.<br>It will be delivered with gift packaging and a material warranty.";"Archaeology";"https://prf.hn/click/camref:1100l5ti9K/creativeref:1100l187865/destination:https%3A%2F%2Fwww.catawiki.com%2Fen%2Fl%2F98938384";"https://assets.catawiki.nl/assets/2025/10/31/6/4/8/648475a0-7fcb-4857-a068-3cd7a2e94eb2.jpg";"https://assets.catawiki.nl/assets/2025/10/31/3/e/7/3e73166e-e028-4057-8ed3-5c9d246861a2.jpg";"https://assets.catawiki.nl/assets/2025/10/31/3/5/1/351597c9-3ac9-4ceb-9553-2f09c5f3c11e.jpg";"98938384";"1";"2025-11-15 17:58:02"
"Ancient Roman Bronze Vulva Ring with Anatomical Bezel (No Reserve Price)";"A rare Roman bronze ring featuring a bezel of distinctive mammiform or vulvate form, crafted to imitate a cut gemstone. The shape likely held erotic or symbolic significance, reflecting themes of fertility, sensuality, or the wearer’s association with erotic professions. Such designs are sometimes linked to the openly practiced sex trade of ancient Rome, where adornments could carry coded social or occupational meanings.<br><br>Material: Bronze<br>Date: 1st–3rd century CE<br>Dimensions: 18mm - 25mm, Small size, consistent with examples worn by young individuals<br>Condition: Intact with smooth dark patina; minor surface wear consistent with age.";"Archaeology";"https://prf.hn/click/camref:1100l5ti9K/creativeref:1100l187865/destination:https%3A%2F%2Fwww.catawiki.com%2Fen%2Fl%2F99098944";"https://assets.catawiki.nl/assets/2025/10/9/c/b/4/cb4e0132-b354-490f-b0c5-7d82f4af0afb.jpg";"https://assets.catawiki.nl/assets/2025/10/9/5/a/e/5aee176c-b508-4ca7-bf30-f07fb4698662.jpg";"https://assets.catawiki.nl/assets/2025/10/9/0/c/1/0c1c6b7d-c2f3-4461-bb0f-ea7f85dffdf7.jpg";"99098944";"1";"2025-11-15 17:08:44"
"Blood Coral - Silver - Bracelet - CORALLO MEDITERRANEO";"Enchanting handcrafted bracelet made of Mediterranean coral and an antique cameo carved on a Cassis Madagascariensis shell by a master engraver of the time.<br>Total weight 31.15 grams<br>Length 19cm plus 1cm extension.<br>Cammeo 30mm x 23mm<br>Four red coral fili from Sardinia.<br>Closure and extension in 925 silver<br>It will be delivered with gift packaging and a material warranty.";"Archaeology";"https://prf.hn/click/camref:1100l5ti9K/creativeref:1100l187865/destination:https%3A%2F%2Fwww.catawiki.com%2Fen%2Fl%2F98802414";"https://assets.catawiki.nl/assets/2025/9/13/6/5/c/65c31498-f572-4ca4-8eac-314802a1b379.jpg";"https://assets.catawiki.nl/assets/2025/9/13/f/2/7/f27811e6-71bb-4b91-894b-64294318576b.jpg";"https://assets.catawiki.nl/assets/2025/9/13/0/b/a/0ba4e847-8ed8-4852-ad60-fa8354255169.jpg";"98802414";"1";"2025-11-15 17:22:16"
"Ancient Roman Bronze, Stunning Intaglio with Lionhead Seal Ring";"An extremely rare bronze ancient Roman intaglio carnelian seal ring from 100 BC to 100 AD<br>Intaglio shows a lion head in a very rare color.<br>Interesting Piece .<br>See the extra image of the print!!!!!!!!!!!!!!!!!<br>Again: Extremely rare piece!!!!!!<br><br>Weight: 12.46 grams<br>Ring Size: 17.4 x 16.2 mm<br>Material: Bronze<br>Source : Pierres précieuses<br>See images for your own impression.<br>Own private collection inherited from Grandfather, who built the collection in the 1960's ""<br>No shipping to the USA.";"Archaeology";"https://prf.hn/click/camref:1100l5ti9K/creativeref:1100l187865/destination:https%3A%2F%2Fwww.catawiki.com%2Fen%2Fl%2F99092760";"https://assets.catawiki.nl/assets/2025/9/20/c/8/8/c886f9c8-c899-4458-b353-0188bb9d4ace.jpg";"https://assets.catawiki.nl/assets/2025/9/20/0/6/9/069fc3cb-da52-42bd-ba6b-6833fe410e1f.jpg";"https://assets.catawiki.nl/assets/2025/9/20/f/d/e/fdeec948-e49f-49b0-b845-bf750048ae0e.jpg";"99092760";"1";"2025-11-15 17:09:42"
"Natural white Baltic amber donuts bracelet - Amber - Baltic amber - succinite";"Stunning white Amber bracelet with <br>whole stone Baltic Amber donuts<br>not treated<br>Measurements ± 11.5mm in diameter (donuts), ±17-18cm n length (wrist)<br><br>Amber clears depression, stimulates the intellect and promotes self-confidence and creative self-expression. It encourages decision-making, spontaneity and brings wisdom, balance and patience.<br><br>TESTS to indicate amber: <br>Floats in the salt water, sinks in fresh water; <br>Acetone resistant; <br>Has characteristics of pine resin odour if heated; <br><br>Shipping: safely packed, courier mail with tracked ID. <br>Usual time of delivery: 2-5 business days. <br>";"Archaeology";"https://prf.hn/click/camref:1100l5ti9K/creativeref:1100l187865/destination:https%3A%2F%2Fwww.catawiki.com%2Fen%2Fl%2F96359544";"https://assets.catawiki.nl/assets/2025/6/25/b/d/e/bdece7a3-56d0-4f04-b545-06f5adbebf02.jpg";"https://assets.catawiki.nl/assets/2025/6/25/b/5/e/b5edffe1-60fc-4a5e-a36e-4e68a677a1d4.jpg";"https://assets.catawiki.nl/assets/2025/6/25/9/7/1/9712315c-181a-4aea-8d0d-aeedfe6e621e.jpg";"96359544";"20";"2025-11-15 17:12:36"
"Unique Sterling Silver Ring with Natural BALTIC AMBER – Golden Transparency & Fossil Depth - Amber (No Reserve Price)";"### Natural BALTIC AMBER Ring – Golden Fossil Gem in Sterling Silver Frame<br><br>A radiant blend of nature and craftsmanship, this ring showcases a striking piece of genuine Baltic amber—its golden translucence glowing warmly within an elegant sterling silver frame. Each swirl of silver complements the amber’s organic inclusions, revealing a timeless fragment of Earth’s ancient past.<br><br>### Material & Inclusions<br><br>* Genuine Baltic amber from the Eocene period (35–50 million years old)<br>* Rich golden and honey tones with visible fossil inclusions and microbubbles<br>* No pressed, reconstituted, or heat-treated amber used<br><br>### Craftsmanship & Design<br><br>* Handcrafted sterling silver ring with fluid, artistic curves<br>* Smooth, polished amber surface enhancing depth and light play<br>* One-of-a-kind composition—each stone uniquely formed by nature<br>* Adjustable band ensuring comfortable fit<br><br>### UV Testing & Authenticity<br><br>* Exhibits natural blue-green fluorescence under UV light<br>* Verified authentic Baltic amber<br>* Sourced and handmade in the Baltic region<br><br>### Dimensions<br><br>* Amber size: approximately 25 x 15 mm<br>* Adjustable ring size – fits most adult fingers comfortably<br><br>### Condition<br><br>* New, handmade condition<br>* No cracks, chips, or surface flaws<br>* Ready for immediate wear or gifting<br><br>### Shipping & Packaging<br><br>* Ships securely from Lithuania via registered international airmail<br>* Tracking number included<br>* Estimated delivery times:<br> * Europe: 4–8 business days<br> * USA & Canada: 7–14 business days<br> * Rest of the world: 10–21 business days";"Archaeology";"https://prf.hn/click/camref:1100l5ti9K/creativeref:1100l187865/destination:https%3A%2F%2Fwww.catawiki.com%2Fen%2Fl%2F99091980";"https://assets.catawiki.nl/assets/2025/10/12/5/9/8/59869320-86e4-4b4d-861a-d4ff12af82dc.jpg";"https://assets.catawiki.nl/assets/2025/10/12/c/6/0/c604b23f-175c-49d5-9e29-597c85c45639.jpg";"https://assets.catawiki.nl/assets/2025/10/12/5/e/d/5edb0c69-7c70-4eea-a2c8-9a6a780affa4.jpg";"99091980";"35";"2025-11-15 18:06:44"
"Celtic Bronze Bangle (No Reserve Price)";"Letter of Provenance<br><br>This document serves as a statement of provenance for the item described.:<br><br><br>The mentioned item has been in the possession of the family of a private collector since the 1990s. It was legally acquired at that time and has remained in private ownership through successive generations.<br><br>To the best of our knowledge, the item has not been subject to any legal dispute, claim, or restriction. It remains in compliance with all applicable laws governing ownership and transfer.<br><br>This statement is issued in good faith and affirms the continuous and legitimate chain of ownership since its acquisition.";"Archaeology";"https://prf.hn/click/camref:1100l5ti9K/creativeref:1100l187865/destination:https%3A%2F%2Fwww.catawiki.com%2Fen%2Fl%2F98586019";"https://assets.catawiki.nl/assets/2025/10/16/c/0/d/c0d1853e-1d31-4731-b202-98d040fe586d.jpg";"https://assets.catawiki.nl/assets/2025/10/16/e/f/1/ef173b1d-287a-41a0-8d8c-71407d0019a0.jpg";"https://assets.catawiki.nl/assets/2025/10/16/a/e/8/ae865227-9328-4186-afb1-7ae469168bc7.jpg";"98586019";"1";"2025-11-15 17:57:04"
"Ancient Roman, Empire Bracelet and Pendant with Roman green and yellow glass beads";"Please note: due to customs regulations we can only ship inside the European Union. Please ensure you have a valid EU shipping address before placing a bid.<br><br>A handmade bracelet and pendant, all beautifully adorned with ancient Roman green and yellow glass beads. The historic beads are carefully restrung with modern decorative spacers and fittings, blending timeless elegance with contemporary craftsmanship.<br>The bracelet is a flexible and clasp-free design which makes it easy to wear. <br><br>Pendant: <br>Total length: ± 40,6 mm<br>Diameter beads: ± 10,4 mm maximum<br><br>Bracelet:<br>Diameter: ± 55 - 75 mm<br>Diameter beads: ± 5 mm<br><br>Condition: good condition and wearable. The ancient beads are restrung and combined with modern gold-plated spacer beads and fittings. Signs of wear consistent with age and use. See images.<br>Composed with beads from various old collections, acquired in the UK between 2016-2024.<br><br>Every ancient bead shows subtle variations and signs of age, reflecting its history and adding to the unique charm of every composition.<br><br>Certificate of Authenticity available upon request (pdf-document).<br><br><br>ANCIENT GLASS<br>Glass has always been found in nature, but the humans first created glass about 4.000 years ago. when ancient craftsmen in Mesopotamia discovered the art of mixing sand, soda and lime to make glass.<br>For centuries, glass was a luxury item and reserved for the upper classes.<br><br>Glassmaking centers around the Mediterranean world experimented with new techniques (casting, core-forming, mosaic glass) and with colours by adding metallic oxides (cobalt, copper, etc) to the mixture.<br><br>The Romans learned the glass-making craft after the conquest of Egypt in the 1st century BC. During the 1st century AD the glassblowing technique revolutionized the production and made it possible to produce larger quantities. By adding manganese dioxide Roman glassmakers successfully produced colourless or ‘aqua’ glass for the first time.<br><br>Roman glass became a very popular material, used for beads, glass windows, mosaic tiles, tableware pieces etc. Roman glass was traded all over the Roman Empire and far beyond to Central Africa, Scandinavia and via the Silk Route to China.<br>";"Archaeology";"https://prf.hn/click/camref:1100l5ti9K/creativeref:1100l187865/destination:https%3A%2F%2Fwww.catawiki.com%2Fen%2Fl%2F98885052";"https://assets.catawiki.nl/assets/2025/10/29/a/d/6/ad66714f-da82-4a21-b59d-4d2aa7aed1d9.jpg";"https://assets.catawiki.nl/assets/2025/10/29/8/6/3/863c15b8-1027-4471-8c56-a4fdce189fda.jpg";"https://assets.catawiki.nl/assets/2025/5/22/8/e/a/8ea547f0-3a4f-4158-a3c3-2c3a62168870.jpg";"98885052";"";"2025-11-09 17:58:25"
"Nomads & Medieval Lot of 7 Ring (No Reserve Price)";"An interesting lot of 7 Nomaden and medieval rings from 10-15 AD.<br>All rings with stone and glass<br>Very nice items in this lot.<br><br>Weight: 12.09 grams<br>Ring size: varies in mm<br>Material: Bronze<br>T.N. Pollio<br>See images for your own impression.<br>Own private collection inherited from Grandfather, who built the collection in the 1960's """;"Archaeology";"https://prf.hn/click/camref:1100l5ti9K/creativeref:1100l187865/destination:https%3A%2F%2Fwww.catawiki.com%2Fen%2Fl%2F98796254";"https://assets.catawiki.nl/assets/2025/10/25/9/0/b/90b2455f-30e7-42cb-a668-db241cd23691.jpg";"https://assets.catawiki.nl/assets/2025/10/25/5/2/a/52a94296-844b-4e3a-9740-d697d28db920.jpg";"https://assets.catawiki.nl/assets/2025/10/25/d/3/1/d31866ca-2d48-472f-95ae-07f073361756.jpg";"98796254";"";"2025-11-09 17:10:45"
"Ancient Roman Earrings, with Roman blue and turquoise glass beads";"Please note: due to customs regulations we can only ship inside the European Union. Please ensure you have a valid EU shipping address before placing a bid. <br><br>Handmade earrings with Roman blue and turquoise glass beads in a design with double pendants. The ancient beads are restrung with modern fittings, making them suitable for modern wear while preserving their historical charm.<br><br>Length: ± 54,5 mm<br>Diameter beads: ± 7,8 mm<br><br>Condition: good condition and wearable. The ancient beads are restrung and combined with modern gold-plated spacer beads and fittings. Signs of wear consistent with age and use. See images.<br>Composed with beads originating from various old collections, acquired in the UK between 2016-2024.<br><br>Every ancient bead shows subtle variations and signs of age, reflecting its history and adding to the unique charm of every composition.<br><br>Certificate of Authenticity (PDF) is available upon request for lots with a hammer price of €100 or higher.<br><br>ANCIENT GLASS<br>Glass has always been found in nature, but the humans first created glass about 4.000 years ago. when ancient craftsmen in Mesopotamia discovered the art of mixing sand, soda and lime to make glass.<br>For centuries, glass was a luxury item and reserved for the upper classes.<br><br>Glassmaking centers around the Mediterranean world experimented with new techniques (casting, core-forming, mosaic glass) and with colours by adding metallic oxides (cobalt, copper, etc) to the mixture.<br><br>The Romans learned the glass-making craft after the conquest of Egypt in the 1st century BC. During the 1st century AD the glassblowing technique revolutionized the production and made it possible to produce larger quantities. By adding manganese dioxide Roman glassmakers successfully produced colourless or ‘aqua’ glass for the first time.<br><br>Roman glass became a very popular material, used for beads, glass windows, mosaic tiles, tableware pieces etc. Roman glass was traded all over the Roman Empire and far beyond to Central Africa, Scandinavia and via the Silk Route to China.<br>";"Archaeology";"https://prf.hn/click/camref:1100l5ti9K/creativeref:1100l187865/destination:https%3A%2F%2Fwww.catawiki.com%2Fen%2Fl%2F97557405";"https://assets.catawiki.nl/assets/2025/8/29/6/3/0/630ce2c1-2411-412e-bede-741ae64508c6.jpg";"https://assets.catawiki.nl/assets/2025/8/29/3/7/c/37c43410-23bf-496f-af28-8af3c7955221.jpg";"https://assets.catawiki.nl/assets/2025/8/29/c/3/d/c3de7a2e-1b2f-4015-9e64-ef1d7f1ae1f2.jpg";"97557405";"";"2025-11-09 17:25:55"
"Nomads Bronze, Stunning White Stone Ring (No Reserve Price)";"A Very Nice Nomad Ring 9-13 AD<br>Stunning White Stone<br>Very high condition<br><br>Weight: 4.33 grams<br>Size: 16.5 x 14.9 mm<br>Material: Bronze<br>See images for your own impression.<br>Own private collection inherited from Grandfather, who built the collection in the 1960's """;"Archaeology";"https://prf.hn/click/camref:1100l5ti9K/creativeref:1100l187865/destination:https%3A%2F%2Fwww.catawiki.com%2Fen%2Fl%2F98898378";"https://assets.catawiki.nl/assets/2025/10/29/6/6/7/66780a20-5c27-40ef-ad38-cce4da43075f.jpg";"https://assets.catawiki.nl/assets/2025/10/29/1/b/9/1b9af7a9-5c53-4294-a1c7-5f28c2607f4c.jpg";"https://assets.catawiki.nl/assets/2025/10/29/d/a/d/dad04b9b-5db8-4c44-91e8-ef494f9bc11a.jpg";"98898378";"";"2025-11-09 17:31:20"
"Ancient Roman Ring with wire-wrapped Roman glass beads";"Please note: due to customs regulations we can only ship inside the European Union. Please ensure you have a valid EU shipping address before placing a bid. <br><br>Ring with wire-wrapped Roman blue and turquoise glass bead. The authentic Roman beads are set on a modern gold-plated ring.<br><br>The wire wrapping technique dates back from ca. 2000 BC and was a favourite technique of jewellery makers of ancient civilizations.<br><br>Outside diameter: ± 23,8 mm<br>Inside diameter: ± 20,6 - 15,3 mm<br>Size bead: ± 9 mm<br><br>Condition: good condition and wearable. The ancient beads are set on a modern gold-plated ring. Signs of wear consistent with age and use. See images.<br>Composed with beads originating from various old collections, acquired in the UK between 2016-2024.<br><br>Every ancient bead shows subtle variations and signs of age, reflecting its history and adding to the unique charm of every composition.<br><br>Certificate of Authenticity (PDF) is available upon request for lots with a hammer price of €100 or higher.<br><br><br>ANCIENT GLASS<br>Glass has always been found in nature, but the humans first created glass about 4.000 years ago. when ancient craftsmen in Mesopotamia discovered the art of mixing sand, soda and lime to make glass.<br>For centuries, glass was a luxury item and reserved for the upper classes.<br><br>Glassmaking centers around the Mediterranean world experimented with new techniques (casting, core-forming, mosaic glass) and with colours by adding metallic oxides (cobalt, copper, etc) to the mixture.<br><br>The Romans learned the glass-making craft after the conquest of Egypt in the 1st century BC. During the 1st century AD the glassblowing technique revolutionized the production and made it possible to produce larger quantities. By adding manganese dioxide Roman glassmakers successfully produced colourless or ‘aqua’ glass for the first time.<br><br>Roman glass became a very popular material, used for beads, glass windows, mosaic tiles, tableware pieces etc. Roman glass was traded all over the Roman Empire and far beyond to Central Africa, Scandinavia and via the Silk Route to China.<br>";"Archaeology";"https://prf.hn/click/camref:1100l5ti9K/creativeref:1100l187865/destination:https%3A%2F%2Fwww.catawiki.com%2Fen%2Fl%2F98885669";"https://assets.catawiki.nl/assets/2025/10/29/f/f/e/ffe9d738-3416-4679-8a27-c93e417244c1.jpg";"https://assets.catawiki.nl/assets/2024/8/5/f/4/c/f4ccc090-8d82-4acb-b0b9-da28db572a02.jpg";"https://assets.catawiki.nl/assets/2024/8/5/4/d/0/4d01a5ed-db2d-4c33-b582-70a0f5149f89.jpg";"98885669";"";"2025-11-09 17:30:15"
"Byzantine Bronze, Stunning Maria Pendant";"Bronze High Priest Cross Byzantine 7-10 AD<br>Rare image of the Virgin Mary<br><br>Weight: 38.58 grams<br>Height: 87.5 mm<br>Wide: 54.2 mm<br>Material: Bronze<br>See image for your own impression<br>Own private collection inherited from Grandfather, who built the collection in the 1960's """;"Archaeology";"https://prf.hn/click/camref:1100l5ti9K/creativeref:1100l187865/destination:https%3A%2F%2Fwww.catawiki.com%2Fen%2Fl%2F98889763";"https://assets.catawiki.nl/assets/2025/10/29/3/1/4/31499191-ed6c-4925-a1de-4d0f97e8df95.jpg";"https://assets.catawiki.nl/assets/2025/10/29/e/8/1/e81cc0de-8a9c-4ed2-8fb1-fe786ca23839.jpg";"https://assets.catawiki.nl/assets/2025/10/29/3/4/0/340e23a6-167a-4eef-898e-0e2b1e156063.jpg";"98889763";"";"2025-11-09 17:37:50"
"Medieval Bronze, Stunning Archer thumb Ring (No Reserve Price)";"A stunning medieval thumb ring for archers from 8-12 AD.<br>Very nice decoration<br><br>Were introduced by the armies of Genghis Khan.<br><br>Weight: 10.71 grams<br>Size: 21.8 x 19.7 mm inside<br>Dimensions: 35.1 mm<br>Material: Bronze<br>See images for your own impression.<br>Own private collection inherited from Grandfather, who built the collection in the 1960's """;"Archaeology";"https://prf.hn/click/camref:1100l5ti9K/creativeref:1100l187865/destination:https%3A%2F%2Fwww.catawiki.com%2Fen%2Fl%2F98889362";"https://assets.catawiki.nl/assets/2025/10/29/5/8/d/58de6fc2-e683-4433-a211-0c30bae4357d.jpg";"https://assets.catawiki.nl/assets/2025/10/29/b/2/4/b24315e8-bc07-45c2-bd39-f19b254c2837.jpg";"https://assets.catawiki.nl/assets/2025/10/29/0/f/9/0f9e6401-8e45-4bf8-af7e-9b7d798d59c4.jpg";"98889362";"";"2025-11-09 17:54:05"
"Medieval Silver Seal Ring with Gothic 'M' monogram 'Mary'";"Please note: due to customs regulations we can only ship inside the European Union. Please ensure you have a valid EU shipping address before placing a bid. <br><br>Medieval silver seal ring with a circular bezel engraved with a Gothic letter M for the Virgin Mary, linear border around. Plain ring band.<br><br>Outside diameter: ± 21,7 mm<br>Inside diameter: ± 19,3 - 19,6 mm<br>Bezel: ± 16,6 mm<br><br>Condition: good and solid condition, wearable. Signs of wear consistent with age and use.<br>Certificate of Authenticity: available upon request (pdf-format).<br><br>";"Archaeology";"https://prf.hn/click/camref:1100l5ti9K/creativeref:1100l187865/destination:https%3A%2F%2Fwww.catawiki.com%2Fen%2Fl%2F98896315";"https://assets.catawiki.nl/assets/2025/9/28/2/5/7/257aadef-e670-4f85-9074-6b34a518450a.jpg";"https://assets.catawiki.nl/assets/2025/9/28/e/9/f/e9f6c848-89a1-42c1-aeaa-3d153ea284e8.jpg";"https://assets.catawiki.nl/assets/2025/9/28/a/6/0/a6069018-bd32-4f67-b7e6-e8605eb23275.jpg";"98896315";"";"2025-11-09 17:33:30"
"Byzantine Stunning High Priest Seal Ring (No Reserve Price)";"Extremely Rare Bronze Byzantine Seal Ring 8-10 AD<br>Bezel Show High Priest<br>Ring has a lovely old patina.<br><br>Weight: 5.54 grams<br>Ring Size: 17.1 x 16.2 mm<br>Material: Bronze<br>T.N. Pollio<br>See images for your own impression.<br>Own private collection inherited from Grandfather, who built the collection in the 1960's """;"Archaeology";"https://prf.hn/click/camref:1100l5ti9K/creativeref:1100l187865/destination:https%3A%2F%2Fwww.catawiki.com%2Fen%2Fl%2F98890037";"https://assets.catawiki.nl/assets/2025/10/29/f/b/e/fbed36a0-1eea-4878-93a3-aae0f8eefabe.jpg";"https://assets.catawiki.nl/assets/2025/10/29/d/f/8/df88af0b-f3ee-43f8-b321-fb8018151341.jpg";"https://assets.catawiki.nl/assets/2025/10/29/2/0/9/2093aab1-29dd-4dd9-977f-78c0a46ee506.jpg";"98890037";"";"2025-11-09 17:46:30"
"Ancient Roman Bronze, Lot of 5 Seals Ring (No Reserve Price)";"A set of 5 bronze seal rings from 3-4 AD, Roman period.<br>Very nice pieces.<br><br>Weight: 26.52 grams<br>Size: Various mm<br>Material: Bronze<br>See images for your own impression.<br>Own private collection inherited from Grandfather, who built the collection in the 1960's """;"Archaeology";"https://prf.hn/click/camref:1100l5ti9K/creativeref:1100l187865/destination:https%3A%2F%2Fwww.catawiki.com%2Fen%2Fl%2F98795777";"https://assets.catawiki.nl/assets/2025/10/25/8/e/b/8ebca3a6-8699-438a-a9f0-f2cfcc436231.jpg";"https://assets.catawiki.nl/assets/2025/10/25/b/6/2/b620557b-0993-4701-ac5a-04eb6ce232e5.jpg";"https://assets.catawiki.nl/assets/2025/10/25/f/7/6/f765684a-b418-437e-9da1-0ad93d9ce65b.jpg";"98795777";"";"2025-11-09 17:16:10"
"Medieval, Crusaders Era Silver, Interesting eagle seal Ring (No Reserve Price)";"A Interesting Silver Crusader Eagle Seal Ring 11-14 AD<br>Interesting Eagle Engraving<br>High Quality .<br><br>Weight: 4.88 Gram<br>Ring Size: 20.9 x 18.9 mm<br>Silver<br>T.N. Pollio<br>See images for your own impression.<br>Own private collection inherited from Grandfather, who built the collection in the 1960's """;"Archaeology";"https://prf.hn/click/camref:1100l5ti9K/creativeref:1100l187865/destination:https%3A%2F%2Fwww.catawiki.com%2Fen%2Fl%2F98891183";"https://assets.catawiki.nl/assets/2025/10/29/2/d/3/2d3e0e02-ad60-458e-83ba-dbd9f05cc244.jpg";"https://assets.catawiki.nl/assets/2025/10/29/a/4/3/a43d5d59-348d-425c-9616-765a2edcadc9.jpg";"https://assets.catawiki.nl/assets/2025/10/29/7/8/e/78e00421-488e-471b-915f-0c34a2affe4a.jpg";"98891183";"";"2025-11-09 17:35:40"
"Ancient Greek modern Coin pendant with ancient Greek coin - Nike and Medusa/Gorgon's head";"Attention: due to customs regulations we can only ship inside the European Union. Please ensure you have a valid EU shipping address before placing a bid. <br><br>Coins, symbols of power - struck in metal. From Emperors to Kings, rulers struck their image and ideals into coins, turning currency into one of history’s most enduring propaganda tools. These small objects passed daily through the hands of ordinary people, spreading messages of authority with every exchange. <br><br>Modern custom-made silver pendant with an authentic ancient Greek coin. The coin may be easily removed from the pendant frame if preferred. The pendant will be delivered with a lobster clasp attached.<br><br>Coin: Æ22, Pontos, Amisos, ca 105-63 BC<br><br>Obverse: Aegis with Gorgon's head at centre. <br>Reverse: AΜΙΣΟΥ, Nike advancing right, holding wreath and palm branch, between two monograms. <br><br>Diameter pendant: ± 27 mm<br>Ref: SNG BM Black Sea 1177; HGC 7, 242.<br><br>Condition: very fine condition, smooth and dark patina, wearable. Signs of wear consistent with age and use.<br>Certificate of Authenticity: available upon request (pdf-format).<br><br>AMISOS, otherwise known as Samsunta by the Greeks, is today's Samsun, a city situated on the shoreline of the historic region of Pontus, in today's Turkey.<br>The city was colonised in the 8th century BC and because of its strategic location it played an important political and economical role during the Hellenistic, Roman and Byzantine period.<br>Amisos was a rich commercial center under the kings of Pontus, a royal residence and fortress of Mithridates, and is sometimes considered as the home of the fabled Amazons.<br><br>People from Miletus settled there around 760-750 BC and established a flourishing trade relationship with the ancient peoples of Anatolia. Amisos came under the rule of the Persian Empire, Alexander the Great's Macedonian Empire, and then the Kingdom of Pontus. The Romans took control in 47 BC and Amisos remained within the Byzantine Empire after the fall of Rome. In 1200 AD the city was captured by the Seljuks, to be later taken over by the Ilhanlilar. <br>";"Archaeology";"https://prf.hn/click/camref:1100l5ti9K/creativeref:1100l187865/destination:https%3A%2F%2Fwww.catawiki.com%2Fen%2Fl%2F99077287";"https://assets.catawiki.nl/assets/2025/9/15/1/6/9/1699b5ba-a456-48f1-8097-ca8650291216.jpg";"https://assets.catawiki.nl/assets/2025/9/15/7/5/2/752cbb9d-150a-4896-b4b0-76a1fc6c7f5f.jpg";"https://assets.catawiki.nl/assets/2025/9/15/d/4/e/d4e84111-f755-4b98-a067-b3ce03c41ae1.jpg";"99077287";"110";"2025-11-16 18:04:55"
"Ancient Egypt, Greco–Roman Period Necklace with Egyptian faience and carnelian beads";"Attention: due to customs regulations we can only ship inside the European Union. Please ensure you have a valid EU shipping address before placing a bid. <br><br>Necklace with Egyptian faience, coral and glass beads from the Ptolemaic - Roman period. The authentic ancient beads are restrung with modern materials making them suitable for modern wear while preserving their historical charm.<br><br>Length: ± 47 cm<br>Diameter beads: ± 10,2 mm maximum<br><br>Condition: good condition and wearable. The ancient beads are restrung and combined with modern gold-plated spacer beads and fittings. Signs of wear consistent with age and use. See images.<br>Composed with beads originating from various old collections, acquired in the UK between 2016-2024.<br><br>Every ancient bead shows subtle variations and signs of age, reflecting its history and adding to the unique charm of every composition.<br><br>Certificate of Authenticity (PDF) is available upon request.<br><br><br>CORAL<br>Due to its comparative rarity, coral is likely to have been prized by the ancient Egyptians. The ownership of such items also implied wealth and status for the wearer.<br>Ancient Egyptians used coral pieces in tombs as protection against evil spirits in the afterworld, as they believed it contains a drop of divine blood. <br>The Romans hung branches of coral around the necks of their children to protect them from danger. <br><br>In general, coral is a symbol of modesty, wisdom, happiness and immortality. It is believed it can help with spasms of intestines, sleeplessness, and bladder stones; and to be helpful in reducing stress, fears, depression and nightmares. <br><br>CARNELIAN<br>The Egyptians believed carnelian had magical powers; it was believed it could ward off evil, help the blood circulation and make the skin look healthy and youthful. <br>Carnelian was known as the 'Blood of Isis' (Goddess of nature and guide of souls to the Underworld). Accordingly, a carnelian amulet called a 'thet' was placed on mummies to assist the dead in their journey to the afterlife. <br>The Egyptian faith in carnelian was so strong that, along with turquoise and lapis lazuli, it was the most used stone in ancient Egyptian jewellery.<br><br>FAIENCE<br>Faience was very popular and widely used in ancient Egypt. The earliest evidence of faience production was discovered in a 7500 year old workshop near the temple in Abydos. The production and style of faience changed through Egyptian history. <br><br>Different colourants were used for aesthetic and symbolic purposes, or to imitate the more expensive and rare semi-precious gemstones like turquoise, carnelian, lapis lazuli, garnets or obsidian. Egyptians believed that faience in the colour of gemstones had the same properties. Red had protective powers, dark lapis blue gave strength, courage and wisdom, bright turquoise was associated with fertility and offered protection to the wearer. <br><br>As faience was more available than semi-precious gemstones it became a popular and widely used material for small objects like scarabs and other forms of amulets, beads, jewellery, small size statuettes, cosmetic vessels and ritual objects.<br><br>In ancient Egypt, faience objects were seen as magical, reflecting the eternal shimmer of the sun and infused with the powers of rebirth and sparkle with the brilliance of eternity.";"Archaeology";"https://prf.hn/click/camref:1100l5ti9K/creativeref:1100l187865/destination:https%3A%2F%2Fwww.catawiki.com%2Fen%2Fl%2F99083137";"https://assets.catawiki.nl/assets/2025/9/2/6/0/2/602d9bf2-67f6-4ba8-be0d-d8fd9e9dfd7a.jpg";"https://assets.catawiki.nl/assets/2025/9/2/5/d/9/5d923506-f458-4b80-913d-c4d56dcbeffd.jpg";"https://assets.catawiki.nl/assets/2025/9/2/2/8/b/28ba701c-f8a1-439d-841d-7e02313b55b3.jpg";"99083137";"1";"2025-11-16 17:01:00"
"Ancient Roman Pendant, with Roman glass beads";"Attention: due to customs regulations we can only ship inside the European Union. Please ensure you have a valid EU shipping address before placing a bid. <br><br>Handcrafted pendant featuring Roman green glass beads. The pendant showcases an elegant design with multiple drops. The authentic ancient beads are restrung with modern fittings, combining historical charm with contemporary wearability.<br>This pendant will be delivered in a jewellery box, a perfect gift for any occasion.<br><br>Length: ± 62 mm<br>Diameter beads: ± 5,5 mm maximum<br><br>Condition: good condition and wearable. The ancient beads are restrung and combined with modern gold-plated spacer beads and fittings. Signs of wear consistent with age and use. See images.<br>Composed with beads originating from various old collections, acquired in the UK between 2016-2024.<br><br>Every ancient bead shows subtle variations and signs of age, reflecting its history and adding to the unique charm of every composition.<br><br>Certificate of Authenticity (PDF) is available upon request.<br><br><br>ANCIENT GLASS<br>Glass has always been found in nature, but the humans first created glass about 4.000 years ago. when ancient craftsmen in Mesopotamia discovered the art of mixing sand, soda and lime to make glass.<br>For centuries, glass was a luxury item and reserved for the upper classes.<br><br>Glassmaking centers around the Mediterranean world experimented with new techniques (casting, core-forming, mosaic glass) and with colours by adding metallic oxides (cobalt, copper, etc) to the mixture.<br><br>The Romans learned the glass-making craft after the conquest of Egypt in the 1st century BC. During the 1st century AD the glassblowing technique revolutionized the production and made it possible to produce larger quantities. By adding manganese dioxide Roman glassmakers successfully produced colourless or ‘aqua’ glass for the first time.<br><br>Roman glass became a very popular material, used for beads, glass windows, mosaic tiles, tableware pieces etc. Roman glass was traded all over the Roman Empire and far beyond to Central Africa, Scandinavia and via the Silk Route to China.<br>";"Archaeology";"https://prf.hn/click/camref:1100l5ti9K/creativeref:1100l187865/destination:https%3A%2F%2Fwww.catawiki.com%2Fen%2Fl%2F99083232";"https://assets.catawiki.nl/assets/2025/10/5/c/1/e/c1e1aa38-bef9-4628-a982-1d3c666c5f83.jpg";"https://assets.catawiki.nl/assets/2025/10/5/1/a/b/1aba14aa-ffc1-4662-b802-d18df71c6bce.jpg";"https://assets.catawiki.nl/assets/2025/10/5/5/6/1/561f60ed-aa76-473c-b1d7-e157970a61ce.jpg";"99083232";"40";"2025-11-16 17:56:15"
"Ancient Egyptian Necklace made of Glass and Faience Mummy beads with Lapis Eye of Horus/Wedjat - 43 cm (No Reserve Price)";"IMPORTANT!<br>Due to new custom regulations we can no longer ship outside the E.U. Please make sure you have an EU shipping address before bidding.<br><br>- Strung on modern wire with Silver Lobster Lock (925).<br><br>- Total length: 43 cm. Hanger: 3 cm. Average bead size: 3-4 mm.<br><br>- The Wedjat/Udjat or Eye of Horus is an ancient Egyptian symbol for protection, nobility and good health. These amulets were worn and given for protection in life and death.<br><br>- See last picture as a parallel: https://prf.hn/click/camref:1100l5ti9K/creativeref:1100l187865/destination:https%3A%2F%2Fwww.bmimages.com%2Fpreview.asp%3Fimage%3D00098767001<br><br>Registered shipping.<br><br>Provenance/Known History:<br><br>Ancient Egyptian Faience Mummy beads: Ex William Ohly 1883-1955, Abbey Museum, New Barnet, by descent. After that A&O Gallery, UK.<br><br>Ancient Egyptian Lapis Eye of Horus/Wedjat: Ex. Private UK collection. Collected before 1970. After that A.A. Gallery, UK.<br><br>Ancient Egyptian/Roman Glass beads: UK, London Art Market, 1990's. After that A&O Gallery, UK.<br><br>Important information:<br><br>- A declaration of authenticity by my shop is provided with this lot.<br><br>- Invoices, import- and export papers etc. will not be shared with customers.<br><br>- Please do not pay for a won item before you are finished bidding in the auction. The system will not be able to combine your orders into one shipping if all items aren't paid at once.";"Archaeology";"https://prf.hn/click/camref:1100l5ti9K/creativeref:1100l187865/destination:https%3A%2F%2Fwww.catawiki.com%2Fen%2Fl%2F99085647";"https://assets.catawiki.nl/assets/2025/11/6/5/6/5/56551955-b45a-41d6-bb4a-243071ce781d.jpg";"https://assets.catawiki.nl/assets/2025/11/6/6/3/e/63e4533d-97d7-4937-aef2-b9294da17d07.jpg";"https://assets.catawiki.nl/assets/2025/11/6/6/0/7/6076df9c-3fdc-429b-a70d-6ce5a2a4e6d2.jpg";"99085647";"1";"2025-11-16 17:19:25"
"Scythian Pendant of a bronze arrowhead. Excellent condition. (No Reserve Price)";"Pendant of a Scythian bronze arrowhead.Excellent condition.<br><br>Scythian bronze arrowhead, double-bladed, with a socket. The arrowhead is mounted in a modern bow, allowing it to be worn as a pendant. The pendant will be delivered with a leather jewelry cord with a carabiner.<br>Condition: Excellent solid condition, dark smooth and shiny patina. Signs of wear consistent with age and use.Look at many photos for your own impression.<br><br>Size arrowhead : 34 x 8 mm.<br>Weight: 2.58 grams.<br>The item was purchased in 2015 in Barcelona, ​​Spain from G.A. as part of a private Spanish collection dating back to the 1980s.";"Archaeology";"https://prf.hn/click/camref:1100l5ti9K/creativeref:1100l187865/destination:https%3A%2F%2Fwww.catawiki.com%2Fen%2Fl%2F98422585";"https://assets.catawiki.nl/assets/2025/10/9/6/6/9/6699c199-2444-4eb5-91dd-0677060daaab.jpg";"https://assets.catawiki.nl/assets/2025/10/9/d/f/2/df2e5754-42b1-491d-a984-0f0491592d86.jpg";"https://assets.catawiki.nl/assets/2025/10/9/6/9/2/692d54d2-fc8a-4d33-a3fb-4b62b9d5496c.jpg";"98422585";"1";"2025-11-16 17:31:20"
"Ancient Roman, Empire Ring with wire-wrapped Roman rock crystal bead";"Attention: due to customs regulations we can only ship inside the European Union. Please ensure you have a valid EU shipping address before placing a bid. <br><br>Ring with Roman wire-wrapped rock crystal bead, set on a modern gold-plated ring. <br><br>The wire-wrapping technique, dating back to around 2000 BC, was a favoured method among ancient jewellery makers of many ancient civilizations. Renowned for its versatility and durability, this technique was cherished throughout history for creating intricate and timeless designs.<br><br>Outside diameter: ± 23,2 mm<br>Inside diameter: ± 20 x 16,1 mm<br>Diameter bead: ± 13,3 mm<br><br>Condition: good condition and wearable. The ancient bead is combined with modern material and fittings. Signs of wear consistent with age and use. See images.<br>Composed with beads originating from various old collections, acquired in the UK between 2016-2024.<br><br>Every ancient bead shows subtle variations and signs of age, reflecting its history and adding to the unique charm of every composition.<br><br>Certificate of Authenticity available upon request (pdf-document).<br><br>Rock crystal, a transparent and colourless quartz, was believed by the ancients to be formed from ice which had hardened into stone through intense freezing. <br>Pliny the Elder reports that it was. found in many places, but the best was brought from India. <br><br>It was highly valued by the Romans and throughout history was used for decorative objects or in jewellery. It is associated with new beginnings and as a harbinger of all things possible. It is also believed to enhance harmony, spiritual growth and wisdom, and it can increase inspiration, creativity and help with concentration.";"Archaeology";"https://prf.hn/click/camref:1100l5ti9K/creativeref:1100l187865/destination:https%3A%2F%2Fwww.catawiki.com%2Fen%2Fl%2F99083511";"https://assets.catawiki.nl/assets/2025/5/8/d/0/f/d0f01706-905e-4c2b-bee4-cd101c45f92a.jpg";"https://assets.catawiki.nl/assets/2025/5/8/9/c/c/9cc99eec-6ec2-4213-b42c-ef3d90f72df0.jpg";"https://assets.catawiki.nl/assets/2025/5/8/5/0/9/50987c77-f104-44df-8d2d-fe0536a4321f.jpg";"99083511";"1";"2025-11-16 18:02:45"
"Ancient Roman Agate Bust of Serapis Intaglio";"Attention: due to customs regulations we can only ship inside the European Union. Please ensure you have a valid EU shipping address before placing a bid. <br><br>Ancient Roman large size high quality agate intaglio showing a bearded bust of Serapis in profile to the left. He is identified by the modius on top of his head which emphasized his associations with abundance and the underworld. The intaglio has a very attractive colouring including various tones of red, brown- and white bands. <br><br>Size: ± 19,4 x 14 x 3,4 mm<br>Condition: very good condition, high quality carving. Signs of wear consistent with age and use. See images.<br>Reference: The Walters Art Museum 42.977. <br><br>Certificate of Authenticity: available upon request (pdf-format).<br><br>Serapis or Sarapis was a Greco-Roman god, derived from the Egyptian Osiris and Apis. The cult of Serapis was popularized in the 3rd century BC as a means to unify the Greek and Egyptian subjects of the Ptolemaic Kingdom. Serapis was worshipped throughout the Roman world in the guise of Zeus, ruler of the heavens, or that of Hades, god of the Underworld. This small figure wears the Egyptian modius (grain measure) headdress and carries a cornucopia (horn of plenty) to symbolize a plentiful food supply.<br><br>";"Archaeology";"https://prf.hn/click/camref:1100l5ti9K/creativeref:1100l187865/destination:https%3A%2F%2Fwww.catawiki.com%2Fen%2Fl%2F99078516";"https://assets.catawiki.nl/assets/2025/4/1/0/e/5/0e5279ca-6686-4666-97e6-ddcf9ccf923a.jpg";"https://assets.catawiki.nl/assets/2025/4/1/6/e/7/6e748a69-595b-497d-9998-111778cb4be1.jpg";"https://assets.catawiki.nl/assets/2025/4/1/f/d/6/fd6f496c-328d-46af-a3e3-777c4103a7f1.jpg";"99078516";"25";"2025-11-16 17:24:50"
"Ancient Egyptian to Roman Glass over 100 ancient beads (No Reserve Price)";"A selection of over 100 Roman and Ancient Egyptian mixed media beads consisting of glass, faience ,agate and Lapiz Lazuli.<br>From my own collection since 1997.<br>circa 500 BC-400 AD <br>Comes with provenance statement<br>Sent by tracked and signed post.";"Archaeology";"https://prf.hn/click/camref:1100l5ti9K/creativeref:1100l187865/destination:https%3A%2F%2Fwww.catawiki.com%2Fen%2Fl%2F99030011";"https://assets.catawiki.nl/assets/2025/11/4/c/7/1/c71b9ecd-9527-4d45-941b-e6514c41ccd8.jpg";"https://assets.catawiki.nl/assets/2025/11/4/2/a/4/2a4e7532-65ce-4f6d-98fa-66f68cd7ed80.jpg";"https://assets.catawiki.nl/assets/2025/11/4/f/d/5/fd5a43c5-b302-497c-a05b-7791069a1bc9.jpg";"99030011";"3";"2025-11-16 18:03:50"
"Ancient Egyptian to Roman Glass over 100 ancient beads (No Reserve Price)";"A selection of over 100 Roman and Ancient Egyptian mixed media beads consisting of glass, faience ,agate and Lapiz Lazuli.<br>From my own collection since 1997.<br>circa 500 BC-400 AD <br>Comes with provenance statement<br>Sent by tracked and signed post.";"Archaeology";"https://prf.hn/click/camref:1100l5ti9K/creativeref:1100l187865/destination:https%3A%2F%2Fwww.catawiki.com%2Fen%2Fl%2F99049875";"https://assets.catawiki.nl/assets/2025/11/5/c/6/d/c6d316e3-35d3-49f3-9162-51ee5ec54c4a.jpg";"https://assets.catawiki.nl/assets/2025/11/5/9/c/9/9c98f546-784a-440f-8c2e-1c93ec9a368d.jpg";"https://assets.catawiki.nl/assets/2025/11/5/5/e/2/5e2de951-2911-4e72-8045-0d7413bdc6eb.jpg";"99049875";"6";"2025-11-16 17:42:10"
"Ancient Roman Gold Cylindrical Pendant - 1.7 cm (No Reserve Price)";"IMPORTANT!<br>Due to new custom regulations we can no longer ship outside the E.U. Please make sure you have an EU shipping address before bidding.<br><br>- Weight: 2052 mg.<br><br>Registered shipping.<br><br>Provenance/Known History:<br><br>Ex. Private collection of a deceased Japanese gentleman, acquired between 1970 and 2010. After that A&O Gallery, UK.<br><br>Important information:<br><br>- A declaration of authenticity by my shop is provided with this lot.<br><br>- Invoices, import- and export papers etc. will not be shared with customers.<br><br>- Please do not pay for a won item before you are finished bidding in the auction. The system will not be able to combine your orders into one shipping if all items aren't paid at once.<br><br><br><br><br>Catawiki disclaimer: This piece has been dated based on style by the seller . No further tests, such as, a TL test, analysis of metals(XRF-test), lapidary tests, analysis of pigments or radiography scans have been conducted to check the integrity of the piece.";"Archaeology";"https://prf.hn/click/camref:1100l5ti9K/creativeref:1100l187865/destination:https%3A%2F%2Fwww.catawiki.com%2Fen%2Fl%2F99024016";"https://assets.catawiki.nl/assets/2025/11/4/0/9/c/09cd66cf-5a4a-4ed9-a401-170ddb50faa7.jpg";"https://assets.catawiki.nl/assets/2025/11/4/0/e/2/0e2e704c-7346-486e-bc91-14cb2fff3115.jpg";"https://assets.catawiki.nl/assets/2025/11/4/0/d/9/0d94955a-8a09-4ebe-95c6-1cc63943ffae.jpg";"99024016";"2";"2025-11-16 17:09:40"
"Medieval, Crusaders Era Silver Ring with Engraved Monogram";"Beautiful Medieval Time of Crusader Knights silver ring engraved with Monogram. <br><br>It is intricately engraved with a monogram, possibly a ""D"" or an ""I."" Likely used as a seal ring, it would have been employed to mark documents or letters with a personal symbol.<br><br>Material: Silver<br>Weight: 2,94 grams<br>Date: Medieval period, 12th - 14th century<br>Measurement: 23 x 22 mm (overall), internal diameter: 19 mm/ USA 9 (ringsize)<br>Condition: Extremely fine condition, see pictures<br><br>International registered Delivery. <br><br>Provenance: The Supplier warrants that it has obtained this lot in a legal manner.<br>Previously the property from a U.K. art dealer; acquired on the European art market in the 1990s<br><br>Important information: <br>The Seller can prove that the lot was obtained legally , provenance statement seen by Catawiki. <br>Important information. The seller guarantees that he is entitled to ship this lot. <br>The seller will take care that any necessary permits will be arranged. <br>The seller will inform the buyer about this if this takes more than a few days.";"Archaeology";"https://prf.hn/click/camref:1100l5ti9K/creativeref:1100l187865/destination:https%3A%2F%2Fwww.catawiki.com%2Fen%2Fl%2F94652219";"https://assets.catawiki.nl/assets/2024/11/3/9/1/9/91997cf9-a4da-4061-b3c5-27fbdb1a61f9.jpg";"https://assets.catawiki.nl/assets/2024/11/13/3/4/9/349fcf1d-4aa8-49ea-a49d-8ae264be1ab2.jpg";"https://assets.catawiki.nl/assets/2024/11/13/a/7/1/a7107fb3-b1cb-4b0e-b497-df3665163728.jpg";"94652219";"1";"2025-11-16 17:35:40"
"Scythian Pendant of a Scythian bronze arrowhead.Excellent condition. (No Reserve Price)";"Pendant of a Scythian bronze arrowhead.Excellent condition.<br><br>Scythian bronze arrowhead, three-bladed type with socket. The arrowhead is mounted in a modern bow, allowing it to be worn as a pendant. The pendant will be delivered with a leather jewelry cord with a carabiner.<br>Condition: Excellent solid condition, dark smooth and shiny patina. Signs of wear consistent with age and use.Look at many photos for your own impression.<br><br>Size arrowhead : 28 x 7 mm.<br>Weight: 2.79 grams.<br>The item was purchased in 2015 in Barcelona, ​​Spain from G.A. as part of a private Spanish collection dating back to the 1980s.";"Archaeology";"https://prf.hn/click/camref:1100l5ti9K/creativeref:1100l187865/destination:https%3A%2F%2Fwww.catawiki.com%2Fen%2Fl%2F98714570";"https://assets.catawiki.nl/assets/2025/10/22/1/4/a/14a5dc0c-3184-4ad8-9e64-1019d940f7e8.jpg";"https://assets.catawiki.nl/assets/2025/10/22/f/2/f/f2f9227c-4fe4-41fc-b2a6-8059ad96bbb9.jpg";"https://assets.catawiki.nl/assets/2025/10/22/6/c/8/6c8ed9cf-e6d5-4f21-acb7-b785dcb78091.jpg";"98714570";"1";"2025-11-16 18:00:35"
"Ancient Roman, Republic Glass Ancient Roman Irridescence Glass Bead Necklace – ca. 1st–3rd Century AD (No Reserve Price)";"Ancient Roman Irridescence Glass Bead Necklace – ca. 1st–3rd Century AD<br><br>A finely preserved ancient Roman glass bead, mounted as a modern necklace. The bead is carved from beautiful green glass, displaying a stunning natural iridescence that shimmers with hues of gold, blue, and violet — the result of millennia of gentle weathering. Its simple geometric form reflects the Roman appreciation for both beauty and practicality in personal adornment, combining timeless elegance with historical depth.<br><br><br>Period: Roman Empire, circa 1st–3rd century AD<br><br>Dimensions: String length approx. 17 in (43 cm)<br><br>Weight: Approx. 6 g (including string)<br><br><br>Please Note:<br>The chain is a chrome-plated, gold-toned chain that will develop a patina after a few weeks of daily wear. For this reason, we will provide you with a replacement chain should you wish to change it later. However, we advise using specialized tools for this.<br><br><br>Condition: Good, intact bead with surface wear and patina consistent with age. The mounting and string are modern for wearable presentation.<br><br>This piece is a fine example of ancient craftsmanship, repurposed into an elegant necklace suitable for both collectors of antiquities and lovers of unique, wearable history.<br><br>Provenance: From a private collection, acquired on the European art market.<br><br>Please Note:<br>The chain is a chrome-plated, gold-toned chain that will develop a patina after a few weeks of daily wear. For this reason, we will provide you with a replacement chain should you wish to change it later. However, we advise using specialised tools for this.<br><br>Note: The seller guarantees that this item has been legally acquired and is entitled to sell it.<br><br><br><br>****Please note: Orders shipped outside the EU may be subject to customs fees and import duties.****";"Archaeology";"https://prf.hn/click/camref:1100l5ti9K/creativeref:1100l187865/destination:https%3A%2F%2Fwww.catawiki.com%2Fen%2Fl%2F98927802";"https://assets.catawiki.nl/assets/2025/10/30/3/f/f/3ff87d18-e65f-42e6-a52f-576f32bd5c7a.jpg";"https://assets.catawiki.nl/assets/2025/10/30/9/f/6/9f6c0b3e-22c8-4771-89e2-99890726f6c7.jpg";"https://assets.catawiki.nl/assets/2025/10/30/9/c/d/9cdf5840-339d-4518-bf5d-b9982c6a35a1.jpg";"98927802";"1";"2025-11-16 17:55:10"
"Medieval, Crusaders Era Bronze Seal Ring with Monogram R and Templar cross";"An ancient Medieval Time of Crusader Knights bronze ring with Monogram R and templar cross.<br><br>Material: Bronze<br>Date: Medieval period, 11th - 13th century<br>Measurement: approx. overall 21x21 mm, ringsize: 20 mm <br>Condition: Extremely fine, wearable, see photos.<br><br>International registered Delivery.<br><br>Provenance: The Supplier warrants that it has obtained this lot in a legal manner.<br>Previously the property from a Beligian art dealer; acquired on the European art market in the 1990s<br><br>Important information:<br>The Seller can prove that the lot was obtained legally , provenance statement seen by Catawiki.<br>Important information. The seller guarantees that he is entitled to ship this lot.<br>The seller will take care that any necessary permits will be arranged.<br>The seller will inform the buyer about this if this takes more than a few days.";"Archaeology";"https://prf.hn/click/camref:1100l5ti9K/creativeref:1100l187865/destination:https%3A%2F%2Fwww.catawiki.com%2Fen%2Fl%2F98144644";"https://assets.catawiki.nl/assets/2025/9/26/3/c/6/3c689af3-acf2-41eb-928f-d27509e1ea53.jpg";"https://assets.catawiki.nl/assets/2025/9/28/c/6/9/c6987b03-d087-4ca6-995e-921801542074.jpg";"https://assets.catawiki.nl/assets/2025/9/28/9/9/f/99fa7b7b-9001-4ba3-90f3-5eb145c9e860.jpg";"98144644";"63";"2025-11-16 17:02:05"
"Medieval, Crusaders Era Silver finger ring";"Medieval silver ring with beautiful craftsmanship and a lovely patina, in very good condition. It can be worn as jewelry. Originally from an old Belgian collection from 1995. The inner diameter of the ring is 17mm.";"Archaeology";"https://prf.hn/click/camref:1100l5ti9K/creativeref:1100l187865/destination:https%3A%2F%2Fwww.catawiki.com%2Fen%2Fl%2F98966720";"https://assets.catawiki.nl/assets/2025/9/26/1/0/c/10ce03ce-c482-4823-8103-6fa4595a5746.jpg";"https://assets.catawiki.nl/assets/2025/9/26/8/d/6/8d6ec99a-1490-432a-9e7a-385c219412dc.jpg";"https://assets.catawiki.nl/assets/2025/9/26/4/5/0/45057ad9-6f31-4299-8ecc-324385b70548.jpg";"98966720";"25";"2025-11-13 21:39:20"
"Viking Era Very rare bronze amulet in the shape of a SNAKE. (No Reserve Price)";"Viking Age. Very rare bronze amulet in the shape of a SNAKE.The condition is simply excellent!<br>Can be worn as a pendant.<br>Bronze is strong!<br>Beautiful smooth dark green patina.Signs of wear consistent with age and use. Wearable.The pendant will be delivered with a leather jewelry cord with a carabiner. Look at many photos for your own impression.<br>Weight - 1.57 grams.<br>Size : 20 х16 mm.<br>Condition: Excellent, wearable,100% original.<br>The object was purchased in 2015 in Barcelona, ​​Spain, from G.A. as part of a private Spanish collection dating back to the 1980s.";"Archaeology";"https://prf.hn/click/camref:1100l5ti9K/creativeref:1100l187865/destination:https%3A%2F%2Fwww.catawiki.com%2Fen%2Fl%2F99075400";"https://assets.catawiki.nl/assets/2025/11/6/3/5/d/35da4fc8-9bae-4722-9925-1b47e092d01e.jpg";"https://assets.catawiki.nl/assets/2025/11/6/d/c/b/dcbc6ae9-0439-4489-b325-629b8b75028f.jpg";"https://assets.catawiki.nl/assets/2025/11/6/7/3/0/730a0d53-886a-48e6-98a7-7dc70208b832.jpg";"99075400";"20";"2025-11-13 20:06:50"
"Viking Era silver pendant ring. Excellent condition. (No Reserve Price)";"Viking Age silver pendant ring. Excellent condition.<br>Can be worn as a pendant.<br>Signs of wear consistent with age and use. See images.<br>Weight - 1.11 grams.<br>Size : 19 mm.<br>Condition: Excellent, intact, wearable,100% original.<br>The object was purchased in 2015 in Barcelona, ​​Spain, from GA as part of a private Spanish collection dating back to the 1980s.";"Archaeology";"https://prf.hn/click/camref:1100l5ti9K/creativeref:1100l187865/destination:https%3A%2F%2Fwww.catawiki.com%2Fen%2Fl%2F99075843";"https://assets.catawiki.nl/assets/2025/11/6/9/6/5/965651e7-4283-4d22-b361-eebd02346cb6.jpg";"https://assets.catawiki.nl/assets/2025/11/6/7/8/e/78e2cb6d-55a0-437f-a45f-a47f69c5ccd4.jpg";"https://assets.catawiki.nl/assets/2025/11/6/1/f/4/1f426025-ed3f-470d-a390-aec8ad04a694.jpg";"99075843";"1";"2025-11-13 21:26:00"
"Scythian Bronze Arrowhead - 3 cm (No Reserve Price)";"Beautiful arrowhead from Scythian culture transformed into ancient jewelry with a resistant hypoallergenic sterling silver cord and featuring a cross and skull bead.<br>Dated to 200 B.C. and belonging to a lot acquired at an auction house, previously owned by a private collector in 1980.<br>A statement sheet is provided since such a sheet in these pieces is a synonym of guarantee and legitimacy.<br>Customs costs outside the European Union will be paid by the winning bidder.";"Archaeology";"https://prf.hn/click/camref:1100l5ti9K/creativeref:1100l187865/destination:https%3A%2F%2Fwww.catawiki.com%2Fen%2Fl%2F98762061";"https://assets.catawiki.nl/assets/2025/10/23/6/0/7/607938ea-e4a6-4694-84c4-e179534d970b.jpg";"https://assets.catawiki.nl/assets/2025/10/23/1/e/f/1ef5bba4-533f-4aae-87fa-0d65d3c884c0.jpg";"https://assets.catawiki.nl/assets/2025/10/23/2/f/9/2f9d36d1-5621-433a-83e8-3b67fa469428.jpg";"98762061";"1";"2025-11-13 21:23:30"
"Celtic Bronze Ritual Object Depicting 2 birds. (No Reserve Price)";"Substantial cast-bronze fitting depicting two stylised bird heads facing each other above a circular opening, joined to a ribbed lower shaft.<br><br><br><br>Material: Bronze<br>Dimensions: 74.8 mm<br>Weight: 23 g<br>Condition: Excellent; stable patina, minor encrustation consistent with age.";"Archaeology";"https://prf.hn/click/camref:1100l5ti9K/creativeref:1100l187865/destination:https%3A%2F%2Fwww.catawiki.com%2Fen%2Fl%2F99052926";"https://assets.catawiki.nl/assets/2025/11/5/0/3/9/039afb91-9e6d-491c-82ed-76d04c9107e1.jpg";"https://assets.catawiki.nl/assets/2025/11/5/5/6/7/5673c3aa-2f34-48ad-a29c-c824b95134de.jpg";"";"99052926";"15";"2025-11-13 20:07:40"
"Medieval, Crusaders Era finger ring";"Medieval bronze ring with a beautiful green patina in very good condition, can be worn as jewelry, originally from an old Belgian collection from 1994. The inner diameter of the ring is 18mm.";"Archaeology";"https://prf.hn/click/camref:1100l5ti9K/creativeref:1100l187865/destination:https%3A%2F%2Fwww.catawiki.com%2Fen%2Fl%2F98966737";"https://assets.catawiki.nl/assets/2025/9/27/e/3/b/e3b20923-50bb-486d-88c6-8fcf61a95b06.jpg";"https://assets.catawiki.nl/assets/2025/9/27/7/f/8/7f83cd54-f142-41c1-bfb7-818668f61305.jpg";"https://assets.catawiki.nl/assets/2025/9/27/0/4/3/043130bf-a7e0-4cf3-9237-855a708ac283.jpg";"98966737";"1";"2025-11-13 20:56:50"
"Ancient Egyptian to Roman Glass over 100 ancient beads (No Reserve Price)";"A selection of over 100 Roman and Ancient Egyptian mixed media beads consisting of glass, faience ,agate and Lapiz Lazuli.<br>From my own collection since 1997.<br>circa 500 BC-400 AD <br>Comes with provenance statement<br>Sent by tracked and signed post.";"Archaeology";"https://prf.hn/click/camref:1100l5ti9K/creativeref:1100l187865/destination:https%3A%2F%2Fwww.catawiki.com%2Fen%2Fl%2F98960149";"https://assets.catawiki.nl/assets/2025/11/1/d/7/1/d7100254-e69b-4a69-9ee6-f60cb301ac55.jpg";"https://assets.catawiki.nl/assets/2025/11/1/6/0/e/60e7c0ac-2b91-4563-a9ca-5a29e2575b22.jpg";"https://assets.catawiki.nl/assets/2025/11/1/2/9/e/29e6fc9f-6802-4624-8767-ceb163d5b4d0.jpg";"98960149";"10";"2025-11-13 20:30:10"
"Medieval, Crusaders Era bronze ring. Excellent condition. (No Reserve Price)";"Medieval bronze ring.Excellent condition.<br><br>Excellent condition, intact. Beautiful smooth dark green patina.Signs of wear consistent with age and use. Wearable. 100% original. Look at many photos for your own impression.<br>Ring size: 25 mm.<br>Weight: 4.10 grams.<br>The item was purchased in 2015 in Barcelona, ​​Spain from G.A. as part of a private Spanish collection dating back to the 1980s.";"Archaeology";"https://prf.hn/click/camref:1100l5ti9K/creativeref:1100l187865/destination:https%3A%2F%2Fwww.catawiki.com%2Fen%2Fl%2F99073770";"https://assets.catawiki.nl/assets/2025/11/6/9/6/9/969d7d5d-8ddc-4bd9-9703-1fc230166800.jpg";"https://assets.catawiki.nl/assets/2025/11/6/6/d/b/6db85e4b-5424-4cb6-817b-47a776e3b92f.jpg";"https://assets.catawiki.nl/assets/2025/11/6/6/9/b/69b48ef9-0f3a-4e2e-ad00-ff9dfe5944d8.jpg";"99073770";"2";"2025-11-13 20:25:10"
"Medieval, Crusaders Era Very Beautiful Horseman Coin Pendant – – Newly Crafted Gold-Plated & Sterling Silver Frame (No Reserve Price)";"An extraordinary fusion of medieval history and modern artistry.<br>This pendant features an authentic silver coin from the Armenian Kingdom of Cilicia, struck during the Crusader era (12th–13th century CE), now beautifully mounted in a newly handcrafted gold-plated and sterling silver frame.<br><br>The original coin — bearing its centuries-old detail and patina — reflects the rich cultural exchange between Christian Armenia and the Crusader states of the Levant. Each strike and worn surface carries the mark of its journey through time.<br><br>Encircling the relic is a finely woven gold-plated braid, contrasted by a polished sterling silver bezel and bail, creating a timeless frame that enhances the coin’s medieval artistry without altering its authenticity. The pendant is completed with a black leather cord, offering a modern yet elegant way to wear a piece of history.<br><br>Each pendant is one-of-a-kind, as every coin is an original artifact — no reproductions, no replicas.<br><br>Details:<br><br>Size: 35mm<br><br>Original Silver Coin, Armenian Kingdom of Cilicia (Crusader period, c. 12th–13th century CE)<br><br>Newly Crafted Mount: Gold-plated bronze braid with solid sterling silver (925) bezel and bail<br><br>Authentic Patina Preserved";"Archaeology";"https://prf.hn/click/camref:1100l5ti9K/creativeref:1100l187865/destination:https%3A%2F%2Fwww.catawiki.com%2Fen%2Fl%2F99029620";"https://assets.catawiki.nl/assets/2025/11/4/3/9/f/39fc8477-c884-4bac-9ee2-c4b244a6e36a.jpg";"https://assets.catawiki.nl/assets/2025/11/4/f/1/5/f15a9be4-8f98-494e-bb45-112f6ed38340.jpg";"https://assets.catawiki.nl/assets/2025/11/4/8/8/0/88092d03-5a7a-4c42-9bf2-304aa455f976.jpg";"99029620";"65";"2025-11-13 21:01:50"
"Ancient Roman Bronze Ring (No Reserve Price)";"";"Archaeology";"https://prf.hn/click/camref:1100l5ti9K/creativeref:1100l187865/destination:https%3A%2F%2Fwww.catawiki.com%2Fen%2Fl%2F98206350";"https://assets.catawiki.nl/assets/2025/9/29/d/9/2/d92b9e7d-0791-454f-8399-db408fc4ec54.jpg";"https://assets.catawiki.nl/assets/2025/9/29/7/e/0/7e09fb9f-4b9a-4fdf-90d3-97a9a56687ee.jpg";"https://assets.catawiki.nl/assets/2025/9/29/d/b/0/db0e7fdf-d23a-4f9d-94c8-2555ac8d38a0.jpg";"98206350";"2";"2025-11-13 21:43:30"
"Celtic Bronze Bangle (No Reserve Price)";"Letter of Provenance<br><br>This document serves as a statement of provenance for the item described.:<br><br><br>The mentioned item has been in the possession of the family of a private collector since the 1990s. It was legally acquired at that time and has remained in private ownership through successive generations.<br><br>To the best of our knowledge, the item has not been subject to any legal dispute, claim, or restriction. It remains in compliance with all applicable laws governing ownership and transfer.<br><br>This statement is issued in good faith and affirms the continuous and legitimate chain of ownership since its acquisition.";"Archaeology";"https://prf.hn/click/camref:1100l5ti9K/creativeref:1100l187865/destination:https%3A%2F%2Fwww.catawiki.com%2Fen%2Fl%2F98971937";"https://assets.catawiki.nl/assets/2025/11/2/9/d/f/9df3a43a-3630-455d-b5ac-bd25df170ce3.jpg";"https://assets.catawiki.nl/assets/2025/11/2/4/8/2/482220e8-8b55-4d05-a683-17115cdd275c.jpg";"https://assets.catawiki.nl/assets/2025/11/2/8/d/b/8db5f68c-d5bd-4be2-a2ec-7d7cc3eb765f.jpg";"98971937";"1";"2025-11-13 21:14:20"
"Ancient Greek, Hellenistic Beautiful Alexander III “The Great” Coin Pendant — Mounted in a Newly Crafted Silver and Gold Frame (No Reserve Price)";"A magnificent pendant showcasing an authentic ancient bronze coin of Alexander III, “The Great” — one of history’s most legendary conquerors. The coin bears the noble likeness of Alexander, its aged patina reflecting the power and endurance of a timeless empire.<br><br>Set in a handcrafted sterling silver frame with 24k gold-plated accents, the design balances strength and elegance, capturing both the glory of antiquity and the precision of modern artistry.<br><br>This pendant is not only a piece of jewelry but a symbol of power, leadership, and legacy — ideal for collectors or those drawn to the spirit of ancient greatness.<br><br>Specifications:<br><br>Weight: 8 grams<br><br>Diameter: 24 mm<br><br>Materials: Bronze coin, Sterling Silver, 24k Gold-Plated Silver<br><br>Period: Hellenistic, 4th–2nd century BCE (coin); modern artisan setting<br><br>Condition: Excellent ancient coin, expertly mounted";"Archaeology";"https://prf.hn/click/camref:1100l5ti9K/creativeref:1100l187865/destination:https%3A%2F%2Fwww.catawiki.com%2Fen%2Fl%2F99015042";"https://assets.catawiki.nl/assets/2025/11/4/d/2/d/d2de13be-f05f-4263-88dd-e6cbb3929acb.jpg";"https://assets.catawiki.nl/assets/2025/11/3/d/f/b/dfb528f6-6d47-488a-96b4-4aed6398d80f.jpg";"https://assets.catawiki.nl/assets/2025/11/4/3/a/c/3aca4807-545b-4c67-99ae-98c723418543.jpg";"99015042";"52";"2025-11-13 20:05:10"
"Ancient Roman set of ancient bone dice astragalus set (No Reserve Price)";"Letter of Provenance<br><br>This document serves as a statement of provenance for this item described.<br><br>The mentioned item has been in the possession of the family of a private collector since the 1990s. It was legally acquired at that time and has remained in private ownership through successive generations.<br><br>To the best of our knowledge, the item has not been subject to any legal dispute, claim, or restriction. It remains in compliance with all applicable laws governing ownership and transfer.<br><br>This statement is issued in good faith and affirms the continuous and legitimate chain of ownership since its acquisition.";"Archaeology";"https://prf.hn/click/camref:1100l5ti9K/creativeref:1100l187865/destination:https%3A%2F%2Fwww.catawiki.com%2Fen%2Fl%2F98896669";"https://assets.catawiki.nl/assets/2025/10/29/9/4/2/942327de-ebc1-4ed6-a750-916a447a01f3.jpg";"https://assets.catawiki.nl/assets/2025/10/29/5/1/0/51008103-e7ae-45e0-b325-d517edd3f8c7.jpg";"https://assets.catawiki.nl/assets/2025/10/29/2/4/8/2482bb25-38c6-4fa1-8a44-dad699eda0f4.jpg";"98896669";"6";"2025-11-13 21:44:20"
"Medieval, Crusaders Era Bronze, Interesting ring with the Star of Bethlehem - 18 mm - 11th/13th centuries AD Ring (No Reserve Price)";"";"Archaeology";"https://prf.hn/click/camref:1100l5ti9K/creativeref:1100l187865/destination:https%3A%2F%2Fwww.catawiki.com%2Fen%2Fl%2F98029382";"https://assets.catawiki.nl/assets/2025/9/21/4/8/6/4860d8a1-3cf4-46cf-a400-4260b834fd19.jpg";"https://assets.catawiki.nl/assets/2025/9/21/1/b/e/1bef789d-babf-4b82-8bdb-1cc9ec7b2a3e.jpg";"https://assets.catawiki.nl/assets/2025/9/21/6/8/e/68e02fbc-2e0f-4400-a3a4-7f72bf26d169.jpg";"98029382";"1";"2025-11-13 21:15:10"
"Ancient Roman Stone Ancient Roman Stone Bead Necklace (200 B.C. - 50 A.D.) (No Reserve Price)";"Ancient Roman Dark Stone Bead Necklace with Red Spot (200 B.C. – 50 A.D.)<br><br>Period:<br>Late Roman Republic to Early Roman Empire, circa 200 B.C. – 50 A.D.<br><br>Description:<br>This elegant necklace features an authentic Ancient Roman dark stone bead, crafted over 2,000 years ago during the Late Roman Republic to Early Roman Empire. The bead displays a deep, earthy tone highlighted by a beautiful natural red spot, giving it a striking and unique character. Finely shaped by ancient artisans, it embodies the refined craftsmanship and aesthetic sensibility of Roman lapidaries.<br><br>Mounted on a modern 17-inch faux-leather string, the piece merges timeless history with contemporary design. Together, the bead and string weigh approximately 8 grams, making it an understated yet captivating wearable artefact.<br><br>Dimensions:<br>Total Weight (with mounting): Approx. 8 g<br>String Length: 17 in<br><br>Provenance:<br>From a well-documented private collection of Roman antiquities, with authenticity confirmed by specialists. A rare and genuine relic that connects directly to the material culture of ancient Rome.<br><br>Certification:<br>Accompanied by a Certificate of Authenticity, verifying the age and origin of the stone bead.<br><br>Please Note:<br>While the necklace has been designed for modern wear, it should be handled with care to preserve the integrity of this ancient artefact.<br><br>Customs:<br>For orders outside the EU, customs fees may apply upon arrival in the buyer’s country.";"Archaeology";"https://prf.hn/click/camref:1100l5ti9K/creativeref:1100l187865/destination:https%3A%2F%2Fwww.catawiki.com%2Fen%2Fl%2F98900114";"https://assets.catawiki.nl/assets/2025/10/29/c/2/4/c24edc40-6171-4b91-ac2c-7e79d366868c.jpg";"https://assets.catawiki.nl/assets/2025/10/29/8/0/d/80dcd05e-fd8a-4d50-84f9-6df59872ff4c.jpg";"https://assets.catawiki.nl/assets/2025/10/29/e/1/5/e15751aa-db84-4394-8916-e1d7682e89f8.jpg";"98900114";"1";"2025-11-13 21:18:30"
"Celtic Bronze Ram Pendant - 23 mm (No Reserve Price)";"A good condition Ancient Bronze Celtic Pendant in the shape of a ram, attached to a modern cord for use as a necklace, item dating to about 400 B.C.<br>Object acquired in 2025 in London, UK from 'AA' as part of a Private European Collection dating to the pre- 1990s.<br><br>The seller guarantees that he acquired this piece according to all national and international laws related to the ownership of cultural property. Provenance statement seen by Catawiki.<br><br>The seller will take care that any necessary permits, like an export license will be arranged if necessary, and will inform the buyer about the status of it if this takes more than a few days. <br><br>Any lots subjected to additional fees when at the customs office in the destination country, if any, will be paid by the buyer and it is the buyer’s responsibility to contact their customs office to pay any fees and release the item or if there is an extended delay in the processing checks.<br>It is the buyer’s responsibility to be in contact with their customs office to ensure a smooth delivery.<br>";"Archaeology";"https://prf.hn/click/camref:1100l5ti9K/creativeref:1100l187865/destination:https%3A%2F%2Fwww.catawiki.com%2Fen%2Fl%2F99110286";"https://assets.catawiki.nl/assets/2025/10/12/5/d/4/5d40ce09-7411-4b7f-9e0c-6a31e2770b03.jpg";"https://assets.catawiki.nl/assets/2025/10/12/1/0/e/10e673ea-3970-42b5-ac6e-4c2eccaf9701.jpg";"https://assets.catawiki.nl/assets/2025/10/12/7/8/3/783fb343-df04-4603-8d12-56cd78c8dd9e.jpg";"99110286";"1";"2025-11-15 17:02:56"
"Blood Coral - Gold-plated, Silver - Ring - CORALLO MEDITERRANEO";"Beautiful Mediterranean coral ring crafted in Torre del Greco using the filigree technique.<br>Filigree gives jewelry an extraordinary lightness and a very refined appearance.<br>Set in 925 silver, gold plated.<br>Total weight 3.47 grams<br>Cabochon measurement including mount 12.75mm x 15mm.<br>Naked coral cabochon size 8mmx6mm, adjustable size<br>It will be marked with gift wrapping and material warranty.";"Archaeology";"https://prf.hn/click/camref:1100l5ti9K/creativeref:1100l187865/destination:https%3A%2F%2Fwww.catawiki.com%2Fen%2Fl%2F98485005";"https://assets.catawiki.nl/assets/2025/10/4/9/5/d/95d0cae7-df35-440a-a99e-ccaea745b505.jpg";"https://assets.catawiki.nl/assets/2025/10/4/5/d/a/5da9242a-d7e2-47c4-b118-2eb4f830f9ec.jpg";"https://assets.catawiki.nl/assets/2025/10/4/6/f/7/6f7e1f91-38e9-4108-bc2c-3071657baee7.jpg";"98485005";"1";"2025-11-15 17:24:12"
"Baltic Sunlight – Genuine BALTIC AMBER Gemstone Ring in 925 Silver - Amber (No Reserve Price)";"This remarkable ring captures the warm essence of ancient sunlight preserved in amber. The golden fossil gem glows with natural depth and inner reflections, embraced by a simple yet elegant sterling silver frame. Each natural inclusion tells a silent story from 50 million years ago, making this piece as timeless as it is unique.<br><br>### Material & Inclusions<br><br>* Genuine Baltic amber from the Eocene period (35–50 million years old)<br>* Deep honey-golden hues with rich fossilized organic inclusions<br>* Naturally translucent surface revealing ancient air bubbles and botanical fragments<br>* No pressed, reconstituted, or treated amber used<br><br>### Craftsmanship & Design<br><br>* Handcrafted from solid 925 sterling silver (hallmarked)<br>* Smooth teardrop-shaped amber cabochon polished to a mirror finish<br>* Elegant minimalist setting emphasizing the amber’s natural form<br>* Comfortable band suitable for daily wear<br><br>### UV Testing & Authenticity<br><br>* Displays characteristic greenish-blue fluorescence under UV light<br>* Verified 100% natural Baltic amber<br>* Sourced and handmade in the Baltic region<br><br>### Dimensions<br><br>* Amber size: approximately 26 x 17 mm<br>* Ring size: adjustable (fits most adult fingers)<br><br>### Condition<br><br>* New, handcrafted condition<br>* No cracks, chips, or surface damage<br>* Ready for immediate wear or gift presentation<br><br>### Shipping & Packaging<br><br>* Ships securely from Lithuania via registered international airmail<br>* Tracking number included<br>* Estimated delivery times:<br> * Europe: 4–8 business days<br> * USA & Canada: 7–14 business days<br> * Rest of the world: 10–21 business days";"Archaeology";"https://prf.hn/click/camref:1100l5ti9K/creativeref:1100l187865/destination:https%3A%2F%2Fwww.catawiki.com%2Fen%2Fl%2F99040305";"https://assets.catawiki.nl/assets/2025/10/12/c/f/f/cffb3184-c095-482a-941b-47abc1e3d94a.jpg";"https://assets.catawiki.nl/assets/2025/10/12/0/9/6/096379fd-2cf6-403d-ade2-c5ee66ae217c.jpg";"https://assets.catawiki.nl/assets/2025/10/12/c/6/6/c66ae324-1af9-4350-9e5f-f8aaba78a4ab.jpg";"99040305";"35";"2025-11-15 17:28:04"
"Silver Pendant with Raw Cognac Amber - A Really Unique Jewel - Height: 93.3 mm - Width: 36.5 mm- 49 g";"This silver pendant is a work of art that combines natural beauty with craftsmanship mastery. A delicate floral motif in silver gracefully encases a raw amber gem in cognac color, characterized by incredible internal natural formations that resemble trees, as if nature itself were trapped and preserved in time. The raw amber, in its purest and most unspoiled form, exudes a primordial charm and evokes ancient prehistoric forests. Known for its metaphysical properties, amber is often associated with the ability to absorb and transmute negative energy, promoting healing and spiritual well-being. It is believed to strengthen mental clarity, stimulate creativity, and protect the wearer. This pendant is not just jewelry but an amulet that connects the wearer to the earth and its ancient energy, offering protection and harmony.";"Archaeology";"https://prf.hn/click/camref:1100l5ti9K/creativeref:1100l187865/destination:https%3A%2F%2Fwww.catawiki.com%2Fen%2Fl%2F98944529";"https://assets.catawiki.nl/assets/2025/8/20/d/d/8/dd872fd1-f413-46e3-aab0-97bc45982e09.jpg";"https://assets.catawiki.nl/assets/2025/8/20/9/2/c/92c7aa60-c620-4e21-8174-2d7bca5aaaa8.jpg";"https://assets.catawiki.nl/assets/2025/8/20/c/9/6/c96fec1b-c465-433c-b1eb-7bda5bb0627a.jpg";"98944529";"1";"2025-11-15 17:51:16"
"Ancient Burmese Bracelet with floral engraving, Bangle. - 73 mm (No Reserve Price)";"Light green jade bracelet, with floral carvings<br><br><br>bought from Dr Zelnik<br>A green jade bracelet from the ancient Burmese culture, second millennium AD.<br><br>In good condition. It has been cleaned in a tumbler and repolished, so its surface is shiny and smooth. There are still traces of use and age on its surface.<br><br>Purchased Mandalay by Dr. Zelnik from the mid-1990s on the local art market.<br><br>Important information :<br><br>The seller guarantees that he is entitled to ship this lot. Due to the complicated Cultural Laws, we will not be able to ship this item outside the EU nor to the United States.<br><br>Provenance<br><br>This item comes from the collection of Dr. István Zelnik, resulting from more than 50 years of collecting.<br>Former diplomat, Asian art collector, researcher.<br><br>Publications :<br><br>More than 20 essays on Southeast Asian politics and economy.<br>Co-author of 10 albums and books on Southeast Asian Art.";"Archaeology";"https://prf.hn/click/camref:1100l5ti9K/creativeref:1100l187865/destination:https%3A%2F%2Fwww.catawiki.com%2Fen%2Fl%2F98621561";"https://assets.catawiki.nl/assets/2025/10/17/e/e/f/eefaa99a-e316-40b9-a439-a09a7a4a6ceb.jpg";"https://assets.catawiki.nl/assets/2025/10/17/c/c/e/cced7ae2-3cd6-412d-b132-0f1f528091c2.jpg";"https://assets.catawiki.nl/assets/2025/10/17/0/e/7/0e7e07a2-8224-44dd-8671-3661f322db0c.jpg";"98621561";"2";"2025-11-15 17:03:54"
"Coral - Silver - Ring - Pink Coral";"Delicate and detailed ring with a flat engraved rose on pink coral from Asian seas.<br>Handcrafted and made in Torre del Greco.<br>Total weight 7.82 grams<br>Pink size 20.60mm x 25.60mm including mounting.<br>Adjustable size<br>Easy and versatile for all outfits or as a unique and special gift.<br>It will be delivered with gift packaging and a material warranty.";"Archaeology";"https://prf.hn/click/camref:1100l5ti9K/creativeref:1100l187865/destination:https%3A%2F%2Fwww.catawiki.com%2Fen%2Fl%2F98816579";"https://assets.catawiki.nl/assets/2025/10/26/7/3/5/7356c0cc-7f72-495b-bd95-e02944bbc53d.jpg";"https://assets.catawiki.nl/assets/2025/10/26/f/4/1/f416faa8-eb6c-4482-a863-0616f02feb87.jpg";"https://assets.catawiki.nl/assets/2025/10/26/6/2/2/62244d57-d48c-412a-8db6-34a57cc96a7d.jpg";"98816579";"20";"2025-11-15 17:54:10"
"Rosary - Amber - 1980-1990 - Rare Prayer Beads Rosary";"Rare indian Amber Prayer Beads Rosary Tesbih Misbaha - Barrel Amber Beads - for prayer and meditation- 33x beads rosary in Fawn color.<br>Amber clears depression, stimulates the intellect and promotes self-confidence and creative self-expression. It encourages decision-making, spontaneity and brings wisdom, balance and patience.<br><br>Made from Amber beads shaped like a barrel<br>in Fawn color<br>Bead size: 13 x 10 mm<br>Weight 40 g (please see photos as the part of the description).<br>​.....<br>about us<br>Seeking beauty is one of the characteristics of human existence and art has long been a means to satisfy this instinctive desire. Some arts are rooted in the history and culture of nations, and this age makes them doubly beautiful. We are here to share with you the pleasure of this beauty and history, and in this way we will welcome any competition and challenge. You may never buy anything from us, but we are sure that your first purchase will not be your last!<br>With respect";"Archaeology";"https://prf.hn/click/camref:1100l5ti9K/creativeref:1100l187865/destination:https%3A%2F%2Fwww.catawiki.com%2Fen%2Fl%2F98734447";"https://assets.catawiki.nl/assets/2025/8/23/7/4/9/749676ea-287e-4c4f-82bb-ecaf56831e4b.jpg";"https://assets.catawiki.nl/assets/2025/8/23/d/e/0/de0ff043-e1ee-4404-b84d-1dae3ad78b7b.jpg";"https://assets.catawiki.nl/assets/2025/8/23/a/c/b/acb5079a-4529-4322-aaab-a24d5cb4784b.jpg";"98734447";"1";"2025-11-15 18:01:54"
"Authentic BALTIC AMBER Necklace – Two-Tone Beads with Amber Teardrop - Amber (No Reserve Price)";"This enchanting necklace unites two classic tones of Baltic amber — dark cherry and golden honey — into a graceful, balanced design. The centerpiece, a large teardrop pendant, glows with ancient inclusions that tell the story of time itself. A perfect harmony of color, light, and natural history captured in one striking piece.<br><br>### Material & Inclusions<br><br>* Genuine Baltic amber from the Eocene period (35–50 million years old)<br>* Natural cherry, cognac, and honey hues<br>* Pendant features visible organic inclusions and ancient textures<br>* No synthetic, pressed, or reconstituted materials used<br><br>### Craftsmanship & Design<br><br>* Hand-polished round amber beads in dual-tone arrangement<br>* Smooth finish enhances natural transparency and depth of color<br>* Large teardrop pendant showcasing the inner fossilized world of amber<br>* Strung on durable cord for secure and comfortable wear<br><br>### UV Testing & Authenticity<br><br>* Passes UV fluorescence test with classic greenish-blue glow<br>* 100% natural Baltic amber, not dyed or heat-treated<br>* Handmade in the Baltic region with expert care<br><br>### Dimensions<br><br>* Necklace length: approximately 60 cm<br>* Pendant size: approximately 30 × 20 × 6 mm<br>* Bead diameter: approximately 4 mm<br><br>### Condition<br><br>* New, handcrafted condition<br>* No chips, cracks, or repairs<br>* Ready to wear or gift immediately<br><br>### Shipping & Packaging<br><br>* Ships securely from Lithuania via registered international airmail<br>* Tracking number provided<br>* Estimated delivery times:<br> * Europe: 4–8 business days<br> * USA & Canada: 7–14 business days<br> * Rest of the world: 10–21 business days";"Archaeology";"https://prf.hn/click/camref:1100l5ti9K/creativeref:1100l187865/destination:https%3A%2F%2Fwww.catawiki.com%2Fen%2Fl%2F99057208";"https://assets.catawiki.nl/assets/2025/11/5/3/5/3/3531d460-3788-4c35-b4bd-208e89a3b45c.jpg";"https://assets.catawiki.nl/assets/2025/11/5/8/e/b/8eb2f2a7-2250-4e2b-b5e8-519c8f68d5b1.jpg";"https://assets.catawiki.nl/assets/2025/11/5/a/9/5/a95e76ad-c719-4207-97e3-e087940a6d7f.jpg";"99057208";"31";"2025-11-15 17:10:40"
"Ancient Greco-Roman Silver Rare Cat Seal Ring";"A stunning and extremely rare silver ancient Roman cat seal ring from 1-3 AD.<br>Bezel showing a sitting big cat hold.<br>Ring has a top patina.<br>Very Rare piece.<br><br>Weight: 2.81 grams<br>Ring Size: 18.6 x 17.6 mm<br>Material: Bronze<br>T.N. Pollio<br>See images for your own impression.<br>Own private collection inherited from Grandfather, who built the collection in the 1960's """;"Archaeology";"https://prf.hn/click/camref:1100l5ti9K/creativeref:1100l187865/destination:https%3A%2F%2Fwww.catawiki.com%2Fen%2Fl%2F98891292";"https://assets.catawiki.nl/assets/2025/10/29/4/7/b/47bdde9f-d92a-4012-8ec8-08bcaad9f5c8.jpg";"https://assets.catawiki.nl/assets/2025/10/29/2/4/9/249d3ca8-19e9-430e-ac51-ea6717197aeb.jpg";"https://assets.catawiki.nl/assets/2025/10/29/4/5/f/45f56d2f-96ee-4079-883f-6cb3a0febd54.jpg";"98891292";"";"2025-11-09 17:51:55"
"Ancient Roman Rare Bronze Serpent Ring (No Reserve Price)";"A stunning and rare serpent ring from 1-3 AD.<br>Rare Serpent Piece<br><br>Weight: 2.29 grams<br>Size: 17.8 x 16.7 mm<br>Material: Bronze<br>T.N. Pollio<br>See images for your own impression.<br>Own private collection inherited from Grandfather, who built the collection in the 1960's """;"Archaeology";"https://prf.hn/click/camref:1100l5ti9K/creativeref:1100l187865/destination:https%3A%2F%2Fwww.catawiki.com%2Fen%2Fl%2F98896833";"https://assets.catawiki.nl/assets/2025/10/29/e/0/7/e074adce-94e6-468a-9175-4c43dea035b2.jpg";"https://assets.catawiki.nl/assets/2025/10/29/e/a/f/eaf145f3-a991-4b04-9115-7744b0187d02.jpg";"https://assets.catawiki.nl/assets/2025/10/29/3/a/6/3a60febc-657f-48d1-8ef9-cc7ebf5dfcbb.jpg";"98896833";"";"2025-11-09 18:08:10"
"Mesopotamian Stone Amulet, transformed into a pendant - 19 mm";"I worked on the beautiful piece with a goldsmith using 4 grams of 21-karat gold, without setting the stone, which is why it was costly. The stone comes with a certificate that contains all the information, and it is sold as photographed—along with the stone, gold, and certificate.";"Archaeology";"https://prf.hn/click/camref:1100l5ti9K/creativeref:1100l187865/destination:https%3A%2F%2Fwww.catawiki.com%2Fen%2Fl%2F98820228";"https://assets.catawiki.nl/assets/2025/9/30/4/b/8/4b82ec6e-060d-41f7-8587-893208b41e9d.jpg";"https://assets.catawiki.nl/assets/2025/9/30/e/6/d/e6d7357f-83c7-41df-a49f-4d1854bd89b1.jpg";"https://assets.catawiki.nl/assets/2025/9/30/8/8/1/881ed0b9-c559-4aa2-899f-2e55b10fb66f.jpg";"98820228";"";"2025-11-09 18:06:00"
"Ancient Egyptian Earrings made of Turquoise and Faience Mummy beads with shell Fist amulets - 5 cm (No Reserve Price)";"IMPORTANT!<br>Due to new custom regulations we can no longer ship outside the E.U. Please make sure you have an EU shipping address before bidding.<br><br>- Strung on modern wire with Silver Lobster Lock (925).<br><br>- Total length: 5 cm. Amulet 3 cm. Average bead size: 2-4 mm.<br><br>- Ancient Egyptian fist amulets symbolized protection, strength, and vitality, often used to ward off evil and ensure a successful afterlife. The clenched fist was a powerful apotropaic symbol, with some variations, like one with the thumb protruding, depicting a specific gesture of defiance or protection.<br><br>- See last picture as a parallel: https://prf.hn/click/camref:1100l5ti9K/creativeref:1100l187865/destination:https%3A%2F%2Fwww.metmuseum.org%2Fart%2Fcollection%2Fsearch%2F560913<br><br>Registered shipping.<br><br>Provenance/Known History:<br><br>Ancient Egyptian Turquoise beads: Ex. Private UK collection. Collected before 1970. After that J.T.O., The Netherlands.<br><br>Ancient Egyptian Faience Mummy beads: Ex William Ohly 1883-1955, Abbey Museum, New Barnet, by descent. After that A&O Gallery, UK.<br><br>Ancient Egyptian shell Fist amulets: Ex. Private UK collection. Collected before 1970. After that A.A. Gallery, UK.<br><br>Important information:<br><br>- A declaration of authenticity by my shop is provided with this lot.<br><br>- Invoices, import- and export papers etc. will not be shared with customers.<br><br>- Please do not pay for a won item before you are finished bidding in the auction. The system will not be able to combine your orders into one shipping if all items aren't paid at once.";"Archaeology";"https://prf.hn/click/camref:1100l5ti9K/creativeref:1100l187865/destination:https%3A%2F%2Fwww.catawiki.com%2Fen%2Fl%2F98928873";"https://assets.catawiki.nl/assets/2025/10/30/e/5/3/e53177ae-3af3-4b3a-be61-c3052c4284f1.jpg";"https://assets.catawiki.nl/assets/2025/10/30/1/3/e/13e94c01-31bc-4b4f-8cd7-5da4387bdda9.jpg";"https://assets.catawiki.nl/assets/2025/10/30/4/4/8/448abeea-1fe5-4ecc-85c0-f010af6694cb.jpg";"98928873";"";"2025-11-09 18:09:15"
"Ancient Roman Earrings with Roman glass beads";"Please note: due to customs regulations we can only ship inside the European Union. Please ensure you have a valid EU shipping address before placing a bid. <br><br>Earrings with Roman green and amber colour glass beads in a handmade design. The ancient beads are restrung with modern materials and fittings.<br><br>Total length: ± 42 mm<br>Diameter beads: ± 7 mm maximum<br><br>Amber was a very expensive commodity in the Roman period. By adding iron-sulphur during the glass-making process the Romans succeeded in imitating this highly appreciated colour in glass.<br><br>Condition: good condition and wearable. The ancient beads are restrung and combined with modern gold-plated spacer beads and fittings. Signs of wear consistent with age and use. See images.<br>Composed with beads originating from various old collections, acquired in the UK between 2016-2024.<br><br>Every ancient bead shows subtle variations and signs of age, reflecting its history and adding to the unique charm of every composition.<br><br>Certificate of Authenticity: available upon request (pdf-format) for sale price of € 100 or more.<br><br>ANCIENT GLASS<br>Glass has always been found in nature, but the humans first created glass about 4.000 years ago. when ancient craftsmen in Mesopotamia discovered the art of mixing sand, soda and lime to make glass.<br>For centuries, glass was a luxury item and reserved for the upper classes.<br><br>Glassmaking centers around the Mediterranean world experimented with new techniques (casting, core-forming, mosaic glass) and with colours by adding metallic oxides (cobalt, copper, etc) to the mixture.<br><br>The Romans learned the glass-making craft after the conquest of Egypt in the 1st century BC. During the 1st century AD the glassblowing technique revolutionized the production and made it possible to produce larger quantities. By adding manganese dioxide Roman glassmakers successfully produced colourless or ‘aqua’ glass for the first time.<br><br>Roman glass became a very popular material, used for beads, glass windows, mosaic tiles, tableware pieces etc. Roman glass was traded all over the Roman Empire and far beyond to Central Africa, Scandinavia and via the Silk Route to China.<br>";"Archaeology";"https://prf.hn/click/camref:1100l5ti9K/creativeref:1100l187865/destination:https%3A%2F%2Fwww.catawiki.com%2Fen%2Fl%2F95414553";"https://assets.catawiki.nl/assets/2025/5/7/5/5/8/558d2007-288d-444a-b9b7-74709a1f73cb.jpg";"https://assets.catawiki.nl/assets/2025/5/7/0/c/7/0c7f820b-5485-4422-b88b-fbc9c1c851dd.jpg";"https://assets.catawiki.nl/assets/2025/5/7/f/b/7/fb77d615-e269-4f84-ab70-2f0ab52224c8.jpg";"95414553";"";"2025-11-09 17:55:10"
"Viking Era Bronze Very Rare Fafnir Amulet Pendant (No Reserve Price)";"Extremely rare Viking pendant Fafnir 9-11 AD !!!!!!<br>Rare Piece<br><br>Weight: 5.92 grams<br>Height: 30.9 mm<br>Wide: 15.3 mm<br>Material: Bronze<br>See image for your own impression<br>Own private collection inherited from Grandfather, who built the collection in the 1960's """;"Archaeology";"https://prf.hn/click/camref:1100l5ti9K/creativeref:1100l187865/destination:https%3A%2F%2Fwww.catawiki.com%2Fen%2Fl%2F98897147";"https://assets.catawiki.nl/assets/2025/10/29/7/5/6/7568b797-e17d-4bc1-9722-89becb6670ba.jpg";"https://assets.catawiki.nl/assets/2025/10/29/a/6/f/a6fae41c-424d-41d2-a183-da9166d23ed5.jpg";"https://assets.catawiki.nl/assets/2025/10/29/9/a/5/9a573356-f186-4705-a67a-ce3698e9a272.jpg";"98897147";"";"2025-11-09 17:40:00"
"Medieval Stunning Silver Islam Seal Ring (No Reserve Price)";"A Rare Silver Medieval Islam Seal Ring 12-15 AD<br>Bezel Islam Text<br>Very rare piece in stunning condition.<br><br>Weight: 2.07 grams<br>Ring Size: 17.7 x 16.1 mm<br>Silver<br>T.N. Pollio<br>See images for your own impression.<br>Own private collection inherited from Grandfather, who built the collection in the 1960's """;"Archaeology";"https://prf.hn/click/camref:1100l5ti9K/creativeref:1100l187865/destination:https%3A%2F%2Fwww.catawiki.com%2Fen%2Fl%2F98800008";"https://assets.catawiki.nl/assets/2025/10/25/3/0/1/30148ebb-ee41-439b-a5ca-407f11589fa4.jpg";"https://assets.catawiki.nl/assets/2025/10/25/2/4/3/243e5257-3487-4b6c-986c-0ba13f81ae3d.jpg";"https://assets.catawiki.nl/assets/2025/10/25/a/2/8/a2884761-948b-485b-9419-eefd6bee3d78.jpg";"98800008";"";"2025-11-09 17:14:00"
"Ancient Roman Silver Legionary Aquila amulet pendant with gold details";"Attention: due to customs regulations we can only ship inside the European Union. Please ensure you have a valid EU shipping address before placing a bid. <br><br>Roman Legionary silver Aquila amulet pendant showing the Eagle in standing position. The Eagle has highlighted details in gold, and thin gold sheet applied over the head and a gold knob on its breast. The amulet has a very rare small size and shows fine detail. The amulet has an integral suspension loop and will be delivered on a complementary modern sterling silver necklace. <br><br>Aquila: ± 10,8 x 8,2 x 2,9 mm<br>Length silver necklace: ± 40 cm (marked 925)<br><br>Condition: good and solid condition, very rare small size with nice details. Signs of wear consistent with age and use.<br>Certificate of Authenticity: available upon request (pdf-format).<br><br>The eagle was a powerful symbol to the Roman military. With each Roman legion a special eagle-bearer (aquilifer) had the honour of carrying the Legionary Eagle standard into battle and to guard its existence.<br>The eagle was a symbol of the power and majesty of the Eternal City and was associated with Zeus (Roman Jupiter). <br>";"Archaeology";"https://prf.hn/click/camref:1100l5ti9K/creativeref:1100l187865/destination:https%3A%2F%2Fwww.catawiki.com%2Fen%2Fl%2F99078443";"https://assets.catawiki.nl/assets/2025/10/6/f/9/6/f9646065-8f2d-459c-beaa-a91269214552.jpg";"https://assets.catawiki.nl/assets/2025/10/6/4/2/e/42ebe224-53a1-42fe-a78e-ecd7228fe08e.jpg";"https://assets.catawiki.nl/assets/2025/10/6/b/4/8/b48d1cc5-38ff-469a-9dac-a778d68e2415.jpg";"99078443";"40";"2025-11-16 17:53:00"
"Ancient Egyptian Bracelet made of Turquoise, Glass and Faience Mummy beads - 17 cm (No Reserve Price)";"IMPORTANT!<br>Due to new custom regulations we can no longer ship outside the E.U. Please make sure you have an EU shipping address before bidding.<br><br>- Strung on modern wire with Silver Lobster Lock(925).<br><br>- Total length: 17 cm. Average bead size: 2-4 mm.<br><br>Registered shipping.<br><br>Provenance/Known History:<br><br>Ancient Egyptian Faience Mummy beads: Ex William Ohly 1883-1955, Abbey Museum, New Barnet, by descent. After that A&O Gallery, UK.<br><br>Ancient Egyptian Turquoise beads: Ex. Private UK collection. Collected before 1970. After that J.T.O., The Netherlands.<br><br>Ancient Egyptian/Roman Glass beads: UK, London Art Market, 1990's. After that A&O Gallery, UK.<br><br>Important information:<br><br>- A declaration of authenticity by my shop is provided with this lot.<br><br>- Invoices, import- and export papers etc. will not be shared with customers.<br><br>- Please do not pay for a won item before you are finished bidding in the auction. The system will not be able to combine your orders into one shipping if all items aren't paid at once.";"Archaeology";"https://prf.hn/click/camref:1100l5ti9K/creativeref:1100l187865/destination:https%3A%2F%2Fwww.catawiki.com%2Fen%2Fl%2F99085282";"https://assets.catawiki.nl/assets/2025/11/6/c/b/2/cb2afe39-0f09-4690-8467-8df0793e54f4.jpg";"https://assets.catawiki.nl/assets/2025/11/6/4/6/f/46f99d03-3e89-47ff-958b-49e0579b9bf6.jpg";"https://assets.catawiki.nl/assets/2025/11/6/9/b/8/9b812cf5-1db1-4d94-974a-33bbe1d3edd8.jpg";"99085282";"3";"2025-11-16 17:17:15"
"Scythian Pendant of a bronze arrowhead. Excellent condition. (No Reserve Price)";"Pendant of a Scythian bronze arrowhead.Excellent condition.<br><br>Scythian bronze arrowhead, double-bladed, with a socket. The arrowhead is mounted in a modern bow, allowing it to be worn as a pendant. The pendant will be delivered with a leather jewelry cord with a carabiner.<br>Condition: Excellent solid condition, dark smooth and shiny patina. Signs of wear consistent with age and use.Look at many photos for your own impression.<br><br>Size arrowhead : 42 x 11 mm.<br>Weight: 6.05 grams.<br>The item was purchased in 2015 in Barcelona, ​​Spain from G.A. as part of a private Spanish collection dating back to the 1980s.";"Archaeology";"https://prf.hn/click/camref:1100l5ti9K/creativeref:1100l187865/destination:https%3A%2F%2Fwww.catawiki.com%2Fen%2Fl%2F98422387";"https://assets.catawiki.nl/assets/2025/10/9/5/9/2/592656b6-0c09-46c9-92c7-e234f2286212.jpg";"https://assets.catawiki.nl/assets/2025/10/9/0/6/b/06b072eb-4904-40e9-9b50-7bf468906e9f.jpg";"https://assets.catawiki.nl/assets/2025/10/9/b/f/c/bfcfbef1-bc5b-4895-a083-0d179d1797c6.jpg";"98422387";"1";"2025-11-16 17:44:20"
"Neolithic Stone wire-wrapped Arrowhead Pendant";"Attention: due to customs regulations we can only ship inside the European Union. Please ensure you have a valid EU shipping address before placing a bid. <br><br>A well preserved Neolithic stone arrowhead. The arrowhead is wire-wrapped to make it wearable as a pendant.<br><br>Size arrowhead: ± 23,6 x 18,9 mm <br><br>Condition: well preserved condition, strung with modern materials. Signs of wear consistent with age and use. See images.<br><br>Certificate of Authenticity: available upon request (pdf-format).<br><br>HISTORY:<br>Neolithic arrowheads are a testament of human innovation and hunting prowess. Their design accommodates both hunting and defence purposes. They symbolize the capacity of humans to adapt and thrive in the challenging Neolithic environment.<br>The sophistication of this ancient tool-making technique sheds a light on prehistoric lifestyles, survival strategies, hunting practices and the cultural development of the early humans on the African continent.<br>";"Archaeology";"https://prf.hn/click/camref:1100l5ti9K/creativeref:1100l187865/destination:https%3A%2F%2Fwww.catawiki.com%2Fen%2Fl%2F99078490";"https://assets.catawiki.nl/assets/2025/5/12/f/c/f/fcf98287-3734-4281-8749-48b6b44031e6.jpg";"https://assets.catawiki.nl/assets/2025/5/12/7/d/3/7d39dab3-d9bf-4c0c-989a-6643104ae8e6.jpg";"https://assets.catawiki.nl/assets/2025/5/12/8/7/4/874dc273-e2f1-4b49-ba4b-8a484854e1a5.jpg";"99078490";"53";"2025-11-16 17:33:30"
"Scythian Pendant of a Scythian bronze arrowhead.Excellent condition. (No Reserve Price)";"Pendant of a Scythian bronze arrowhead.Excellent condition.<br><br>Scythian bronze arrowhead, three-bladed type with socket.The arrowhead is mounted in a modern bow, allowing it to be worn as a pendant. The pendant will be delivered with a leather jewelry cord with a carabiner.<br>Condition: Excellent solid condition, beautiful smooth dark green patina.Signs of wear consistent with age and use.Look at many photos for your own impression.<br><br>Size arrowhead : 33 x 7 mm.<br>Weight: 3.20 grams.<br>The item was purchased in 2015 in Barcelona, ​​Spain from G.A. as part of a private Spanish collection dating back to the 1980s.";"Archaeology";"https://prf.hn/click/camref:1100l5ti9K/creativeref:1100l187865/destination:https%3A%2F%2Fwww.catawiki.com%2Fen%2Fl%2F98715412";"https://assets.catawiki.nl/assets/2025/10/22/c/0/5/c05567ba-4dc5-40f2-ad2a-ab2e27e324b7.jpg";"https://assets.catawiki.nl/assets/2025/10/22/e/4/2/e42d2879-ad25-4c74-80f2-9eaf3ec24f8d.jpg";"https://assets.catawiki.nl/assets/2025/10/22/1/1/6/11676425-2a5a-4396-970b-bc0b1a50b033.jpg";"98715412";"7";"2025-11-16 17:23:45"
"Ancient Roman Stone Roman Carnelian (Agate) Intaglio Seal with Animal Motif – Mounted as a Pendant, 1st–3rd Century A.D.";"Roman Carnelian (Agate) Intaglio Seal with Animal Motif – Mounted as a Pendant, 1st–3rd Century A.D.<br><br>Culture: Roman Empire<br>Material: Carnelian (agate) and glass bead<br>Date: ca. 1st–3rd Century A.D.<br>Size: Approx. 2 cm (seal)<br>Mounted on: Modern silver-tone wire pendant<br><br>A finely carved Roman intaglio seal depicting an animal in motion, possibly a ram or bull, rendered with remarkable detail and craftsmanship. The gemstone is made of carnelian (agate), a favoured material in Roman jewellery and signet rings for its durability and rich reddish-orange hue.<br><br>The seal has been mounted as a modern pendant, accompanied by a translucent Roman bead below, creating a striking contrast between the warm carnelian and the softer ancient glass tone. The piece combines ancient artistry with a tasteful contemporary presentation, suitable for wearing or collecting.<br><br>Given its antiquity, it is advised to handle and wear this pendant gently.<br><br><br>****<br>Please note: Orders shipped outside the EU may be subject to customs fees and import duties.";"Archaeology";"https://prf.hn/click/camref:1100l5ti9K/creativeref:1100l187865/destination:https%3A%2F%2Fwww.catawiki.com%2Fen%2Fl%2F98928444";"https://assets.catawiki.nl/assets/2025/10/30/c/b/b/cbbc6333-c0d7-44da-b103-6df78db12920.jpg";"https://assets.catawiki.nl/assets/2025/10/30/c/1/1/c1105cfd-f4a4-421a-9b10-77b27ddc7a7a.jpg";"https://assets.catawiki.nl/assets/2025/10/30/c/6/a/c6a5bf94-37fe-4730-a7bd-769c9267416f.jpg";"98928444";"1";"2025-11-16 18:06:00"
"Ancient Roman Bronze, Stunning intaglio carnelian sphinx seal Ring";"Stunning Roman intaglio seal ring, 50 BC–100 AD<br>Intaglio Carnelian depicting a Sphinx (of Thebes?)<br>Interesting piece!!!!<br><br>Weight: 4.36 grams<br>Ring Size: 19.1 x 17.4 mm<br>Bronze<br>T.N. Pollio<br>See images for your own impression.<br>Own private collection inherited from Grandfather, who built the collection in the 1960's ""<br>No shipping to the USA.";"Archaeology";"https://prf.hn/click/camref:1100l5ti9K/creativeref:1100l187865/destination:https%3A%2F%2Fwww.catawiki.com%2Fen%2Fl%2F99066850";"https://assets.catawiki.nl/assets/2025/9/12/5/b/0/5b0773f5-16b0-40cb-91de-28bab891ea0f.jpg";"https://assets.catawiki.nl/assets/2025/9/12/d/3/d/d3dda67f-025d-41c4-b70c-ebb6b29b3230.jpg";"https://assets.catawiki.nl/assets/2025/9/12/b/e/c/bec7a56e-642e-4b16-86d4-03853712f398.jpg";"99066850";"135";"2025-11-16 17:37:50"
"Ancient West Asian, Sino-Siberian Talisman made of aventurine quartz Cylinder Pearl - 61 mm (No Reserve Price)";"A talisman made from a cylinder-shaped aventurine quartz bead from the ancient Western Asian, Sino-Siberian culture.<br><br>millennium AD<br><br>In good condition. It was cleaned by hand and partially re-polished, but the beautiful antique patina has been preserved. Original, antique, hand-cut, carved, and polished. Signs of wear and aging on the surface.<br><br>Purchased by Dr. Zelnik on the local art market in Strasbourg in the mid-1990s.<br><br>Important information:<br><br>The seller guarantees that they are authorized to ship this item. Due to the complicated cultural laws, we can only ship this item within the EU and to the United Kingdom or Switzerland.<br><br>Provenance:<br><br>This article comes from the collection of Dr. István Zelnik, which is the result of over 50 years of collecting.<br>Former diplomat, collector of Asian art, researcher.<br><br>Publications:<br><br>More than 20 essays on Southeast Asian politics and economics.<br>Co-author of 10 albums and books on Southeast Asian art.";"Archaeology";"https://prf.hn/click/camref:1100l5ti9K/creativeref:1100l187865/destination:https%3A%2F%2Fwww.catawiki.com%2Fen%2Fl%2F98778945";"https://assets.catawiki.nl/assets/2025/6/2/4/7/a/47a361a2-376f-4ef9-bd90-ebb4b17bc988.jpg";"https://assets.catawiki.nl/assets/2025/6/2/b/e/9/be9eac09-7a64-4736-9154-73a703dd744e.jpg";"https://assets.catawiki.nl/assets/2025/6/2/b/2/f/b2f32521-728f-422a-ab84-e33f0a2919b3.jpg";"98778945";"1";"2025-11-16 17:40:00"
"Ancient Roman Fibula - 41 mm";"Bronze legionary belt from the time of the Roman Empire in the shape of an eagle, perfectly preserved with a beautiful green patina, originating from an old Austrian collection from 1998.";"Archaeology";"https://prf.hn/click/camref:1100l5ti9K/creativeref:1100l187865/destination:https%3A%2F%2Fwww.catawiki.com%2Fen%2Fl%2F98966757";"https://assets.catawiki.nl/assets/2025/9/6/3/2/6/32644465-009c-4382-a2e8-6f0efe5fc428.jpg";"https://assets.catawiki.nl/assets/2025/9/6/5/0/0/5004c929-40bb-4166-812c-8a46053ec9c0.jpg";"https://assets.catawiki.nl/assets/2025/9/6/0/f/0/0f0ee0d3-8f4a-4d2c-b81b-b34cfe392ff3.jpg";"98966757";"130";"2025-11-13 20:19:20"
"Medieval bronze ring with inserts. Excellent condition. (No Reserve Price)";"Medieval bronze ring with inserts. Excellent condition.<br><br>Medieval period 1400-1700 AD.<br>Excellent condition, intact. Beautiful smooth green patina.Signs of wear consistent with age and use. Wearable. 100% original. Look at many photos for your own impression.<br>Ring size: 16 mm.<br>Weight: 1.51 grams.<br>The item was purchased in 2015 in Barcelona, ​​Spain from G.A. as part of a private Spanish collection dating back to the 1980s.";"Archaeology";"https://prf.hn/click/camref:1100l5ti9K/creativeref:1100l187865/destination:https%3A%2F%2Fwww.catawiki.com%2Fen%2Fl%2F99073905";"https://assets.catawiki.nl/assets/2025/11/6/4/5/d/45def09f-3a38-402f-acb4-84d2e34a3f44.jpg";"https://assets.catawiki.nl/assets/2025/11/6/c/0/b/c0bb4605-329b-4663-8443-ac9ea67712d3.jpg";"https://assets.catawiki.nl/assets/2025/11/6/6/e/c/6ec9e768-9167-4a5d-bf14-7179053cc91a.jpg";"99073905";"5";"2025-11-13 20:31:50"
"Ancient Roman finger ring";"Bronze Roman ring in very good condition with an engraved image of the war god Mars, can be worn as jewelry, inner diameter of the ring is 18 mm, from an old Belgian collection of 1995.";"Archaeology";"https://prf.hn/click/camref:1100l5ti9K/creativeref:1100l187865/destination:https%3A%2F%2Fwww.catawiki.com%2Fen%2Fl%2F98966761";"https://assets.catawiki.nl/assets/2025/9/27/9/7/0/9702208f-a257-4c88-88f6-9296957bfb43.jpg";"https://assets.catawiki.nl/assets/2025/9/27/7/a/2/7a2f3231-01d4-40d5-8e71-e42ce029c09f.jpg";"https://assets.catawiki.nl/assets/2025/9/27/a/b/b/abb6b8ea-9cc7-4227-8d96-0904a14363a8.jpg";"98966761";"10";"2025-11-13 20:04:20"
"Medieval - Bronze Aristocratic Colourful Ring - 2.7 cm (No Reserve Price)";"Approximately 13th-15th C AD<br>Material: Bronze Alloy<br>Object: Aristocratic Ring <br>Dimensions: 2.7 x 2.2 x 1.8 cm<br>Condition: Excellent condition<br>Ex-collection Dr. Matthias Köhler (1966)<br>The auction is provided with German export documents<br><br>We guarantee originality.<br><br>Provenance: Property of a private collector from southern Germany, formed in the 1970s - 1980s.<br>The Seller can prove that the lot was obtained legally.<br>Important information. The seller guarantees that he is entitled to ship this lot.<br>The seller will take care that any necessary permits will be arranged.<br>The seller will inform the buyer about this if this takes more than a few days.";"Archaeology";"https://prf.hn/click/camref:1100l5ti9K/creativeref:1100l187865/destination:https%3A%2F%2Fwww.catawiki.com%2Fen%2Fl%2F98906478";"https://assets.catawiki.nl/assets/2025/10/30/7/1/d/71d6b3ff-b538-47e4-bb2c-000980252ef4.jpg";"https://assets.catawiki.nl/assets/2025/10/30/9/d/9/9d9b6c08-38f0-487d-b47c-9367e335b0c2.jpg";"https://assets.catawiki.nl/assets/2025/10/30/1/b/1/1b1d3327-5753-4f37-817c-5debca157dea.jpg";"98906478";"2";"2025-11-13 20:16:50"
"Ancient Egyptian to Roman Glass over 100 ancient beads (No Reserve Price)";"A selection of over 100 Roman and Ancient Egyptian mixed media beads consisting of glass, faience ,agate and Lapiz Lazuli.<br>From my own collection since 1997.<br>circa 500 BCE-400 ADE <br>Comes with provenance statement<br>Sent by tracked and signed post.";"Archaeology";"https://prf.hn/click/camref:1100l5ti9K/creativeref:1100l187865/destination:https%3A%2F%2Fwww.catawiki.com%2Fen%2Fl%2F98941893";"https://assets.catawiki.nl/assets/2025/10/31/6/4/6/646a03fb-e2c1-4c36-9912-75a71a0da864.jpg";"https://assets.catawiki.nl/assets/2025/10/31/9/4/d/94d637cc-cdcd-4ad4-8962-ee696abcef76.jpg";"https://assets.catawiki.nl/assets/2025/10/31/b/6/7/b67261a1-1ccb-454c-bc41-32471910581f.jpg";"98941893";"4";"2025-11-13 20:59:20"
"Islamic Bronze Ring - Medieval 12th - 14th AD (No Reserve Price)";"Islamic bronze signet ring – 12th-14th century AD – 18mm inner diameter – 2.43g<br><br>This finely cast Islamic bronze ring from the medieval period features a boldly incised geometric design across its circular bezel, likely intended for use as a signet. The sharply angled linear motifs evoke traditional Islamic aesthetic principles, favoring abstraction and rhythm over figural imagery. Its compact form and minimalistic design speak to a functional yet elegant personal adornment, perhaps used to seal documents or mark personal items.<br><br>The ring exhibits a smooth patina consistent with centuries of burial and preservation, while the engraving remains clearly visible under close light. The band itself retains a uniform shape, showing only minor wear and no significant deformation. Such rings were often worn by scholars, traders, or officials, subtly reflecting their status and cultural identity in the Islamic world.<br><br>Material: Bronze<br>Dimensions: 18 mm inner diameter<br>Weight: 2.43 grams<br>Date: 12th–14th century AD<br>Condition: Excellent, with minor surface wear and dark patina; engraving remains well-defined.<br><br>A compelling example of Islamic epigraphy and abstraction, encapsulating the understated refinement of medieval craftsmanship.<br><br>Provenance: Acquired from an auction house in 2025, previously owned by a collector from the South of Germany, acquired in the 1980s.";"Archaeology";"https://prf.hn/click/camref:1100l5ti9K/creativeref:1100l187865/destination:https%3A%2F%2Fwww.catawiki.com%2Fen%2Fl%2F98825529";"https://assets.catawiki.nl/assets/2025/10/27/1/7/2/17214723-9910-4886-ba11-eef2b75d29d4.jpg";"https://assets.catawiki.nl/assets/2025/10/27/8/1/d/81d5c44f-2fbc-45c1-935b-7455315cff15.jpg";"https://assets.catawiki.nl/assets/2025/10/27/3/1/8/318c86fa-2dec-43e4-b616-ef0811112764.jpg";"98825529";"1";"2025-11-13 20:23:30"
"Medieval, Crusaders Era finger ring";"Medieval bronze ring with a beautiful green patina in very good condition, can be worn as jewelry, originally from an old Belgian collection of 1994. The inner diameter of the ring is 20mm.";"Archaeology";"https://prf.hn/click/camref:1100l5ti9K/creativeref:1100l187865/destination:https%3A%2F%2Fwww.catawiki.com%2Fen%2Fl%2F98966742";"https://assets.catawiki.nl/assets/2025/9/27/9/5/9/959b0b76-b2d7-4fdf-aee8-3276f3d51ad6.jpg";"https://assets.catawiki.nl/assets/2025/9/27/6/2/2/62240610-78d5-4406-9aa6-e64fc9d73b68.jpg";"https://assets.catawiki.nl/assets/2025/9/27/a/a/f/aaf37372-c5c5-49d2-89f0-3cc2539e279a.jpg";"98966742";"1";"2025-11-13 21:02:40"
"Ancient Roman Bronze Key Ring - 2.5 cm (No Reserve Price)";"Approximately 1st C BC - Roman Republican Era<br>Material: Bronze Alloy<br>Object: Aristocratic Key Ring <br>Dimensions: 2.5 x 2.2 x 0.7 cm<br>Condition: Excellent condition<br>Ex-collection Dr. Matthias Köhler (1966)<br>The auction is provided with German export documents<br><br>We guarantee originality.<br><br>Provenance: Property of a private collector from southern Germany, formed in the 1970s - 1980s.<br>The Seller can prove that the lot was obtained legally.<br>Important information. The seller guarantees that he is entitled to ship this lot.<br>The seller will take care that any necessary permits will be arranged.<br>The seller will inform the buyer about this if this takes more than a few days.";"Archaeology";"https://prf.hn/click/camref:1100l5ti9K/creativeref:1100l187865/destination:https%3A%2F%2Fwww.catawiki.com%2Fen%2Fl%2F98906513";"https://assets.catawiki.nl/assets/2025/10/30/f/1/4/f14cf7a2-6b08-42dc-82f9-73b334e3ffd2.jpg";"https://assets.catawiki.nl/assets/2025/10/30/8/a/e/8aea0229-c4af-4f19-97b5-b037788f76e8.jpg";"https://assets.catawiki.nl/assets/2025/10/30/f/f/0/ff0c1272-7d2e-4f85-b536-a6e9f3510475.jpg";"98906513";"6";"2025-11-13 21:37:40"
"Ancient Roman medical tool (No Reserve Price)";"Letter of Provenance<br><br>This document serves as a statement of provenance for this item described.<br><br>The mentioned item has been in the possession of the family of a private collector since the 1990s. It was legally acquired at that time and has remained in private ownership through successive generations.<br><br>To the best of our knowledge, the item has not been subject to any legal dispute, claim, or restriction. It remains in compliance with all applicable laws governing ownership and transfer.<br><br>This statement is issued in good faith and affirms the continuous and legitimate chain of ownership since its acquisition.";"Archaeology";"https://prf.hn/click/camref:1100l5ti9K/creativeref:1100l187865/destination:https%3A%2F%2Fwww.catawiki.com%2Fen%2Fl%2F98896739";"https://assets.catawiki.nl/assets/2025/10/29/6/f/2/6f23e12a-dee8-473a-a1b3-47566ab37b0a.jpg";"https://assets.catawiki.nl/assets/2025/10/29/7/d/2/7d2dd290-ed07-4aef-8e97-0eaaf2b6243f.jpg";"https://assets.catawiki.nl/assets/2025/10/29/0/1/2/01276e3b-0e9f-4868-85f7-f506afa88d30.jpg";"98896739";"1";"2025-11-13 21:42:40"
"Byzantine Bronze - 18mm Siglos 7º/9º DC Ring (No Reserve Price)";"";"Archaeology";"https://prf.hn/click/camref:1100l5ti9K/creativeref:1100l187865/destination:https%3A%2F%2Fwww.catawiki.com%2Fen%2Fl%2F98037300";"https://assets.catawiki.nl/assets/2025/9/21/2/3/7/23775075-ed92-4c6e-9ba1-439fc180e0da.jpg";"https://assets.catawiki.nl/assets/2025/9/21/2/6/5/26522e5d-bed7-4d67-9552-6a23cb94ce29.jpg";"https://assets.catawiki.nl/assets/2025/9/21/0/c/9/0c9d17c3-4b20-401c-b1a6-95e5102502db.jpg";"98037300";"1";"2025-11-13 21:04:20"
"Medieval Bronze, -Ring with a bezel set with a green crystal cabochon,- 17 mm- Ring (No Reserve Price)";"Ring with a bezel set featuring a green stone cabochon.<br>Material: bronze<br>Dimensions: 17 mm inner diameter.<br>Weight: 3.53 g.<br>Period: 13th-15th C AD<br>Condition: excellent patina, usable. See photos.<br><br>Origin<br>Acquired by the current owner in 2004 in Madrid (Spain) at the Art and Antiques market.<br>Collected since: 1970<br>Previous owner history: Private collection of a Spanish collector formed since 1970<br><br>The supplier guarantees that they purchased this part legally.<br><br>This article does not require an export license within the EU.<br><br>Catawiki has seen the documentation that proves this provenance.<br><br>Important information: The seller guarantees that they have the right to sell/export this batch.<br><br>The seller will ensure that all necessary permits are processed.<br>No shipments are made outside the EU.<br><br>IMPORTANT NOTE: This item comes from an ancient private collection, not a company. Its authenticity and period have been verified and acknowledged by Catawiki experts using their own various methods.<br>I suggest that you keep a copy of the auction, which will serve as a certificate of authenticity.<br><br>See images for proper printing<br><br>It is guaranteed that this item is an authentic ancient artifact.<br>We do combined shipments.<br><br>520/DEME 4";"Archaeology";"https://prf.hn/click/camref:1100l5ti9K/creativeref:1100l187865/destination:https%3A%2F%2Fwww.catawiki.com%2Fen%2Fl%2F98182343";"https://assets.catawiki.nl/assets/2025/9/21/c/3/6/c36e757c-3e59-4b2b-ad7c-9b8ca49e4025.jpg";"https://assets.catawiki.nl/assets/2025/9/21/9/0/b/90b319f0-750c-4787-b5f5-b5ab813f8d43.jpg";"https://assets.catawiki.nl/assets/2025/9/21/3/b/3/3b3c909a-273c-411b-9ab0-3b8c98777473.jpg";"98182343";"16";"2025-11-13 20:16:00"
"Luristan Bronze Figure. 1st Millennium AD. 5.4 cm height. (No Reserve Price)";"Figure.<br><br>Luristan, 1st Millennium BC.<br><br>Bronze.<br><br>5.4 cm height.<br><br>PROVENANCE: Private collection, Wilma and Max Schumacher, Netherlands. Acquired before 1970. <br><br>CONDITION: Good condition. <br><br><br><br><br><br><br><br>Notes:<br><br>- The piece includes authenticity certificate.<br>- The piece includes Spanish Export License (Passport for European Union) - If the piece is destined outside the European Union a substitution of the export permit should be requested, can take between 1-2 weeks maximum.<br>- The seller guarantees that he acquired this piece according to all national and international laws related to the ownership of cultural property. Provenance statement seen by Catawiki.<br>";"Archaeology";"https://prf.hn/click/camref:1100l5ti9K/creativeref:1100l187865/destination:https%3A%2F%2Fwww.catawiki.com%2Fen%2Fl%2F97720697";"https://assets.catawiki.nl/assets/2025/9/6/2/1/d/21d1413e-1801-4cff-af0b-e35680f3b71d.jpg";"https://assets.catawiki.nl/assets/2025/9/6/b/4/2/b42daa30-228d-4dfe-b28d-91e34771128e.jpg";"https://assets.catawiki.nl/assets/2025/9/6/1/0/5/10515ade-4de2-49cd-a61d-ac7a3207d0ab.jpg";"97720697";"1";"2025-11-13 21:09:20"
"Bactrian Bronze seal stamp - 3.5 cm (No Reserve Price)";"Letter of Provenance<br><br>This document serves as a statement of provenance for the item described:<br><br><br>The mentioned item has been in the possession of the family of a private collector since the 1990s. It was legally acquired at that time and has remained in private ownership through successive generations.<br><br>To the best of our knowledge, the item has not been subject to any legal dispute, claim, or restriction. It remains in compliance with all applicable laws governing ownership and transfer.<br><br>This statement is issued in good faith and affirms the continuous and legitimate chain of ownership since its acquisition.";"Archaeology";"https://prf.hn/click/camref:1100l5ti9K/creativeref:1100l187865/destination:https%3A%2F%2Fwww.catawiki.com%2Fen%2Fl%2F98928700";"https://assets.catawiki.nl/assets/2025/10/30/e/9/a/e9ab8855-df2b-453c-b69c-4b8e1f9d04ed.jpg";"https://assets.catawiki.nl/assets/2025/10/30/6/f/0/6f0d100b-384a-41ee-816c-ff59c7c3e853.jpg";"https://assets.catawiki.nl/assets/2025/10/30/7/a/0/7a04734d-ccbc-4896-a12a-6bd4b256e01c.jpg";"98928700";"1";"2025-11-13 21:16:50"
"Medieval, Crusaders Era Bronze Ring depicting a pentagram (No Reserve Price)";"ITEM: Ring depicting a pentagram<br>MATERIAL: Bronze<br>CULTURE: Medieval<br>PERIOD: 11th - 14th Century A.D<br>DIMENSIONS: 22 mm diameter<br>CONDITION: Good condition<br>PROVENANCE: Ex German private collection, collected before 1990s<br><br>Medieval rings encompass a wide range of styles, materials, and purposes, reflecting the diversity of cultures and societies throughout the Middle Ages, roughly spanning from the 5th to the 15th century. These rings served various functions, including personal adornment, religious symbolism, social status markers, and even practical uses such as seals or talismans.<br><br>In terms of design, medieval rings were often crafted from precious metals like gold and silver, although rings made from base metals or adorned with gemstones were also common. The designs could range from simple bands to intricate filigree work, engraved patterns, or figurative motifs. Religious symbolism remained prevalent during this period, with rings often featuring Christian symbols like crosses, Chi-Rho monograms, or depictions of saints. Rings were not only worn as expressions of faith but also as symbols of protection and divine favor.<br><br>Medieval rings were not solely reserved for religious purposes; they also played significant roles in social and cultural contexts. Rings were exchanged as tokens of affection, friendship, or alliance, particularly among the nobility and elite classes. Signet rings, bearing personalized engravings or family crests, were used as official seals to authenticate documents and mark ownership. Additionally, rings were often given as gifts to commemorate special occasions such as weddings, births, or coronations, further cementing their importance as symbols of social bonds and status.<br><br>Comes with Certificate of Authenticity and Export license<br><br>If you bid outside the European Union and win the item, we will have to apply for an export licence for your country and shipping will take 3 to 5 weeks.";"Archaeology";"https://prf.hn/click/camref:1100l5ti9K/creativeref:1100l187865/destination:https%3A%2F%2Fwww.catawiki.com%2Fen%2Fl%2F98972980";"https://assets.catawiki.nl/assets/2025/11/2/9/7/3/973fe57c-b258-4551-9276-d1b22ae49b7c.jpg";"https://assets.catawiki.nl/assets/2025/11/2/c/1/1/c11fdc21-8f0c-4eaa-9622-4bffe2e0167c.jpg";"https://assets.catawiki.nl/assets/2025/11/2/d/4/4/d44f42e1-7368-4499-9f9f-b6afb366b107.jpg";"98972980";"25";"2025-11-13 21:24:20"
"Islamic Bronze Ring - Medieval 11th - 14th AD (No Reserve Price)";"Islamic bronze ring – 11th–14th century AD – Ø 15 mm – 7.75 g<br><br>A solid Islamic bronze ring dating to the medieval period (11th–14th century AD), featuring a broad, flattened bezel with softly rounded edges and a thick band tapering evenly toward the base. The ring displays the characteristic simplicity and strength of form found in Islamic metalwork of the time, prioritizing durability and balanced geometry over ornate surface embellishment.<br><br>The dark olive patina with areas of light encrustation attests to its age and authenticity. Likely worn by a man of status or a trader, this ring would have served both as adornment and as a token of identity or faith within the Islamic world. Its compact weight and balanced profile reflect the refined sense of proportion valued in medieval Islamic craftsmanship.<br>Material: Bronze<br>• Dimensions: Internal diameter approximately 15 mm<br>Weight: 7.75 g<br>• Date: 11th–14th Century AD<br>Condition: Very good condition. Intact and stable with natural patina and light wear consistent with age; no modern repairs.<br><br>A bold and timeless artifact of medieval Islamic artistry, embodying both strength and aesthetic restraint through its elegant simplicity.<br><br>Provenance: Acquired from an auction house in 2025, previously owned by a collector from the South of Germany, acquired in the 1980s.";"Archaeology";"https://prf.hn/click/camref:1100l5ti9K/creativeref:1100l187865/destination:https%3A%2F%2Fwww.catawiki.com%2Fen%2Fl%2F98661343";"https://assets.catawiki.nl/assets/2025/10/20/9/0/8/908a89bb-1f9f-482d-888f-5f9877e0a3d8.jpg";"https://assets.catawiki.nl/assets/2025/10/20/4/c/3/4c386ad0-0759-4961-8bd6-0737465136f0.jpg";"https://assets.catawiki.nl/assets/2025/10/20/5/b/4/5b4ce497-d418-483d-89c6-b25443ed2e52.jpg";"98661343";"1";"2025-11-13 20:38:30"
"Early medieval signet ring";"25x21m was acquired by the current owner on March 4, 2023, in Munich, Germany, from person V-P at the archaeology fair. It is private Belgian collection property of Mr. V., acquired from a private collection established in 1995. The seller guarantees that this item was obtained in accordance with all national and international laws regarding the possession of cultural assets. Origin declaration reviewed by Catawbawiki.<br><br>The seller ensures that all necessary permits, such as an export license, are obtained and informs the buyer of their status if this takes longer than a few days.";"Archaeology";"https://prf.hn/click/camref:1100l5ti9K/creativeref:1100l187865/destination:https%3A%2F%2Fwww.catawiki.com%2Fen%2Fl%2F98979317";"https://assets.catawiki.nl/assets/2025/9/17/5/1/8/51815562-7792-45c0-b362-75f85794b465.jpg";"https://assets.catawiki.nl/assets/2025/9/17/3/8/a/38a03e38-e77c-4aa2-aba8-e226e5f2ae2b.jpg";"https://assets.catawiki.nl/assets/2025/9/17/d/b/6/db6a790d-689f-45c8-bc37-709c5c832410.jpg";"98979317";"1";"2025-11-13 20:20:10"
"Bactrian Bronze seal stamp - 3.5 cm (No Reserve Price)";"Letter of Provenance<br><br>This document serves as a statement of provenance for the item described:<br><br><br>The mentioned item has been in the possession of the family of a private collector since the 1990s. It was legally acquired at that time and has remained in private ownership through successive generations.<br><br>To the best of our knowledge, the item has not been subject to any legal dispute, claim, or restriction. It remains in compliance with all applicable laws governing ownership and transfer.<br><br>This statement is issued in good faith and affirms the continuous and legitimate chain of ownership since its acquisition.";"Archaeology";"https://prf.hn/click/camref:1100l5ti9K/creativeref:1100l187865/destination:https%3A%2F%2Fwww.catawiki.com%2Fen%2Fl%2F98928684";"https://assets.catawiki.nl/assets/2025/10/30/6/8/4/684de186-27f7-4384-ac1e-8d62334a5c39.jpg";"https://assets.catawiki.nl/assets/2025/10/30/2/6/d/26dcc4e4-4ced-48d6-8715-0a03c362f896.jpg";"https://assets.catawiki.nl/assets/2025/10/30/5/4/c/54c053f8-484d-49f6-aff5-b41f68999a3e.jpg";"98928684";"1";"2025-11-13 21:20:10"
"Late Roman/Early Byzantine Bone Cross pendant (No Reserve Price)";"Letter of Provenance<br><br>This document serves as a statement of provenance for this item described.<br><br>The mentioned item has been in the possession of the family of a private collector since the 1990s. It was legally acquired at that time and has remained in private ownership through successive generations.<br><br>To the best of our knowledge, the item has not been subject to any legal dispute, claim, or restriction. It remains in compliance with all applicable laws governing ownership and transfer.<br><br>This statement is issued in good faith and affirms the continuous and legitimate chain of ownership since its acquisition.";"Archaeology";"https://prf.hn/click/camref:1100l5ti9K/creativeref:1100l187865/destination:https%3A%2F%2Fwww.catawiki.com%2Fen%2Fl%2F98896868";"https://assets.catawiki.nl/assets/2025/10/29/d/2/f/d2f444d7-7592-4d64-8798-e84b69a76762.jpg";"https://assets.catawiki.nl/assets/2025/10/29/7/a/2/7a263d11-3657-4cf0-baac-91282a1c6c17.jpg";"https://assets.catawiki.nl/assets/2025/10/29/1/8/f/18f404dd-440e-4729-9842-84df296d7883.jpg";"98896868";"3";"2025-11-13 20:36:50"
"Bronze Age Bronze Impressive openwork Sun-Wheel Pendant - 68 mm";"Culture: Northern / Eastern European Bronze Age<br>Date: ca. 800–300 BC<br>Material: Bronze<br>Dimensions: Diameter ca. 68 mm<br>Condition: Intact, with an attractive dark green patina and minor encrustation consistent with age. Mounted on a modern leather cord for display.<br><br>A rare and impressive openwork bronze disc with a radiating sun-wheel design, dating to the Bronze Age / Early Metal Age (ca. 800–300 BC).<br><br>The ornament consists of an outer circular frame connected by seven radiating spokes to a smaller inner ring with subtle lobed projections. <br><br>Objects of this type are interpreted as solar symbols, representing the movement of the sun and its life-giving power — one of the central motifs in Bronze Age cosmology. Such pieces likely served as amulets, ritual ornaments, or decorative mounts in elite or ceremonial contexts.<br><br>A fine example of Bronze Age openwork metal art and an evocative representation of prehistoric solar symbolism.";"Archaeology";"https://prf.hn/click/camref:1100l5ti9K/creativeref:1100l187865/destination:https%3A%2F%2Fwww.catawiki.com%2Fen%2Fl%2F99096855";"https://assets.catawiki.nl/assets/2025/10/29/9/3/7/937dfe01-913b-44d6-8d7f-601ac78c33e6.jpg";"https://assets.catawiki.nl/assets/2025/10/29/4/5/5/455722b7-8aec-4539-b39b-cb7ac207a079.jpg";"https://assets.catawiki.nl/assets/2025/10/29/a/e/e/aeeacc33-9d56-478d-abf8-b41a6aeac6c6.jpg";"99096855";"33";"2025-11-15 17:17:26"
"Blood Coral - Gold-plated, Silver - Ring - CORALLO MEDITERRANEO";"Beautiful and versatile handcrafted ring in Mediterranean coral, crafted and made in Torre del Greco, with an innovative design while maintaining traditions.<br>Total weight 3.98 g<br>Rectangular coral cabochon 16.50mm x 10mm including mount.<br>12.50mm x 5.25mm cabochon<br>Set in 925 silver, gold plated.<br>Adjustable size<br>It will be delivered with gift packaging and a material warranty.";"Archaeology";"https://prf.hn/click/camref:1100l5ti9K/creativeref:1100l187865/destination:https%3A%2F%2Fwww.catawiki.com%2Fen%2Fl%2F98388215";"https://assets.catawiki.nl/assets/2025/9/25/e/3/c/e3c14867-d65f-47b7-97f0-8ec23591cb6e.jpg";"";"https://assets.catawiki.nl/assets/2025/9/25/4/0/6/406ca2ed-a139-424f-b25d-fbed4dba4905.jpg";"98388215";"1";"2025-11-15 17:04:52"
"Ancient Roman Bronze Crossbow Brooch - 68 mm";"A very good condition Ancient Roman Bronze Brooch, Crossbow type, dating to about the 1st - 3rd Century A.D<br>Object acquired in 2025 in London, UK from 'DM' as part of a Private European Collection dating to the pre- 1990s.<br><br>The seller guarantees that he acquired this piece according to all national and international laws related to the ownership of cultural property. Provenance statement seen by Catawiki.<br><br>The seller will take care that any necessary permits, like an export license will be arranged if necessary, and will inform the buyer about the status of it if this takes more than a few days. <br><br>Any lots subjected to additional fees when at the customs office in the destination country, if any, will be paid by the buyer and it is the buyer’s responsibility to contact their customs office to pay any fees and release the item or if there is an extended delay in the processing checks.<br>It is the buyer’s responsibility to be in contact with their customs office to ensure a smooth delivery.";"Archaeology";"https://prf.hn/click/camref:1100l5ti9K/creativeref:1100l187865/destination:https%3A%2F%2Fwww.catawiki.com%2Fen%2Fl%2F99110264";"https://assets.catawiki.nl/assets/2025/10/29/0/6/f/06fde9c2-228c-4cde-8a8b-a5a076bdb89d.jpg";"https://assets.catawiki.nl/assets/2025/10/29/9/3/c/93cdedb5-82d2-4320-8936-28819d481d99.jpg";"https://assets.catawiki.nl/assets/2025/10/29/f/8/2/f8218cb8-9fcf-4103-bfd7-bd9cc0c19dbd.jpg";"99110264";"1";"2025-11-15 17:31:56"
"Silver - Ring - Hand-engraved cameo";"A beautiful ring with a cameo carved on a high-quality Cassis Madagascariensis shell.<br>Cameo profile of a woman, meticulously engraved for those seeking a unique and handcrafted ring.<br>Ring set in rhodium-plated 925 sterling silver.<br>Adjustable size<br>Made by a skilled engraver from Torre del Greco.<br>Total weight 8.95 grams<br>Cameo measurement 34mm x 26mm including mount.<br>It will be delivered with gift packaging and a material warranty.";"Archaeology";"https://prf.hn/click/camref:1100l5ti9K/creativeref:1100l187865/destination:https%3A%2F%2Fwww.catawiki.com%2Fen%2Fl%2F99040010";"https://assets.catawiki.nl/assets/2025/11/5/6/5/3/65347c0c-46ba-4dd3-952a-79c0ba3c0731.jpg";"https://assets.catawiki.nl/assets/2025/11/5/b/d/7/bd793855-ee7d-440c-be08-c6a9d8850177.jpg";"https://assets.catawiki.nl/assets/2025/11/5/7/8/0/7801c5c4-6579-42e1-bb0d-4d77dc8ceb20.jpg";"99040010";"1";"2025-11-15 18:14:28"
"Coral - Silver, Gold-plated - Necklace - Pink Coral";"A timeless classic in pink coral spheres in a skin-tone shade from Asian seas.<br>Handcrafted sphere by sphere in Torre del Greco.<br>Total weight 32.12 grams.<br>Length 52cm<br>Silver closure 925 plated with gold.<br>Sphere 5.60mm-10.85mm<br>It will be delivered with gift packaging and a material warranty.";"Archaeology";"https://prf.hn/click/camref:1100l5ti9K/creativeref:1100l187865/destination:https%3A%2F%2Fwww.catawiki.com%2Fen%2Fl%2F98984825";"https://assets.catawiki.nl/assets/2025/10/27/4/3/6/436d5a3d-cd6c-4271-b9c4-704b27c29de0.jpg";"https://assets.catawiki.nl/assets/2025/10/27/6/e/4/6e4eb7fe-87fa-4a7a-96f5-8f4ba82e1fb6.jpg";"https://assets.catawiki.nl/assets/2025/10/27/8/a/4/8a4a5e0e-7630-47d5-bf9b-d363dfe5a55e.jpg";"98984825";"1";"2025-11-15 18:19:18"
"Coral - Gold-plated, Silver - Bracelet - Corallo Cerasuolo";"Beautiful bracelet both for the silver 925 slave mount plated in gold and for the two hand-engraved floral cameos on sardonic cameo and the large coral button in Cerasuolo.<br>Cammei 25mm<br>15mm button<br>Total weight 31.80 grams<br>Adjustable size";"Archaeology";"https://prf.hn/click/camref:1100l5ti9K/creativeref:1100l187865/destination:https%3A%2F%2Fwww.catawiki.com%2Fen%2Fl%2F98166849";"https://assets.catawiki.nl/assets/2025/4/22/a/b/1/ab1064f7-5060-4a85-acd0-c853261fe97f.jpg";"https://assets.catawiki.nl/assets/2025/4/22/0/7/d/07d8aa86-d971-44be-ba0c-a44e08b8b430.jpg";"https://assets.catawiki.nl/assets/2025/4/22/4/3/2/43247b9d-0628-4e3a-b6b1-9106819601a8.jpg";"98166849";"6";"2025-11-15 17:34:50"
"Baltic Amber Rosary – Honey & Cognac Gemstones on Metal Chain - Amber (No Reserve Price)";"This beautiful rosary combines the timeless beauty of natural Baltic amber with classic craftsmanship. Each bead glows with warm honey and cognac hues, creating a spiritual piece that radiates calm and devotion. Perfect for prayer, meditation, or as a meaningful gift rooted in ancient natural history.<br><br>### Material & Inclusions<br><br>* Genuine Baltic amber from the Eocene period (35–50 million years old)<br>* Natural honey, cognac, and golden tones<br>* Visible ancient inclusions and subtle organic texture in each bead<br>* No synthetic, pressed, or reconstituted materials used<br><br>### Craftsmanship & Design<br><br>* Hand-polished round amber beads connected with sturdy metal links<br>* Traditional five-decade rosary design with a detailed crucifix and central medal<br>* Smooth glossy finish enhances amber’s natural glow<br>* Every piece unique due to natural variations in the amber<br><br>### UV Testing & Authenticity<br><br>* Passes UV fluorescence test with classic greenish-blue glow<br>* 100% natural Baltic amber, not dyed or heat-treated<br>* Carefully handmade in the Baltic region<br><br>### Dimensions<br><br>* Bead diameter: approximately 6–7 mm<br>* Full length of rosary: approximately 47 cm<br>* Crucifix length: approximately 3 cm<br><br>### Condition<br><br>* New, handcrafted condition<br>* No cracks, chips, or repairs<br>* Ready for prayer or gifting immediately<br><br>### Shipping & Packaging<br><br>* Ships securely from Lithuania via registered international airmail<br>* Tracking number provided<br>* Estimated delivery times:<br><br> * Europe: 4–8 business days<br> * USA & Canada: 7–14 business days<br> * Rest of the world: 10–21 business days";"Archaeology";"https://prf.hn/click/camref:1100l5ti9K/creativeref:1100l187865/destination:https%3A%2F%2Fwww.catawiki.com%2Fen%2Fl%2F99056132";"https://assets.catawiki.nl/assets/2025/11/5/b/4/9/b49c83d1-c00a-4e0d-affb-fdc33a7c5014.jpg";"https://assets.catawiki.nl/assets/2025/11/5/f/e/9/fe9be7d4-0e16-4f4d-a6bf-f05dfa19c580.jpg";"https://assets.catawiki.nl/assets/2025/11/5/d/5/7/d576a4ea-4d08-4048-9eb3-664f646f09cc.jpg";"99056132";"2";"2025-11-15 17:27:06"
"Silver, Gold-plated - Ring - Hand-engraved cameo";"Beautiful ring created with a cameo engraved on sardonyx shell at the end of the 1900s in Torre del Greco.<br>925 silver frame plated with gold<br>Adjustable ring<br>Round cameo diameter 25mm<br>Weight 7.91 grams<br>A timeless classic with a more modern frame.<br>It will be delivered with gift packaging and a material warranty.";"Archaeology";"https://prf.hn/click/camref:1100l5ti9K/creativeref:1100l187865/destination:https%3A%2F%2Fwww.catawiki.com%2Fen%2Fl%2F98931282";"https://assets.catawiki.nl/assets/2025/10/22/6/a/f/6af9a816-f6b4-43df-a36d-12b101ff987a.jpg";"https://assets.catawiki.nl/assets/2025/10/22/2/c/6/2c60abd3-d47c-48d2-98ce-c76d70269142.jpg";"https://assets.catawiki.nl/assets/2025/10/22/3/e/b/3eba0631-b3d4-44db-a732-116b595dbfa8.jpg";"98931282";"1";"2025-11-15 18:12:32"
"Silver - Cameo";"Enchanting engraving on a sardonic shell made in the mid-1900s by a skilled engraver from Torre del Greco, F. Madonna, in a unique creation as it is handcrafted and not the usual profile but a face of a woman, almost three-dimensional, beautiful, with her hair gathered and a dove on her shoulder that creates a sensation of peace and well-being just by looking at it.<br>The excellent quality of the shell can be noted from its dark brown color, which further highlights the engraving.<br>This profile expresses elegance, grace, and peace.<br>Oval cameo 50mm length<br>925 silver hook with zircon";"Archaeology";"https://prf.hn/click/camref:1100l5ti9K/creativeref:1100l187865/destination:https%3A%2F%2Fwww.catawiki.com%2Fen%2Fl%2F97047261";"https://assets.catawiki.nl/assets/2025/4/4/c/e/7/ce788f60-49df-4c41-a359-165510f977ad.jpg";"https://assets.catawiki.nl/assets/2025/4/4/9/9/c/99ce0473-9cbd-4558-adad-47ed6b4d1346.jpg";"https://assets.catawiki.nl/assets/2025/4/4/3/6/d/36d44207-25ba-4b48-aea8-1dea3d156151.jpg";"97047261";"1";"2025-11-15 17:59:00"
"Bead - Ancient Rare - Bactrian Bead";"Letter of Provenance<br><br>This document serves as a statement of provenance for the item described <br><br><br>The mentioned item has been in the possession of the family of a private collector since the 1990s. It was legally acquired at that time and has remained in private ownership through successive generations.<br><br>To the best of our knowledge, the item has not been subject to any legal dispute, claim, or restriction. It remains in compliance with all applicable laws governing ownership and transfer.<br><br>This statement is issued in good faith and affirms the continuous and legitimate chain of ownership since its acquisition.";"Archaeology";"https://prf.hn/click/camref:1100l5ti9K/creativeref:1100l187865/destination:https%3A%2F%2Fwww.catawiki.com%2Fen%2Fl%2F98486294";"https://assets.catawiki.nl/assets/2025/10/12/d/3/c/d3c8781d-45f0-41fc-b76c-59c068edaa9c.jpg";"https://assets.catawiki.nl/assets/2025/10/12/2/2/7/22790cda-d567-4b2a-881b-6c9f1b9f9067.jpg";"https://assets.catawiki.nl/assets/2025/10/12/9/b/9/9b94f449-6f84-49fa-b591-1495d0d5e24e.jpg";"98486294";"1";"2025-11-15 17:06:48"
"Coral - Silver, Gold-plated - Bracelet - Pink Coral Engraved";"Unique and ancient engraving for this pink coral bracelet in an enchanting hue, originating from the Asian seas.<br>Anciently worked and engraved, it was crafted by skilled artisans from Torre del Greco.<br>Total weight<br>6.35 g<br>Total length 19cm<br>Closure in 925 silver plated with gold<br>The corals are knotted for better fit and safety.<br>Coralli width 5.50mm<br>For those seeking a unique bracelet with a lot of elegance.<br>It will be delivered with gift packaging and a material warranty.";"Archaeology";"https://prf.hn/click/camref:1100l5ti9K/creativeref:1100l187865/destination:https%3A%2F%2Fwww.catawiki.com%2Fen%2Fl%2F98984727";"https://assets.catawiki.nl/assets/2025/10/20/f/0/9/f09372da-f436-4e1d-805a-315627cde790.jpg";"https://assets.catawiki.nl/assets/2025/10/20/8/1/9/819dc81c-5d36-4b80-a7b2-1f43e7fe3d52.jpg";"https://assets.catawiki.nl/assets/2025/10/20/5/1/2/512a349e-3388-4877-9a41-f82473d023a9.jpg";"98984727";"1";"2025-11-15 17:48:22"
"Celtic Bronze Bangle (No Reserve Price)";"Letter of Provenance<br><br>This document serves as a statement of provenance for the item described.:<br><br><br>The mentioned item has been in the possession of the family of a private collector since the 1990s. It was legally acquired at that time and has remained in private ownership through successive generations.<br><br>To the best of our knowledge, the item has not been subject to any legal dispute, claim, or restriction. It remains in compliance with all applicable laws governing ownership and transfer.<br><br>This statement is issued in good faith and affirms the continuous and legitimate chain of ownership since its acquisition.";"Archaeology";"https://prf.hn/click/camref:1100l5ti9K/creativeref:1100l187865/destination:https%3A%2F%2Fwww.catawiki.com%2Fen%2Fl%2F98585952";"https://assets.catawiki.nl/assets/2025/10/16/f/6/a/f6aa3754-9807-4e8e-a06f-e4900c768931.jpg";"https://assets.catawiki.nl/assets/2025/10/16/8/d/b/8db16492-3452-43e4-ad2b-298f8048f8e1.jpg";"https://assets.catawiki.nl/assets/2025/10/16/1/8/e/18ecddf9-7abd-4676-80c2-4b66c5b6be49.jpg";"98585952";"1";"2025-11-15 18:11:34"
"Gold-plated, Silver - Earrings - Cameo engraved by hand";"A timeless classic: earrings carved on Cassis Rufa shell.<br>Engraved and crafted in Torre del Greco by a skilled engraver.<br>Set in sterling silver 925 gold-plated.<br>Total weight 7.06 g<br>Total length from hook 3cm<br>Total width 20.80mm<br>Round cameos 18mm<br>Mount with closure for a better fit and safety.<br>They will be delivered with gift packaging and material guarantee";"Archaeology";"https://prf.hn/click/camref:1100l5ti9K/creativeref:1100l187865/destination:https%3A%2F%2Fwww.catawiki.com%2Fen%2Fl%2F98513562";"https://assets.catawiki.nl/assets/2025/10/13/f/0/a/f0ae279a-c74c-48da-9c13-3b682943a96d.jpg";"https://assets.catawiki.nl/assets/2025/10/13/5/b/c/5bca3796-be06-46c3-b447-1d37534e2bfe.jpg";"https://assets.catawiki.nl/assets/2025/10/13/2/1/d/21dc9ab5-5f88-4241-99ef-dae3b1fe649f.jpg";"98513562";"1";"2025-11-15 18:04:48"
"Blood Coral - Silver - Bracelet - Mediterranean Coral";"Imposing but always with the elegance of uniqueness, the Torsion bracelet in Mediterranean coral, handcrafted and made in Torre del Greco following the stages of coral processing.<br>Total weight 33.50 grams<br>Length 21cm<br>3 thin fiber in coral Sardinia<br>Closure in sterling silver 925<br>It will be delivered with gift packaging and a material warranty.";"Archaeology";"https://prf.hn/click/camref:1100l5ti9K/creativeref:1100l187865/destination:https%3A%2F%2Fwww.catawiki.com%2Fen%2Fl%2F98084774";"https://assets.catawiki.nl/assets/2025/6/25/4/2/1/42125017-b6ca-4dad-8bef-5c66942a01f1.jpg";"https://assets.catawiki.nl/assets/2025/6/25/6/e/7/6e784770-9b4c-4250-8f4e-642b8c3a886b.jpg";"https://assets.catawiki.nl/assets/2025/6/25/c/c/b/ccbecfab-ad61-4ede-96e2-7e95325bad00.jpg";"98084774";"1";"2025-11-15 17:30:58"
"RARE Butterscotch Amber Bracelet – Natural Fossil Texture - Amber (No Reserve Price)";"This bracelet embodies the gentle charm of natural Baltic amber in creamy butterscotch tones. Each polished bead reveals subtle layers of texture and inclusions, offering a glimpse into the organic beauty shaped by time. Its soft, natural color palette makes it both elegant and versatile — a piece that highlights the authenticity of real amber.<br><br>### Material & Inclusions<br><br>* Genuine Baltic amber in light butterscotch and cream hues<br>* Natural inclusions and marbling within each bead<br>* Polished surface maintaining organic character<br>* Strung on a strong, flexible elastic cord<br><br>### Craftsmanship & Design<br><br>* Handcrafted from authentic Baltic amber<br>* Smooth round beads for a classic and timeless appearance<br>* Unique tone variation – no two beads are identical<br>* Comfortable fit suitable for everyday wear<br><br>### UV Testing & Authenticity<br><br>* Verified under UV light with characteristic natural fluorescence<br>* 100% genuine Baltic amber, not pressed or synthetic<br>* Responsibly sourced and handmade in the Baltic region<br><br>### Dimensions<br><br>* Inner: approx. 6 (elastic fit)<br>* Bead diameter: approx. 13.5 mm<br>* Weight: approx. 21 g<br><br>### Condition<br><br>* New, handmade item<br>* Natural imperfections add to its authenticity<br>* Carefully polished and inspected<br><br>### Shipping & Packaging<br><br>* Ships from Lithuania via registered international airmail<br>* Tracking number provided upon dispatch<br>* Estimated delivery times:<br> * Europe: 4–8 business days<br> * USA & Canada: 7–14 business days<br> * Rest of the world: 10–21 business days<br>";"Archaeology";"https://prf.hn/click/camref:1100l5ti9K/creativeref:1100l187865/destination:https%3A%2F%2Fwww.catawiki.com%2Fen%2Fl%2F99060903";"https://assets.catawiki.nl/assets/2025/11/5/1/6/1/1617c471-1903-4906-b37c-1e67e1cf4e5e.jpg";"https://assets.catawiki.nl/assets/2025/11/5/5/8/b/58b85766-4c08-4bb5-b8d8-9064a326b580.jpg";"https://assets.catawiki.nl/assets/2025/11/5/8/6/2/862f76da-76b6-4dac-a23f-6d13437797ac.jpg";"99060903";"35";"2025-11-15 18:07:42"
"Baltic Amber Teardrop Earrings – Warm Golden Clarity with Ancient Inclusions - Amber (No Reserve Price)";"These handcrafted Baltic amber earrings capture nature’s ancient beauty with modern simplicity. Each drop glows in rich golden tones, revealing natural inclusions suspended in translucent fossil resin — tiny echoes of a prehistoric forest. Elegant and lightweight, they sway gently with every movement, bringing warmth and subtle sophistication to any look.<br><br>### Material & Inclusions<br><br>* Genuine Baltic amber from the Eocene period (35–50 million years old)<br>* Natural honey and cognac hues with visible organic inclusions<br>* Clear, polished surfaces highlighting internal fossil textures<br>* 100% natural amber — never pressed, dyed, or heat-treated<br><br>### Craftsmanship & Design<br><br>* Hand-polished teardrop-shaped amber pieces<br>* Mounted on sterling silver hooks for comfort and durability<br>* Smooth edges and balanced proportions for a graceful drape<br>* Classic minimalist design emphasizing amber’s natural beauty<br>* Each earring pair is unique — inclusions vary beautifully<br><br>### UV Testing & Authenticity<br><br>* Glows under UV light with the characteristic blue-green fluorescence<br>* Certified natural Baltic amber<br>* Handmade and authenticity-verified in the Baltic region<br><br>### Dimensions<br><br>* Amber drops: approximately 27 mm x 18 mm each<br>* Total length with hooks: about 45 mm<br>* Lightweight for comfortable daily wear<br><br>### Condition<br><br>* New, handcrafted condition<br>* No chips or cracks, high polish and transparency<br>* Ready to wear or gift immediately<br><br>### Shipping & Packaging<br><br>* Ships securely from Lithuania via registered international airmail<br>* Tracking number provided<br>* Estimated delivery times:<br> * Europe: 4–8 business days<br> * USA & Canada: 7–14 business days<br> * Rest of the world: 10–21 business days";"Archaeology";"https://prf.hn/click/camref:1100l5ti9K/creativeref:1100l187865/destination:https%3A%2F%2Fwww.catawiki.com%2Fen%2Fl%2F99092382";"https://assets.catawiki.nl/assets/2025/10/6/3/4/3/343765e8-3b38-4eb7-8c49-36c4ec4dfc53.jpg";"https://assets.catawiki.nl/assets/2025/10/6/4/0/2/40297348-8b71-4dce-ad65-78da8cf0d44f.jpg";"https://assets.catawiki.nl/assets/2025/10/6/c/a/4/ca4c8ac8-1135-4e7e-bea9-7a6722fe6d14.jpg";"99092382";"4";"2025-11-15 17:21:18"
